subscription_id,customer_id,plan_id,status,billing_cycle,start_date,end_date,mrr_usd,discount_pct,trial_end_date,cancellation_reason,created_at_x,company_name,industry,company_size,country_code,country_name,timezone,contact_email,contact_name,signup_date,signup_source,is_active_x,churned_at,churn_reason,nps_score,created_at_y,updated_at,plan_name,plan_tier,monthly_price_usd,annual_price_usd,max_users,max_projects,storage_gb,is_active_y,created_at,revenue,is_churned
1,1,1,cancelled,annual,2023-01-31,2023-04-20,0.0,15.0,,Missing features,2026-04-24 22:09:13.186774,Rush Platform,E-commerce,small,FR,France,Europe/Paris,michael.baker@corp.net,Michael Baker,2023-01-31,partner,False,2024-02-26 10:13:36,Outgrew the platform,,2026-04-24 22:09:13.186774,2026-04-24 22:09:13.186774,Free,free,0.0,0.0,5.0,3.0,1,True,2026-04-24 22:09:13.186774,0.0,True
2,1,5,cancelled,annual,2023-04-20,2024-02-26,44.25,10.0,,Switched competitor,2026-04-24 22:09:13.186774,Rush Platform,E-commerce,small,FR,France,Europe/Paris,michael.baker@corp.net,Michael Baker,2023-01-31,partner,False,2024-02-26 10:13:36,Outgrew the platform,,2026-04-24 22:09:13.186774,2026-04-24 22:09:13.186774,Professional Plus,professional,59.0,590.0,100.0,100.0,50,True,2026-04-24 22:09:13.186774,59.0,True
3,2,1,paused,monthly,2023-06-09,,0.0,0.0,,,2026-04-24 22:09:13.186774,TrekStack,Manufacturing,small,CA,Canada,America/Toronto,emily.moore+work@startup.co,Emily Moore,2023-06-09,referral,True,,,,2026-04-24 22:09:13.186774,2026-04-24 22:09:13.186774,Free,free,0.0,0.0,5.0,3.0,1,True,2026-04-24 22:09:13.186774,0.0,False
4,3,1,active,annual,2023-10-28,,0.0,20.0,,,2026-04-24 22:09:13.186774,Wave Group,Education,enterprise,US,United States,America/New_York,olga.robinson@wavegroup.com,Olga Robinson,2023-10-28,organic,True,,,,2026-04-24 22:09:13.186774,2026-04-24 22:09:13.186774,Free,free,0.0,0.0,5.0,3.0,1,True,2026-04-24 22:09:13.186774,0.0,False
5,4,1,expired,annual,2024-04-09,2024-08-10,0.0,15.0,,Budget cuts,2026-04-24 22:09:13.186774,KeenSoftware,Technology,large,GB,United Kingdom,Europe/London,lars.jackson@outlook.com,Lars Jackson,2024-04-09,partner,True,,,7.0,2026-04-24 22:09:13.186774,2026-04-24 22:09:13.186774,Free,free,0.0,0.0,5.0,3.0,1,True,2026-04-24 22:09:13.186774,0.0,False
6,4,6,active,annual,2024-08-10,,82.5,0.0,,,2026-04-24 22:09:13.186774,KeenSoftware,Technology,large,GB,United Kingdom,Europe/London,lars.jackson@outlook.com,Lars Jackson,2024-04-09,partner,True,,,7.0,2026-04-24 22:09:13.186774,2026-04-24 22:09:13.186774,Enterprise,enterprise,99.0,990.0,500.0,,100,True,2026-04-24 22:09:13.186774,99.0,False
7,5,1,cancelled,monthly,2023-10-04,2024-10-01,0.0,10.0,,Missing features,2026-04-24 22:09:13.186774,QuestAnalytics,Logistics,large,US,United States,America/Chicago,joshua.green@yahoo.com,Joshua Green,2023-10-04,partner,True,,,,2026-04-24 22:09:13.186774,2026-04-24 22:09:13.186774,Free,free,0.0,0.0,5.0,3.0,1,True,2026-04-24 22:09:13.186774,0.0,False
8,5,3,active,annual,2024-10-01,,15.83,0.0,,,2026-04-24 22:09:13.186774,QuestAnalytics,Logistics,large,US,United States,America/Chicago,joshua.green@yahoo.com,Joshua Green,2023-10-04,partner,True,,,,2026-04-24 22:09:13.186774,2026-04-24 22:09:13.186774,Starter Plus,starter,19.0,190.0,25.0,20.0,10,True,2026-04-24 22:09:13.186774,19.0,False
9,6,1,paused,monthly,2025-08-23,,0.0,0.0,,,2026-04-24 22:09:13.186774,RiftWorks,Insurance,small,GB,United Kingdom,Europe/London,sofia.williams@outlook.com,Sofia Williams,2025-08-23,partner,True,,,,2026-04-24 22:09:13.186774,2026-04-24 22:09:13.186774,Free,free,0.0,0.0,5.0,3.0,1,True,2026-04-24 22:09:13.186774,0.0,False
10,7,1,active,annual,2024-08-21,,0.0,0.0,,,2026-04-24 22:09:13.186774,PeakIO,Telecommunications,large,CA,Canada,America/Toronto,elizabeth.taylor@tech.dev,Elizabeth Taylor,2024-08-21,paid_ads,True,,,7.0,2026-04-24 22:09:13.186774,2026-04-24 22:09:13.186774,Free,free,0.0,0.0,5.0,3.0,1,True,2026-04-24 22:09:13.186774,0.0,False
11,8,1,active,monthly,2024-04-24,,0.0,0.0,,,2026-04-24 22:09:13.186774,Data Systems,Finance,large,US,United States,America/Los_Angeles,mei.baker@startup.co,Mei Baker,2024-04-24,organic,True,,,,2026-04-24 22:09:13.186774,2026-04-24 22:09:13.186774,Free,free,0.0,0.0,5.0,3.0,1,True,2026-04-24 22:09:13.186774,0.0,False
12,9,1,active,annual,2025-06-15,,0.0,0.0,,,2026-04-24 22:09:13.186774,Iris Hub,Education,enterprise,SG,Singapore,Asia/Singapore,lisa.davis@gmail.com,Lisa Davis,2025-06-15,paid_ads,True,,,,2026-04-24 22:09:13.186774,2026-04-24 22:09:13.186774,Free,free,0.0,0.0,5.0,3.0,1,True,2026-04-24 22:09:13.186774,0.0,False
13,10,5,active,monthly,2025-03-08,,59.0,0.0,2025-03-22,,2026-04-24 22:09:13.186774,GlowSystems,Education,enterprise,SG,Singapore,Asia/Singapore,steven.hill@yahoo.com,Steven Hill,2025-03-08,organic,True,,,,2026-04-24 22:09:13.186774,2026-04-24 22:09:13.186774,Professional Plus,professional,59.0,590.0,100.0,100.0,50,True,2026-04-24 22:09:13.186774,59.0,False
14,11,2,active,annual,2024-06-29,,7.5,25.0,2024-07-13,,2026-04-24 22:09:13.186774,Xenon Cloud,E-commerce,small,GB,United Kingdom,Europe/London,andrew.garcia@outlook.com,Andrew Garcia,2024-06-29,paid_ads,True,,,7.0,2026-04-24 22:09:13.186774,2026-04-24 22:09:13.186774,Starter,starter,12.0,120.0,15.0,10.0,5,True,2026-04-24 22:09:13.186774,12.0,False
15,12,6,active,monthly,2024-10-27,,99.0,0.0,2024-11-10,,2026-04-24 22:09:13.186774,QuarkDev,Manufacturing,small,JP,Japan,Asia/Tokyo,priya.patel@startup.co,Priya Patel,2024-10-27,referral,True,,,,2026-04-24 22:09:13.186774,2026-04-24 22:09:13.186774,Enterprise,enterprise,99.0,990.0,500.0,,100,True,2026-04-24 22:09:13.186774,99.0,False
16,13,1,cancelled,monthly,2025-07-16,2025-09-16,0.0,0.0,,Switched competitor,2026-04-24 22:09:13.186774,Vertex Labs,Real Estate,medium,GB,United Kingdom,Europe/London,Emily.Anderson@gmail.com,Emily Anderson,2025-07-16,referral,False,2025-09-16 01:57:15,Switched to competitor,1.0,2026-04-24 22:09:13.186774,2026-04-24 22:09:13.186774,Free,free,0.0,0.0,5.0,3.0,1,True,2026-04-24 22:09:13.186774,0.0,True
17,14,1,cancelled,annual,2024-02-25,2025-01-03,0.0,0.0,,Too expensive,2026-04-24 22:09:13.186774,Keen Ventures,Consulting,small,CA,Canada,America/Toronto,hassan.clark@startup.co,Hassan Clark,2024-02-25,referral,True,,,,2026-04-24 22:09:13.186774,2026-04-24 22:09:13.186774,Free,free,0.0,0.0,5.0,3.0,1,True,2026-04-24 22:09:13.186774,0.0,False
18,14,5,cancelled,monthly,2025-01-03,2025-05-17,59.0,0.0,,Missing features,2026-04-24 22:09:13.186774,Keen Ventures,Consulting,small,CA,Canada,America/Toronto,hassan.clark@startup.co,Hassan Clark,2024-02-25,referral,True,,,,2026-04-24 22:09:13.186774,2026-04-24 22:09:13.186774,Professional Plus,professional,59.0,590.0,100.0,100.0,50,True,2026-04-24 22:09:13.186774,59.0,False
19,14,6,active,annual,2025-05-17,,74.25,10.0,,,2026-04-24 22:09:13.186774,Keen Ventures,Consulting,small,CA,Canada,America/Toronto,hassan.clark@startup.co,Hassan Clark,2024-02-25,referral,True,,,,2026-04-24 22:09:13.186774,2026-04-24 22:09:13.186774,Enterprise,enterprise,99.0,990.0,500.0,,100,True,2026-04-24 22:09:13.186774,99.0,False
20,15,2,active,monthly,2024-04-18,,12.0,0.0,2024-05-02,,2026-04-24 22:09:13.186774,DataLogic,Insurance,enterprise,US,United States,America/Chicago,jessica.gonzalez@startup.co,Jessica Gonzalez,2024-04-18,referral,True,,,,2026-04-24 22:09:13.186774,2026-04-24 22:09:13.186774,Starter,starter,12.0,120.0,15.0,10.0,5,True,2026-04-24 22:09:13.186774,12.0,False
21,16,2,active,annual,2023-06-18,,10.0,0.0,2023-07-02,,2026-04-24 22:09:13.186774,Iris Labs,Healthcare,enterprise,GB,United Kingdom,Europe/London,william.clark@startup.co,William Clark,2023-06-18,event,True,,,,2026-04-24 22:09:13.186774,2026-04-24 22:09:13.186774,Starter,starter,12.0,120.0,15.0,10.0,5,True,2026-04-24 22:09:13.186774,12.0,False
22,17,2,cancelled,monthly,2024-08-16,2024-12-16,10.2,15.0,2024-08-30,Missing features,2026-04-24 22:09:13.186774,DriftCloud,Legal,enterprise,JP,Japan,Asia/Tokyo,wei.rivera@hotmail.com,Wei Rivera,2024-08-16,organic,True,,,6.0,2026-04-24 22:09:13.186774,2026-04-24 22:09:13.186774,Starter,starter,12.0,120.0,15.0,10.0,5,True,2026-04-24 22:09:13.186774,12.0,False
23,17,5,cancelled,annual,2024-12-16,2025-04-02,49.17,0.0,,Not using it,2026-04-24 22:09:13.186774,DriftCloud,Legal,enterprise,JP,Japan,Asia/Tokyo,wei.rivera@hotmail.com,Wei Rivera,2024-08-16,organic,True,,,6.0,2026-04-24 22:09:13.186774,2026-04-24 22:09:13.186774,Professional Plus,professional,59.0,590.0,100.0,100.0,50,True,2026-04-24 22:09:13.186774,59.0,False
24,17,2,active,monthly,2025-04-02,,9.6,20.0,,,2026-04-24 22:09:13.186774,DriftCloud,Legal,enterprise,JP,Japan,Asia/Tokyo,wei.rivera@hotmail.com,Wei Rivera,2024-08-16,organic,True,,,6.0,2026-04-24 22:09:13.186774,2026-04-24 22:09:13.186774,Starter,starter,12.0,120.0,15.0,10.0,5,True,2026-04-24 22:09:13.186774,12.0,False
25,18,4,active,monthly,2025-06-01,,39.0,0.0,2025-06-15,,2026-04-24 22:09:13.186774,LinkIO,Retail,medium,US,United States,America/Los_Angeles,patricia.allen@linkio.com,Patricia Allen,2025-06-01,partner,True,,,10.0,2026-04-24 22:09:13.186774,2026-04-24 22:09:13.186774,Professional,professional,39.0,390.0,50.0,50.0,25,True,2026-04-24 22:09:13.186774,39.0,False
26,19,3,expired,annual,2024-02-10,2025-01-26,15.83,0.0,2024-02-24,Missing features,2026-04-24 22:09:13.186774,Flow Corp,Logistics,medium,BR,Brazil,America/Sao_Paulo,dorothy.lee@company.io,Dorothy Lee,2024-02-10,referral,False,2025-07-25 09:00:24,Poor support experience,8.0,2026-04-24 22:09:13.186774,2026-04-24 22:09:13.186774,Starter Plus,starter,19.0,190.0,25.0,20.0,10,True,2026-04-24 22:09:13.186774,19.0,True
27,19,4,cancelled,annual,2025-01-26,2025-07-25,32.5,0.0,,,2026-04-24 22:09:13.186774,Flow Corp,Logistics,medium,BR,Brazil,America/Sao_Paulo,dorothy.lee@company.io,Dorothy Lee,2024-02-10,referral,False,2025-07-25 09:00:24,Poor support experience,8.0,2026-04-24 22:09:13.186774,2026-04-24 22:09:13.186774,Professional,professional,39.0,390.0,50.0,50.0,25,True,2026-04-24 22:09:13.186774,39.0,True
28,20,6,active,annual,2025-06-19,,82.5,0.0,2025-07-03,,2026-04-24 22:09:13.186774,AcmeHQ,Real Estate,small,US,United States,America/Chicago,paul.wilson@company.io,Paul Wilson,2025-06-19,event,True,,,7.0,2026-04-24 22:09:13.186774,2026-04-24 22:09:13.186774,Enterprise,enterprise,99.0,990.0,500.0,,100,True,2026-04-24 22:09:13.186774,99.0,False
29,21,4,active,monthly,2023-04-20,,39.0,0.0,2023-05-04,,2026-04-24 22:09:13.186774,NexusStack,Logistics,enterprise,JP,Japan,Asia/Tokyo,karen.nelson@nexusstack.com,Karen Nelson,2023-04-20,partner,True,,,6.0,2026-04-24 22:09:13.186774,2026-04-24 22:09:13.186774,Professional,professional,39.0,390.0,50.0,50.0,25,True,2026-04-24 22:09:13.186774,39.0,False
30,22,5,active,annual,2023-12-08,,49.17,0.0,2023-12-22,,2026-04-24 22:09:13.186774,Onyx Analytics,Media,medium,DE,Germany,Europe/Berlin,ana.brown@onyxanalytics.com,Ana Brown,2023-12-08,event,True,,,,2026-04-24 22:09:13.186774,2026-04-24 22:09:13.186774,Professional Plus,professional,59.0,590.0,100.0,100.0,50,True,2026-04-24 22:09:13.186774,59.0,False
31,23,6,cancelled,annual,2025-05-04,2025-09-11,82.5,0.0,2025-05-18,Not using it,2026-04-24 22:09:13.186774,KitePro,Legal,medium,JP,Japan,Asia/Tokyo,james.davis@yahoo.com,James Davis,2025-05-04,organic,True,,,7.0,2026-04-24 22:09:13.186774,2026-04-24 22:09:13.186774,Enterprise,enterprise,99.0,990.0,500.0,,100,True,2026-04-24 22:09:13.186774,99.0,False
32,23,1,cancelled,monthly,2025-09-11,2025-11-10,0.0,0.0,,Not using it,2026-04-24 22:09:13.186774,KitePro,Legal,medium,JP,Japan,Asia/Tokyo,james.davis@yahoo.com,James Davis,2025-05-04,organic,True,,,7.0,2026-04-24 22:09:13.186774,2026-04-24 22:09:13.186774,Free,free,0.0,0.0,5.0,3.0,1,True,2026-04-24 22:09:13.186774,0.0,False
33,23,3,active,annual,2025-11-10,,15.83,0.0,,,2026-04-24 22:09:13.186774,KitePro,Legal,medium,JP,Japan,Asia/Tokyo,james.davis@yahoo.com,James Davis,2025-05-04,organic,True,,,7.0,2026-04-24 22:09:13.186774,2026-04-24 22:09:13.186774,Starter Plus,starter,19.0,190.0,25.0,20.0,10,True,2026-04-24 22:09:13.186774,19.0,False
34,24,3,active,annual,2025-06-24,,15.83,0.0,2025-07-08,,2026-04-24 22:09:13.186774,TidalStudio,Insurance,enterprise,US,United States,America/New_York,daniel.wilson@company.io,Daniel Wilson,2025-06-24,paid_ads,True,,,,2026-04-24 22:09:13.186774,2026-04-24 22:09:13.186774,Starter Plus,starter,19.0,190.0,25.0,20.0,10,True,2026-04-24 22:09:13.186774,19.0,False
35,25,1,active,monthly,2025-06-03,,0.0,25.0,,,2026-04-24 22:09:13.186774,PulseSolutions,Insurance,small,AU,Australia,Australia/Sydney,mary.lopez@startup.co,Mary Lopez,2025-06-03,referral,True,,,4.0,2026-04-24 22:09:13.186774,2026-04-24 22:09:13.186774,Free,free,0.0,0.0,5.0,3.0,1,True,2026-04-24 22:09:13.186774,0.0,False
36,26,4,cancelled,monthly,2023-07-17,2023-12-01,33.15,15.0,2023-07-31,Too expensive,2026-04-24 22:09:13.186774,YieldAI,E-commerce,small,CA,Canada,America/Toronto,daniel.martin@yieldai.com,Daniel Martin,2023-07-17,event,True,,,2.0,2026-04-24 22:09:13.186774,2026-04-24 22:09:13.186774,Professional,professional,39.0,390.0,50.0,50.0,25,True,2026-04-24 22:09:13.186774,39.0,False
37,26,6,active,monthly,2023-12-01,,99.0,0.0,,,2026-04-24 22:09:13.186774,YieldAI,E-commerce,small,CA,Canada,America/Toronto,daniel.martin@yieldai.com,Daniel Martin,2023-07-17,event,True,,,2.0,2026-04-24 22:09:13.186774,2026-04-24 22:09:13.186774,Enterprise,enterprise,99.0,990.0,500.0,,100,True,2026-04-24 22:09:13.186774,99.0,False
38,27,1,cancelled,monthly,2023-09-29,2024-04-14,0.0,0.0,,Switched competitor,2026-04-24 22:09:13.186774,WaveStack,Logistics,enterprise,JP,Japan,Asia/Tokyo,lisa.johnson@yahoo.com,Lisa Johnson,2023-09-29,organic,False,2025-02-03 08:53:39,Budget cuts,6.0,2026-04-24 22:09:13.186774,2026-04-24 22:09:13.186774,Free,free,0.0,0.0,5.0,3.0,1,True,2026-04-24 22:09:13.186774,0.0,True
39,27,3,expired,monthly,2024-04-14,2024-09-22,19.0,0.0,,Not using it,2026-04-24 22:09:13.186774,WaveStack,Logistics,enterprise,JP,Japan,Asia/Tokyo,lisa.johnson@yahoo.com,Lisa Johnson,2023-09-29,organic,False,2025-02-03 08:53:39,Budget cuts,6.0,2026-04-24 22:09:13.186774,2026-04-24 22:09:13.186774,Starter Plus,starter,19.0,190.0,25.0,20.0,10,True,2026-04-24 22:09:13.186774,19.0,True
40,27,4,cancelled,annual,2024-09-22,2025-02-03,32.5,0.0,,Switched competitor,2026-04-24 22:09:13.186774,WaveStack,Logistics,enterprise,JP,Japan,Asia/Tokyo,lisa.johnson@yahoo.com,Lisa Johnson,2023-09-29,organic,False,2025-02-03 08:53:39,Budget cuts,6.0,2026-04-24 22:09:13.186774,2026-04-24 22:09:13.186774,Professional,professional,39.0,390.0,50.0,50.0,25,True,2026-04-24 22:09:13.186774,39.0,True
41,28,3,cancelled,monthly,2023-03-13,2024-01-12,14.25,25.0,2023-03-27,,2026-04-24 22:09:13.186774,Keen Software,Education,small,FR,France,Europe/Paris,margaret.smith@hotmail.com,Margaret Smith,2023-03-13,organic,True,,,,2026-04-24 22:09:13.186774,2026-04-24 22:09:13.186774,Starter Plus,starter,19.0,190.0,25.0,20.0,10,True,2026-04-24 22:09:13.186774,19.0,False
42,28,3,active,monthly,2024-01-12,,19.0,0.0,,,2026-04-24 22:09:13.186774,Keen Software,Education,small,FR,France,Europe/Paris,margaret.smith@hotmail.com,Margaret Smith,2023-03-13,organic,True,,,,2026-04-24 22:09:13.186774,2026-04-24 22:09:13.186774,Starter Plus,starter,19.0,190.0,25.0,20.0,10,True,2026-04-24 22:09:13.186774,19.0,False
43,29,2,expired,annual,2024-03-06,2024-12-20,10.0,0.0,2024-03-20,Missing features,2026-04-24 22:09:13.186774,QuestSystems,Education,medium,DE,Germany,Europe/Berlin,wei.clark@questsystems.com,Wei Clark,2024-03-06,paid_ads,True,,,9.0,2026-04-24 22:09:13.186774,2026-04-24 22:09:13.186774,Starter,starter,12.0,120.0,15.0,10.0,5,True,2026-04-24 22:09:13.186774,12.0,False
44,29,3,expired,monthly,2024-12-20,2025-06-05,19.0,0.0,,Company reorganization,2026-04-24 22:09:13.186774,QuestSystems,Education,medium,DE,Germany,Europe/Berlin,wei.clark@questsystems.com,Wei Clark,2024-03-06,paid_ads,True,,,9.0,2026-04-24 22:09:13.186774,2026-04-24 22:09:13.186774,Starter Plus,starter,19.0,190.0,25.0,20.0,10,True,2026-04-24 22:09:13.186774,19.0,False
45,29,5,active,annual,2025-06-05,,49.17,0.0,,,2026-04-24 22:09:13.186774,QuestSystems,Education,medium,DE,Germany,Europe/Berlin,wei.clark@questsystems.com,Wei Clark,2024-03-06,paid_ads,True,,,9.0,2026-04-24 22:09:13.186774,2026-04-24 22:09:13.186774,Professional Plus,professional,59.0,590.0,100.0,100.0,50,True,2026-04-24 22:09:13.186774,59.0,False
46,30,2,active,monthly,2024-04-21,,12.0,0.0,2024-05-05,,2026-04-24 22:09:13.186774,NexusVentures,Media,enterprise,US,United States,America/New_York,karen.jackson@corp.net,Karen Jackson,2024-04-21,referral,True,,,,2026-04-24 22:09:13.186774,2026-04-24 22:09:13.186774,Starter,starter,12.0,120.0,15.0,10.0,5,True,2026-04-24 22:09:13.186774,12.0,False
47,31,4,active,monthly,2023-08-19,,39.0,0.0,2023-09-02,,2026-04-24 22:09:13.186774,VineSolutions,Education,medium,SG,Singapore,Asia/Singapore,aisha.flores@hotmail.com,Aisha Flores,2023-08-19,referral,True,,,2.0,2026-04-24 22:09:13.186774,2026-04-24 22:09:13.186774,Professional,professional,39.0,390.0,50.0,50.0,25,True,2026-04-24 22:09:13.186774,39.0,False
48,32,3,active,annual,2025-05-31,,15.83,0.0,2025-06-14,,2026-04-24 22:09:13.186774,Arc Stack,Real Estate,small,FR,France,Europe/Paris,carlos.harris@gmail.com,Carlos Harris,2025-05-31,paid_ads,True,,,7.0,2026-04-24 22:09:13.186774,2026-04-24 22:09:13.186774,Starter Plus,starter,19.0,190.0,25.0,20.0,10,True,2026-04-24 22:09:13.186774,19.0,False
49,33,5,active,monthly,2025-08-30,,59.0,0.0,2025-09-13,,2026-04-24 22:09:13.186774,SageDev,Media,small,US,United States,America/Chicago,sandra.rodriguez@tech.dev,Sandra Rodriguez,2025-08-30,organic,True,,,9.0,2026-04-24 22:09:13.186774,2026-04-24 22:09:13.186774,Professional Plus,professional,59.0,590.0,100.0,100.0,50,True,2026-04-24 22:09:13.186774,59.0,False
50,34,3,cancelled,monthly,2024-06-17,2025-02-04,19.0,0.0,2024-07-01,Missing features,2026-04-24 22:09:13.186774,JadeHQ,Legal,enterprise,CA,Canada,America/Toronto,mark.taylor@protonmail.com,Mark Taylor,2024-06-17,event,True,,,7.0,2026-04-24 22:09:13.186774,2026-04-24 22:09:13.186774,Starter Plus,starter,19.0,190.0,25.0,20.0,10,True,2026-04-24 22:09:13.186774,19.0,False
51,34,4,active,monthly,2025-02-04,,33.15,15.0,,,2026-04-24 22:09:13.186774,JadeHQ,Legal,enterprise,CA,Canada,America/Toronto,mark.taylor@protonmail.com,Mark Taylor,2024-06-17,event,True,,,7.0,2026-04-24 22:09:13.186774,2026-04-24 22:09:13.186774,Professional,professional,39.0,390.0,50.0,50.0,25,True,2026-04-24 22:09:13.186774,39.0,False
52,35,2,active,annual,2024-02-22,,10.0,0.0,2024-03-07,,2026-04-24 22:09:13.186774,PulseAnalytics,Telecommunications,medium,US,United States,America/Chicago,david.martinez@pulseanalytics.com,David Martinez,2024-02-22,organic,True,,,2.0,2026-04-24 22:09:13.186774,2026-04-24 22:09:13.186774,Starter,starter,12.0,120.0,15.0,10.0,5,True,2026-04-24 22:09:13.186774,12.0,False
53,36,5,active,monthly,2025-09-03,,59.0,0.0,2025-09-17,,2026-04-24 22:09:13.186774,YieldHub,Legal,small,BR,Brazil,America/Sao_Paulo,Matthew.Walker@startup.co,Matthew Walker,2025-09-03,partner,True,,,9.0,2026-04-24 22:09:13.186774,2026-04-24 22:09:13.186774,Professional Plus,professional,59.0,590.0,100.0,100.0,50,True,2026-04-24 22:09:13.186774,59.0,False
54,37,3,cancelled,annual,2025-10-01,2025-12-01,15.83,0.0,2025-10-15,Switched competitor,2026-04-24 22:09:13.186774,Flux Labs,Manufacturing,small,SG,Singapore,Asia/Singapore,fatima.tanaka@enterprise.com,Fatima Tanaka,2025-10-01,organic,True,,,7.0,2026-04-24 22:09:13.186774,2026-04-24 22:09:13.186774,Starter Plus,starter,19.0,190.0,25.0,20.0,10,True,2026-04-24 22:09:13.186774,19.0,False
55,37,4,active,monthly,2025-12-01,,39.0,0.0,,,2026-04-24 22:09:13.186774,Flux Labs,Manufacturing,small,SG,Singapore,Asia/Singapore,fatima.tanaka@enterprise.com,Fatima Tanaka,2025-10-01,organic,True,,,7.0,2026-04-24 22:09:13.186774,2026-04-24 22:09:13.186774,Professional,professional,39.0,390.0,50.0,50.0,25,True,2026-04-24 22:09:13.186774,39.0,False
56,38,2,expired,monthly,2025-06-19,2025-09-16,12.0,0.0,2025-07-03,Company reorganization,2026-04-24 22:09:13.186774,FlowStack,Retail,medium,US,United States,America/Los_Angeles,patricia.taylor@company.io,Patricia Taylor,2025-06-19,organic,True,,,,2026-04-24 22:09:13.186774,2026-04-24 22:09:13.186774,Starter,starter,12.0,120.0,15.0,10.0,5,True,2026-04-24 22:09:13.186774,12.0,False
57,38,6,active,annual,2025-09-16,,82.5,0.0,,,2026-04-24 22:09:13.186774,FlowStack,Retail,medium,US,United States,America/Los_Angeles,patricia.taylor@company.io,Patricia Taylor,2025-06-19,organic,True,,,,2026-04-24 22:09:13.186774,2026-04-24 22:09:13.186774,Enterprise,enterprise,99.0,990.0,500.0,,100,True,2026-04-24 22:09:13.186774,99.0,False
58,39,1,active,monthly,2025-08-30,,0.0,0.0,,,2026-04-24 22:09:13.186774,QuarkTech,Legal,medium,US,United States,America/New_York,daniel.anderson@gmail.com,Daniel Anderson,2025-08-30,paid_ads,True,,,,2026-04-24 22:09:13.186774,2026-04-24 22:09:13.186774,Free,free,0.0,0.0,5.0,3.0,1,True,2026-04-24 22:09:13.186774,0.0,False
59,40,2,active,annual,2025-02-04,,10.0,0.0,2025-02-18,,2026-04-24 22:09:13.186774,PulseDigital,Healthcare,medium,GB,United Kingdom,Europe/London,sandra.hall@corp.net,Sandra Hall,2025-02-04,paid_ads,True,,,,2026-04-24 22:09:13.186774,2026-04-24 22:09:13.186774,Starter,starter,12.0,120.0,15.0,10.0,5,True,2026-04-24 22:09:13.186774,12.0,False
60,41,2,active,monthly,2025-04-30,,12.0,0.0,2025-05-14,,2026-04-24 22:09:13.186774,TidalSystems,Telecommunications,small,BR,Brazil,America/Sao_Paulo,fatima.harris@outlook.com,Fatima Harris,2025-04-30,referral,True,,,9.0,2026-04-24 22:09:13.186774,2026-04-24 22:09:13.186774,Starter,starter,12.0,120.0,15.0,10.0,5,True,2026-04-24 22:09:13.186774,12.0,False
61,42,5,active,annual,2025-09-10,,49.17,0.0,2025-09-24,,2026-04-24 22:09:13.186774,KeenAI,Manufacturing,large,IN,India,Asia/Kolkata,robert.allen+nimbus@keenai.com,Robert Allen,2025-09-10,referral,True,,,,2026-04-24 22:09:13.186774,2026-04-24 22:09:13.186774,Professional Plus,professional,59.0,590.0,100.0,100.0,50,True,2026-04-24 22:09:13.186774,59.0,False
62,43,5,cancelled,annual,2025-04-25,2025-07-29,49.17,0.0,2025-05-09,Company reorganization,2026-04-24 22:09:13.186774,TrekDigital,Legal,medium,SG,Singapore,Asia/Singapore,sarah.flores@enterprise.com,Sarah Flores,2025-04-25,referral,True,,,9.0,2026-04-24 22:09:13.186774,2026-04-24 22:09:13.186774,Professional Plus,professional,59.0,590.0,100.0,100.0,50,True,2026-04-24 22:09:13.186774,59.0,False
63,43,4,expired,monthly,2025-07-29,2025-10-28,33.15,15.0,,Missing features,2026-04-24 22:09:13.186774,TrekDigital,Legal,medium,SG,Singapore,Asia/Singapore,sarah.flores@enterprise.com,Sarah Flores,2025-04-25,referral,True,,,9.0,2026-04-24 22:09:13.186774,2026-04-24 22:09:13.186774,Professional,professional,39.0,390.0,50.0,50.0,25,True,2026-04-24 22:09:13.186774,39.0,False
64,43,1,active,monthly,2025-10-28,,0.0,0.0,,,2026-04-24 22:09:13.186774,TrekDigital,Legal,medium,SG,Singapore,Asia/Singapore,sarah.flores@enterprise.com,Sarah Flores,2025-04-25,referral,True,,,9.0,2026-04-24 22:09:13.186774,2026-04-24 22:09:13.186774,Free,free,0.0,0.0,5.0,3.0,1,True,2026-04-24 22:09:13.186774,0.0,False
65,44,6,expired,annual,2025-03-27,2025-10-06,82.5,0.0,2025-04-10,Too expensive,2026-04-24 22:09:13.186774,Drift Ventures,Real Estate,large,AU,Australia,Australia/Sydney,lisa.johnson@enterprise.com,Lisa Johnson,2025-03-27,event,True,,,8.0,2026-04-24 22:09:13.186774,2026-04-24 22:09:13.186774,Enterprise,enterprise,99.0,990.0,500.0,,100,True,2026-04-24 22:09:13.186774,99.0,False
66,44,1,active,monthly,2025-10-06,,0.0,25.0,,,2026-04-24 22:09:13.186774,Drift Ventures,Real Estate,large,AU,Australia,Australia/Sydney,lisa.johnson@enterprise.com,Lisa Johnson,2025-03-27,event,True,,,8.0,2026-04-24 22:09:13.186774,2026-04-24 22:09:13.186774,Free,free,0.0,0.0,5.0,3.0,1,True,2026-04-24 22:09:13.186774,0.0,False
67,45,1,active,monthly,2024-05-17,,0.0,0.0,,,2026-04-24 22:09:13.186774,JadeLabs,E-commerce,small,GB,United Kingdom,Europe/London,olga.clark@enterprise.com,Olga Clark,2024-05-17,organic,True,,,6.0,2026-04-24 22:09:13.186774,2026-04-24 22:09:13.186774,Free,free,0.0,0.0,5.0,3.0,1,True,2026-04-24 22:09:13.186774,0.0,False
68,46,1,active,annual,2024-12-20,,0.0,0.0,,,2026-04-24 22:09:13.186774,SagePlatform,Real Estate,small,CA,Canada,America/Toronto,kimberly.king@tech.dev,Kimberly King,2024-12-20,partner,True,,,5.0,2026-04-24 22:09:13.186774,2026-04-24 22:09:13.186774,Free,free,0.0,0.0,5.0,3.0,1,True,2026-04-24 22:09:13.186774,0.0,False
69,47,4,expired,annual,2024-06-21,2025-02-18,32.5,0.0,2024-07-05,Budget cuts,2026-04-24 22:09:13.186774,UltraSystems,Insurance,large,US,United States,America/Los_Angeles,richard.wilson@corp.net,Richard Wilson,2024-06-21,partner,True,,,,2026-04-24 22:09:13.186774,2026-04-24 22:09:13.186774,Professional,professional,39.0,390.0,50.0,50.0,25,True,2026-04-24 22:09:13.186774,39.0,False
70,47,3,active,monthly,2025-02-18,,19.0,0.0,,,2026-04-24 22:09:13.186774,UltraSystems,Insurance,large,US,United States,America/Los_Angeles,richard.wilson@corp.net,Richard Wilson,2024-06-21,partner,True,,,,2026-04-24 22:09:13.186774,2026-04-24 22:09:13.186774,Starter Plus,starter,19.0,190.0,25.0,20.0,10,True,2026-04-24 22:09:13.186774,19.0,False
71,48,3,expired,monthly,2025-08-24,2025-10-28,19.0,0.0,2025-09-07,,2026-04-24 22:09:13.186774,SyncPlatform,Education,small,FR,France,Europe/Paris,paul.rodriguez@tech.dev,Paul Rodriguez,2025-08-24,event,False,2025-10-29 13:03:59,Not enough users,0.0,2026-04-24 22:09:13.186774,2026-04-24 22:09:13.186774,Starter Plus,starter,19.0,190.0,25.0,20.0,10,True,2026-04-24 22:09:13.186774,19.0,True
72,48,2,cancelled,monthly,2025-10-28,2025-12-28,12.0,0.0,,Missing features,2026-04-24 22:09:13.186774,SyncPlatform,Education,small,FR,France,Europe/Paris,paul.rodriguez@tech.dev,Paul Rodriguez,2025-08-24,event,False,2025-10-29 13:03:59,Not enough users,0.0,2026-04-24 22:09:13.186774,2026-04-24 22:09:13.186774,Starter,starter,12.0,120.0,15.0,10.0,5,True,2026-04-24 22:09:13.186774,12.0,True
73,48,6,cancelled,annual,2025-12-28,2025-10-29,70.12,15.0,,Missing features,2026-04-24 22:09:13.186774,SyncPlatform,Education,small,FR,France,Europe/Paris,paul.rodriguez@tech.dev,Paul Rodriguez,2025-08-24,event,False,2025-10-29 13:03:59,Not enough users,0.0,2026-04-24 22:09:13.186774,2026-04-24 22:09:13.186774,Enterprise,enterprise,99.0,990.0,500.0,,100,True,2026-04-24 22:09:13.186774,99.0,True
74,49,1,active,monthly,2024-10-06,,0.0,0.0,,,2026-04-24 22:09:13.186774,EchoIO,Finance,small,DE,Germany,Europe/Berlin,kenji.walker@echoio.com,Kenji Walker,2024-10-06,event,True,,,9.0,2026-04-24 22:09:13.186774,2026-04-24 22:09:13.186774,Free,free,0.0,0.0,5.0,3.0,1,True,2026-04-24 22:09:13.186774,0.0,False
75,50,1,expired,monthly,2024-08-25,2024-11-07,0.0,0.0,,Not using it,2026-04-24 22:09:13.186774,Warp Corp,Real Estate,medium,BR,Brazil,America/Sao_Paulo,joseph.singh@enterprise.com,Joseph Singh,2024-08-25,referral,True,,,8.0,2026-04-24 22:09:13.186774,2026-04-24 22:09:13.186774,Free,free,0.0,0.0,5.0,3.0,1,True,2026-04-24 22:09:13.186774,0.0,False
76,50,2,expired,monthly,2024-11-07,2025-04-03,12.0,0.0,,Budget cuts,2026-04-24 22:09:13.186774,Warp Corp,Real Estate,medium,BR,Brazil,America/Sao_Paulo,joseph.singh@enterprise.com,Joseph Singh,2024-08-25,referral,True,,,8.0,2026-04-24 22:09:13.186774,2026-04-24 22:09:13.186774,Starter,starter,12.0,120.0,15.0,10.0,5,True,2026-04-24 22:09:13.186774,12.0,False
77,50,1,active,annual,2025-04-03,,0.0,0.0,,,2026-04-24 22:09:13.186774,Warp Corp,Real Estate,medium,BR,Brazil,America/Sao_Paulo,joseph.singh@enterprise.com,Joseph Singh,2024-08-25,referral,True,,,8.0,2026-04-24 22:09:13.186774,2026-04-24 22:09:13.186774,Free,free,0.0,0.0,5.0,3.0,1,True,2026-04-24 22:09:13.186774,0.0,False
78,51,3,active,annual,2024-12-06,,15.83,0.0,2024-12-20,,2026-04-24 22:09:13.186774,WarpSoftware,Education,large,US,United States,America/Chicago,william.thomas@gmail.com,William Thomas,2024-12-06,event,True,,,5.0,2026-04-24 22:09:13.186774,2026-04-24 22:09:13.186774,Starter Plus,starter,19.0,190.0,25.0,20.0,10,True,2026-04-24 22:09:13.186774,19.0,False
79,52,1,cancelled,annual,2024-10-25,2025-03-07,0.0,25.0,,Missing features,2026-04-24 22:09:13.186774,Orbit Analytics,Insurance,enterprise,SG,Singapore,Asia/Singapore,emily.nelson@outlook.com,Emily Nelson,2024-10-25,event,False,2025-03-07 03:52:26,No longer needed,0.0,2026-04-24 22:09:13.186774,2026-04-24 22:09:13.186774,Free,free,0.0,0.0,5.0,3.0,1,True,2026-04-24 22:09:13.186774,0.0,True
80,53,3,expired,annual,2024-05-20,2024-12-20,15.83,0.0,2024-06-03,,2026-04-24 22:09:13.186774,MistPro,Telecommunications,small,CA,Canada,America/Toronto,linda.robinson@protonmail.com,Linda Robinson,2024-05-20,organic,True,,,10.0,2026-04-24 22:09:13.186774,2026-04-24 22:09:13.186774,Starter Plus,starter,19.0,190.0,25.0,20.0,10,True,2026-04-24 22:09:13.186774,19.0,False
81,53,1,active,annual,2024-12-20,,0.0,0.0,,,2026-04-24 22:09:13.186774,MistPro,Telecommunications,small,CA,Canada,America/Toronto,linda.robinson@protonmail.com,Linda Robinson,2024-05-20,organic,True,,,10.0,2026-04-24 22:09:13.186774,2026-04-24 22:09:13.186774,Free,free,0.0,0.0,5.0,3.0,1,True,2026-04-24 22:09:13.186774,0.0,False
82,54,1,active,monthly,2025-02-20,,0.0,0.0,,,2026-04-24 22:09:13.186774,Orbit Ops,Retail,enterprise,BR,Brazil,America/Sao_Paulo,emily.johnson@protonmail.com,Emily Johnson,2025-02-20,event,True,,,8.0,2026-04-24 22:09:13.186774,2026-04-24 22:09:13.186774,Free,free,0.0,0.0,5.0,3.0,1,True,2026-04-24 22:09:13.186774,0.0,False
83,55,2,cancelled,monthly,2023-12-04,2024-05-31,10.8,10.0,2023-12-18,Too expensive,2026-04-24 22:09:13.186774,LunaVentures,Retail,medium,US,United States,America/Chicago,donald.thompson@outlook.com,Donald Thompson,2023-12-04,organic,True,,,8.0,2026-04-24 22:09:13.186774,2026-04-24 22:09:13.186774,Starter,starter,12.0,120.0,15.0,10.0,5,True,2026-04-24 22:09:13.186774,12.0,False
84,55,4,active,monthly,2024-05-31,,31.2,20.0,,,2026-04-24 22:09:13.186774,LunaVentures,Retail,medium,US,United States,America/Chicago,donald.thompson@outlook.com,Donald Thompson,2023-12-04,organic,True,,,8.0,2026-04-24 22:09:13.186774,2026-04-24 22:09:13.186774,Professional,professional,39.0,390.0,50.0,50.0,25,True,2026-04-24 22:09:13.186774,39.0,False
85,56,2,expired,annual,2024-07-09,2025-03-08,10.0,0.0,2024-07-23,Switched competitor,2026-04-24 22:09:13.186774,Flow Works,Education,small,US,United States,America/Chicago,lars.sanchez@gmail.com,Lars Sanchez,2024-07-09,referral,True,,,7.0,2026-04-24 22:09:13.186774,2026-04-24 22:09:13.186774,Starter,starter,12.0,120.0,15.0,10.0,5,True,2026-04-24 22:09:13.186774,12.0,False
86,56,5,active,monthly,2025-03-08,,59.0,0.0,,,2026-04-24 22:09:13.186774,Flow Works,Education,small,US,United States,America/Chicago,lars.sanchez@gmail.com,Lars Sanchez,2024-07-09,referral,True,,,7.0,2026-04-24 22:09:13.186774,2026-04-24 22:09:13.186774,Professional Plus,professional,59.0,590.0,100.0,100.0,50,True,2026-04-24 22:09:13.186774,59.0,False
87,57,4,active,annual,2024-10-07,,32.5,0.0,2024-10-21,,2026-04-24 22:09:13.186774,OnyxHQ,E-commerce,small,JP,Japan,Asia/Tokyo,david.jackson@onyxhq.com,David Jackson,2024-10-07,organic,True,,,4.0,2026-04-24 22:09:13.186774,2026-04-24 22:09:13.186774,Professional,professional,39.0,390.0,50.0,50.0,25,True,2026-04-24 22:09:13.186774,39.0,False
88,58,3,active,monthly,2025-09-30,,19.0,0.0,2025-10-14,,2026-04-24 22:09:13.186774,Hub HQ,Healthcare,large,US,United States,America/Los_Angeles,ashley.rivera@startup.co,Ashley Rivera,2025-09-30,partner,True,,,4.0,2026-04-24 22:09:13.186774,2026-04-24 22:09:13.186774,Starter Plus,starter,19.0,190.0,25.0,20.0,10,True,2026-04-24 22:09:13.186774,19.0,False
89,59,2,active,monthly,2023-01-03,,12.0,0.0,2023-01-17,,2026-04-24 22:09:13.186774,MistDev,Finance,enterprise,US,United States,America/Chicago,sarah.singh@tech.dev,Sarah Singh,2023-01-03,referral,True,,,8.0,2026-04-24 22:09:13.186774,2026-04-24 22:09:13.186774,Starter,starter,12.0,120.0,15.0,10.0,5,True,2026-04-24 22:09:13.186774,12.0,False
90,60,1,cancelled,annual,2023-09-02,2024-08-08,0.0,0.0,,Switched competitor,2026-04-24 22:09:13.186774,JetHQ,Marketing,small,JP,Japan,Asia/Tokyo,priya.wright@hotmail.com,Priya Wright,2023-09-02,organic,True,,,9.0,2026-04-24 22:09:13.186774,2026-04-24 22:09:13.186774,Free,free,0.0,0.0,5.0,3.0,1,True,2026-04-24 22:09:13.186774,0.0,False
91,60,5,active,monthly,2024-08-08,,59.0,0.0,,,2026-04-24 22:09:13.186774,JetHQ,Marketing,small,JP,Japan,Asia/Tokyo,priya.wright@hotmail.com,Priya Wright,2023-09-02,organic,True,,,9.0,2026-04-24 22:09:13.186774,2026-04-24 22:09:13.186774,Professional Plus,professional,59.0,590.0,100.0,100.0,50,True,2026-04-24 22:09:13.186774,59.0,False
92,61,1,cancelled,monthly,2023-02-07,2025-09-10,0.0,0.0,,Switched competitor,2026-04-24 22:09:13.186774,UltraPro,Telecommunications,enterprise,AU,Australia,Australia/Sydney,matthew.nelson@yahoo.com,Matthew Nelson,2023-02-07,referral,False,2025-09-10 19:31:16,Company closed,,2026-04-24 22:09:13.186774,2026-04-24 22:09:13.186774,Free,free,0.0,0.0,5.0,3.0,1,True,2026-04-24 22:09:13.186774,0.0,True
93,62,3,cancelled,monthly,2024-12-10,2025-08-24,19.0,0.0,2024-12-24,Company reorganization,2026-04-24 22:09:13.186774,GridDev,Technology,large,US,United States,America/Los_Angeles,anthony.adams@protonmail.com,Anthony Adams,2024-12-10,organic,True,,,6.0,2026-04-24 22:09:13.186774,2026-04-24 22:09:13.186774,Starter Plus,starter,19.0,190.0,25.0,20.0,10,True,2026-04-24 22:09:13.186774,19.0,False
94,62,3,active,monthly,2025-08-24,,16.15,15.0,,,2026-04-24 22:09:13.186774,GridDev,Technology,large,US,United States,America/Los_Angeles,anthony.adams@protonmail.com,Anthony Adams,2024-12-10,organic,True,,,6.0,2026-04-24 22:09:13.186774,2026-04-24 22:09:13.186774,Starter Plus,starter,19.0,190.0,25.0,20.0,10,True,2026-04-24 22:09:13.186774,19.0,False
95,63,1,cancelled,annual,2025-02-03,2025-06-29,0.0,0.0,,,2026-04-24 22:09:13.186774,UltraStack,Insurance,medium,JP,Japan,Asia/Tokyo,john.flores@protonmail.com,John Flores,2025-02-03,referral,False,2025-04-12 05:33:23,,,2026-04-24 22:09:13.186774,2026-04-24 22:09:13.186774,Free,free,0.0,0.0,5.0,3.0,1,True,2026-04-24 22:09:13.186774,0.0,True
96,63,4,cancelled,monthly,2025-06-29,2025-04-12,39.0,0.0,,Switched competitor,2026-04-24 22:09:13.186774,UltraStack,Insurance,medium,JP,Japan,Asia/Tokyo,john.flores@protonmail.com,John Flores,2025-02-03,referral,False,2025-04-12 05:33:23,,,2026-04-24 22:09:13.186774,2026-04-24 22:09:13.186774,Professional,professional,39.0,390.0,50.0,50.0,25,True,2026-04-24 22:09:13.186774,39.0,True
97,64,2,active,annual,2024-06-27,,10.0,0.0,2024-07-11,,2026-04-24 22:09:13.186774,CoreSolutions,Telecommunications,small,US,United States,America/New_York,charles.muller@coresolutions.com,Charles Muller,2024-06-27,paid_ads,True,,,,2026-04-24 22:09:13.186774,2026-04-24 22:09:13.186774,Starter,starter,12.0,120.0,15.0,10.0,5,True,2026-04-24 22:09:13.186774,12.0,False
98,65,1,active,annual,2023-01-10,,0.0,15.0,,,2026-04-24 22:09:13.186774,Yield Group,Logistics,small,CA,Canada,America/Toronto,emily.martinez@enterprise.com,Emily Martinez,2023-01-10,paid_ads,True,,,6.0,2026-04-24 22:09:13.186774,2026-04-24 22:09:13.186774,Free,free,0.0,0.0,5.0,3.0,1,True,2026-04-24 22:09:13.186774,0.0,False
99,66,1,active,monthly,2025-05-23,,0.0,0.0,,,2026-04-24 22:09:13.186774,EdgeHQ,Real Estate,small,SG,Singapore,Asia/Singapore,margaret.hall@hotmail.com,Margaret Hall,2025-05-23,event,True,,,8.0,2026-04-24 22:09:13.186774,2026-04-24 22:09:13.186774,Free,free,0.0,0.0,5.0,3.0,1,True,2026-04-24 22:09:13.186774,0.0,False
100,67,1,active,monthly,2025-05-02,,0.0,0.0,,,2026-04-24 22:09:13.186774,Quest Logic,Education,small,BR,Brazil,America/Sao_Paulo,kenji.baker@corp.net,Kenji Baker,2025-05-02,organic,True,,,9.0,2026-04-24 22:09:13.186774,2026-04-24 22:09:13.186774,Free,free,0.0,0.0,5.0,3.0,1,True,2026-04-24 22:09:13.186774,0.0,False
101,68,6,cancelled,annual,2024-03-27,2025-02-03,82.5,0.0,2024-04-10,Budget cuts,2026-04-24 22:09:13.186774,Quark Ops,Insurance,large,SG,Singapore,Asia/Singapore,fatima.santos@gmail.com,Fatima Santos,2024-03-27,organic,False,2025-02-03 09:30:22,,8.0,2026-04-24 22:09:13.186774,2026-04-24 22:09:13.186774,Enterprise,enterprise,99.0,990.0,500.0,,100,True,2026-04-24 22:09:13.186774,99.0,True
102,69,1,active,annual,2023-10-30,,0.0,0.0,,,2026-04-24 22:09:13.186774,Ion Dynamics,Telecommunications,small,JP,Japan,Asia/Tokyo,steven.moore@enterprise.com,Steven Moore,2023-10-30,referral,True,,,3.0,2026-04-24 22:09:13.186774,2026-04-24 22:09:13.186774,Free,free,0.0,0.0,5.0,3.0,1,True,2026-04-24 22:09:13.186774,0.0,False
103,70,1,expired,monthly,2024-02-09,2024-12-20,0.0,0.0,,Switched competitor,2026-04-24 22:09:13.186774,JetHub,Retail,large,FR,France,Europe/Paris,fatima.sanchez@jethub.com,Fatima Sanchez,2024-02-09,event,False,2025-04-30 18:25:58,Switched to competitor,5.0,2026-04-24 22:09:13.186774,2026-04-24 22:09:13.186774,Free,free,0.0,0.0,5.0,3.0,1,True,2026-04-24 22:09:13.186774,0.0,True
104,70,4,cancelled,monthly,2024-12-20,2025-04-30,39.0,0.0,,Company reorganization,2026-04-24 22:09:13.186774,JetHub,Retail,large,FR,France,Europe/Paris,fatima.sanchez@jethub.com,Fatima Sanchez,2024-02-09,event,False,2025-04-30 18:25:58,Switched to competitor,5.0,2026-04-24 22:09:13.186774,2026-04-24 22:09:13.186774,Professional,professional,39.0,390.0,50.0,50.0,25,True,2026-04-24 22:09:13.186774,39.0,True
105,71,5,cancelled,monthly,2024-09-16,2025-08-02,59.0,0.0,2024-09-30,Budget cuts,2026-04-24 22:09:13.186774,LinkLogic,Marketing,small,SG,Singapore,Asia/Singapore,Joseph.Walker@tech.dev,Joseph Walker,2024-09-16,event,True,,,9.0,2026-04-24 22:09:13.186774,2026-04-24 22:09:13.186774,Professional Plus,professional,59.0,590.0,100.0,100.0,50,True,2026-04-24 22:09:13.186774,59.0,False
106,71,7,active,monthly,2025-08-02,,199.0,0.0,,,2026-04-24 22:09:13.186774,LinkLogic,Marketing,small,SG,Singapore,Asia/Singapore,Joseph.Walker@tech.dev,Joseph Walker,2024-09-16,event,True,,,9.0,2026-04-24 22:09:13.186774,2026-04-24 22:09:13.186774,Enterprise Custom,enterprise,199.0,1990.0,,,500,True,2026-04-24 22:09:13.186774,199.0,False
107,72,1,expired,monthly,2025-08-30,2025-10-30,0.0,0.0,,,2026-04-24 22:09:13.186774,Cloud AI,Education,medium,US,United States,America/Chicago,michael.thomas@enterprise.com,Michael Thomas,2025-08-30,organic,True,,,,2026-04-24 22:09:13.186774,2026-04-24 22:09:13.186774,Free,free,0.0,0.0,5.0,3.0,1,True,2026-04-24 22:09:13.186774,0.0,False
108,72,2,active,monthly,2025-10-30,,12.0,0.0,,,2026-04-24 22:09:13.186774,Cloud AI,Education,medium,US,United States,America/Chicago,michael.thomas@enterprise.com,Michael Thomas,2025-08-30,organic,True,,,,2026-04-24 22:09:13.186774,2026-04-24 22:09:13.186774,Starter,starter,12.0,120.0,15.0,10.0,5,True,2026-04-24 22:09:13.186774,12.0,False
109,73,2,active,monthly,2024-01-15,,9.6,20.0,2024-01-29,,2026-04-24 22:09:13.186774,LinkPro,Telecommunications,medium,SG,Singapore,Asia/Singapore,michael.santos@linkpro.com,Michael Santos,2024-01-15,organic,True,,,5.0,2026-04-24 22:09:13.186774,2026-04-24 22:09:13.186774,Starter,starter,12.0,120.0,15.0,10.0,5,True,2026-04-24 22:09:13.186774,12.0,False
110,74,3,active,annual,2023-08-06,,15.83,0.0,2023-08-20,,2026-04-24 22:09:13.186774,GridOps,Telecommunications,large,IN,India,Asia/Kolkata,patricia.sanchez@gridops.com,Patricia Sanchez,2023-08-06,organic,True,,,1.0,2026-04-24 22:09:13.186774,2026-04-24 22:09:13.186774,Starter Plus,starter,19.0,190.0,25.0,20.0,10,True,2026-04-24 22:09:13.186774,19.0,False
111,75,1,cancelled,monthly,2024-09-02,2025-01-22,0.0,0.0,,Missing features,2026-04-24 22:09:13.186774,NovaTech,Media,small,BR,Brazil,America/Sao_Paulo,susan.ivanov@yahoo.com,Susan Ivanov,2024-09-02,referral,False,2025-01-22 09:10:45,No longer needed,6.0,2026-04-24 22:09:13.186774,2026-04-24 22:09:13.186774,Free,free,0.0,0.0,5.0,3.0,1,True,2026-04-24 22:09:13.186774,0.0,True
112,76,3,expired,annual,2023-03-07,2023-10-21,15.83,0.0,2023-03-21,Switched competitor,2026-04-24 22:09:13.186774,Wave Platform,Real Estate,small,US,United States,America/New_York,barbara.taylor@waveplatform.com,Barbara Taylor,2023-03-07,referral,True,,,,2026-04-24 22:09:13.186774,2026-04-24 22:09:13.186774,Starter Plus,starter,19.0,190.0,25.0,20.0,10,True,2026-04-24 22:09:13.186774,19.0,False
113,76,2,active,annual,2023-10-21,,10.0,0.0,,,2026-04-24 22:09:13.186774,Wave Platform,Real Estate,small,US,United States,America/New_York,barbara.taylor@waveplatform.com,Barbara Taylor,2023-03-07,referral,True,,,,2026-04-24 22:09:13.186774,2026-04-24 22:09:13.186774,Starter,starter,12.0,120.0,15.0,10.0,5,True,2026-04-24 22:09:13.186774,12.0,False
114,77,4,cancelled,monthly,2025-05-17,2025-08-02,39.0,0.0,2025-05-31,Too expensive,2026-04-24 22:09:13.186774,Nexus AI,Legal,enterprise,SG,Singapore,Asia/Singapore,dorothy.martin@gmail.com,Dorothy Martin,2025-05-17,referral,True,,,,2026-04-24 22:09:13.186774,2026-04-24 22:09:13.186774,Professional,professional,39.0,390.0,50.0,50.0,25,True,2026-04-24 22:09:13.186774,39.0,False
115,77,4,active,monthly,2025-08-02,,39.0,0.0,,,2026-04-24 22:09:13.186774,Nexus AI,Legal,enterprise,SG,Singapore,Asia/Singapore,dorothy.martin@gmail.com,Dorothy Martin,2025-05-17,referral,True,,,,2026-04-24 22:09:13.186774,2026-04-24 22:09:13.186774,Professional,professional,39.0,390.0,50.0,50.0,25,True,2026-04-24 22:09:13.186774,39.0,False
116,78,5,active,monthly,2024-09-11,,59.0,0.0,2024-09-25,,2026-04-24 22:09:13.186774,Rush Group,Logistics,medium,JP,Japan,Asia/Tokyo,yuki.lee@protonmail.com,Yuki Lee,2024-09-11,referral,True,,,,2026-04-24 22:09:13.186774,2026-04-24 22:09:13.186774,Professional Plus,professional,59.0,590.0,100.0,100.0,50,True,2026-04-24 22:09:13.186774,59.0,False
117,79,4,cancelled,annual,2025-01-17,2025-07-31,32.5,0.0,2025-01-31,Company reorganization,2026-04-24 22:09:13.186774,PeakStack,Media,large,GB,United Kingdom,Europe/London,margaret.lewis@enterprise.com,Margaret Lewis,2025-01-17,organic,False,2025-07-31 17:43:43,Company closed,,2026-04-24 22:09:13.186774,2026-04-24 22:09:13.186774,Professional,professional,39.0,390.0,50.0,50.0,25,True,2026-04-24 22:09:13.186774,39.0,True
118,80,5,active,monthly,2024-08-23,,59.0,0.0,2024-09-06,,2026-04-24 22:09:13.186774,JetOps,Healthcare,small,US,United States,America/Chicago,jennifer.ramirez@yahoo.com,Jennifer Ramirez,2024-08-23,organic,True,,,8.0,2026-04-24 22:09:13.186774,2026-04-24 22:09:13.186774,Professional Plus,professional,59.0,590.0,100.0,100.0,50,True,2026-04-24 22:09:13.186774,59.0,False
119,81,4,expired,annual,2023-06-08,2023-12-15,27.62,15.0,2023-06-22,Budget cuts,2026-04-24 22:09:13.186774,WaveOps,Manufacturing,enterprise,FR,France,Europe/Paris,patricia.jackson@corp.net,Patricia Jackson,2023-06-08,organic,True,,,3.0,2026-04-24 22:09:13.186774,2026-04-24 22:09:13.186774,Professional,professional,39.0,390.0,50.0,50.0,25,True,2026-04-24 22:09:13.186774,39.0,False
120,81,5,active,monthly,2023-12-15,,47.2,20.0,,,2026-04-24 22:09:13.186774,WaveOps,Manufacturing,enterprise,FR,France,Europe/Paris,patricia.jackson@corp.net,Patricia Jackson,2023-06-08,organic,True,,,3.0,2026-04-24 22:09:13.186774,2026-04-24 22:09:13.186774,Professional Plus,professional,59.0,590.0,100.0,100.0,50,True,2026-04-24 22:09:13.186774,59.0,False
121,82,4,active,monthly,2023-10-07,,39.0,0.0,2023-10-21,,2026-04-24 22:09:13.186774,Orbit Corp,Retail,medium,BR,Brazil,America/Sao_Paulo,donna.baker+test@orbitcorp.com,Donna Baker,2023-10-07,organic,True,,,6.0,2026-04-24 22:09:13.186774,2026-04-24 22:09:13.186774,Professional,professional,39.0,390.0,50.0,50.0,25,True,2026-04-24 22:09:13.186774,39.0,False
122,83,1,active,monthly,2024-03-05,,0.0,0.0,,,2026-04-24 22:09:13.186774,LunaDigital,Manufacturing,small,US,United States,America/Los_Angeles,ahmed.green@tech.dev,Ahmed Green,2024-03-05,organic,True,,,6.0,2026-04-24 22:09:13.186774,2026-04-24 22:09:13.186774,Free,free,0.0,0.0,5.0,3.0,1,True,2026-04-24 22:09:13.186774,0.0,False
123,84,1,active,monthly,2024-03-10,,0.0,0.0,,,2026-04-24 22:09:13.186774,ZealVentures,Telecommunications,small,US,United States,America/Los_Angeles,william.kim@protonmail.com,William Kim,2024-03-10,referral,True,,,6.0,2026-04-24 22:09:13.186774,2026-04-24 22:09:13.186774,Free,free,0.0,0.0,5.0,3.0,1,True,2026-04-24 22:09:13.186774,0.0,False
124,85,1,active,monthly,2023-07-29,,0.0,0.0,,,2026-04-24 22:09:13.186774,Rift Ops,Real Estate,medium,JP,Japan,Asia/Tokyo,Wei.Martin@riftops.com,Wei Martin,2023-07-29,event,True,,,4.0,2026-04-24 22:09:13.186774,2026-04-24 22:09:13.186774,Free,free,0.0,0.0,5.0,3.0,1,True,2026-04-24 22:09:13.186774,0.0,False
125,86,4,active,monthly,2025-06-01,,35.1,10.0,2025-06-15,,2026-04-24 22:09:13.186774,Flux Pro,Manufacturing,small,US,United States,America/Los_Angeles,matthew.wright@fluxpro.com,Matthew Wright,2025-06-01,referral,True,,,7.0,2026-04-24 22:09:13.186774,2026-04-24 22:09:13.186774,Professional,professional,39.0,390.0,50.0,50.0,25,True,2026-04-24 22:09:13.186774,39.0,False
126,87,4,cancelled,monthly,2024-09-24,2025-08-02,39.0,0.0,2024-10-08,Missing features,2026-04-24 22:09:13.186774,UltraVentures,Manufacturing,large,SG,Singapore,Asia/Singapore,anthony.jackson+nimbus@yahoo.com,Anthony Jackson,2024-09-24,organic,True,,,,2026-04-24 22:09:13.186774,2026-04-24 22:09:13.186774,Professional,professional,39.0,390.0,50.0,50.0,25,True,2026-04-24 22:09:13.186774,39.0,False
127,87,2,active,monthly,2025-08-02,,12.0,0.0,,,2026-04-24 22:09:13.186774,UltraVentures,Manufacturing,large,SG,Singapore,Asia/Singapore,anthony.jackson+nimbus@yahoo.com,Anthony Jackson,2024-09-24,organic,True,,,,2026-04-24 22:09:13.186774,2026-04-24 22:09:13.186774,Starter,starter,12.0,120.0,15.0,10.0,5,True,2026-04-24 22:09:13.186774,12.0,False
128,88,1,cancelled,annual,2025-03-08,2025-10-22,0.0,0.0,,Not using it,2026-04-24 22:09:13.186774,FlowCorp,E-commerce,medium,BR,Brazil,America/Sao_Paulo,betty.king@company.io,Betty King,2025-03-08,organic,False,2025-10-22 06:02:56,,3.0,2026-04-24 22:09:13.186774,2026-04-24 22:09:13.186774,Free,free,0.0,0.0,5.0,3.0,1,True,2026-04-24 22:09:13.186774,0.0,True
129,89,6,active,annual,2025-02-16,,61.88,25.0,2025-03-02,,2026-04-24 22:09:13.186774,WavePro,Logistics,enterprise,US,United States,America/Los_Angeles,jessica.miller@corp.net,Jessica Miller,2025-02-16,referral,True,,,9.0,2026-04-24 22:09:13.186774,2026-04-24 22:09:13.186774,Enterprise,enterprise,99.0,990.0,500.0,,100,True,2026-04-24 22:09:13.186774,99.0,False
130,90,3,active,monthly,2023-03-11,,19.0,0.0,2023-03-25,,2026-04-24 22:09:13.186774,DriftHub,Real Estate,medium,SG,Singapore,Asia/Singapore,andrew.adams@company.io,Andrew Adams,2023-03-11,event,True,,,,2026-04-24 22:09:13.186774,2026-04-24 22:09:13.186774,Starter Plus,starter,19.0,190.0,25.0,20.0,10,True,2026-04-24 22:09:13.186774,19.0,False
131,91,4,expired,monthly,2025-09-27,2025-11-27,39.0,0.0,2025-10-11,Budget cuts,2026-04-24 22:09:13.186774,LinkAI,Healthcare,small,CA,Canada,America/Toronto,mark.williams@outlook.com,Mark Williams,2025-09-27,organic,True,,,,2026-04-24 22:09:13.186774,2026-04-24 22:09:13.186774,Professional,professional,39.0,390.0,50.0,50.0,25,True,2026-04-24 22:09:13.186774,39.0,False
132,91,3,active,monthly,2025-11-27,,19.0,0.0,,,2026-04-24 22:09:13.186774,LinkAI,Healthcare,small,CA,Canada,America/Toronto,mark.williams@outlook.com,Mark Williams,2025-09-27,organic,True,,,,2026-04-24 22:09:13.186774,2026-04-24 22:09:13.186774,Starter Plus,starter,19.0,190.0,25.0,20.0,10,True,2026-04-24 22:09:13.186774,19.0,False
133,92,5,cancelled,annual,2023-06-04,2023-09-26,49.17,0.0,2023-06-18,Too expensive,2026-04-24 22:09:13.186774,DriftVentures,Insurance,large,US,United States,America/New_York,mark.tanaka@corp.net,Mark Tanaka,2023-06-04,organic,True,,,9.0,2026-04-24 22:09:13.186774,2026-04-24 22:09:13.186774,Professional Plus,professional,59.0,590.0,100.0,100.0,50,True,2026-04-24 22:09:13.186774,59.0,False
134,92,1,active,annual,2023-09-26,,0.0,0.0,,,2026-04-24 22:09:13.186774,DriftVentures,Insurance,large,US,United States,America/New_York,mark.tanaka@corp.net,Mark Tanaka,2023-06-04,organic,True,,,9.0,2026-04-24 22:09:13.186774,2026-04-24 22:09:13.186774,Free,free,0.0,0.0,5.0,3.0,1,True,2026-04-24 22:09:13.186774,0.0,False
135,93,4,active,monthly,2024-01-17,,39.0,0.0,2024-01-31,,2026-04-24 22:09:13.186774,TrekTech,Finance,small,GB,United Kingdom,Europe/London,yuki.lewis@corp.net,Yuki Lewis,2024-01-17,organic,True,,,9.0,2026-04-24 22:09:13.186774,2026-04-24 22:09:13.186774,Professional,professional,39.0,390.0,50.0,50.0,25,True,2026-04-24 22:09:13.186774,39.0,False
136,94,1,cancelled,monthly,2023-12-08,2025-06-05,0.0,0.0,,,2026-04-24 22:09:13.186774,OnyxStack,Marketing,small,JP,Japan,Asia/Tokyo,fatima.harris@corp.net,Fatima Harris,2023-12-08,event,False,2025-06-05 10:37:34,No longer needed,,2026-04-24 22:09:13.186774,2026-04-24 22:09:13.186774,Free,free,0.0,0.0,5.0,3.0,1,True,2026-04-24 22:09:13.186774,0.0,True
137,95,4,expired,annual,2024-11-17,2025-06-29,32.5,0.0,2024-12-01,Company reorganization,2026-04-24 22:09:13.186774,PeakNet,Finance,medium,FR,France,Europe/Paris,jennifer.martin@company.io,Jennifer Martin,2024-11-17,referral,True,,,,2026-04-24 22:09:13.186774,2026-04-24 22:09:13.186774,Professional,professional,39.0,390.0,50.0,50.0,25,True,2026-04-24 22:09:13.186774,39.0,False
138,95,3,cancelled,monthly,2025-06-29,2025-10-20,19.0,0.0,,Switched competitor,2026-04-24 22:09:13.186774,PeakNet,Finance,medium,FR,France,Europe/Paris,jennifer.martin@company.io,Jennifer Martin,2024-11-17,referral,True,,,,2026-04-24 22:09:13.186774,2026-04-24 22:09:13.186774,Starter Plus,starter,19.0,190.0,25.0,20.0,10,True,2026-04-24 22:09:13.186774,19.0,False
139,95,5,active,annual,2025-10-20,,49.17,0.0,,,2026-04-24 22:09:13.186774,PeakNet,Finance,medium,FR,France,Europe/Paris,jennifer.martin@company.io,Jennifer Martin,2024-11-17,referral,True,,,,2026-04-24 22:09:13.186774,2026-04-24 22:09:13.186774,Professional Plus,professional,59.0,590.0,100.0,100.0,50,True,2026-04-24 22:09:13.186774,59.0,False
140,96,2,expired,monthly,2023-05-21,2024-05-12,12.0,0.0,2023-06-04,Too expensive,2026-04-24 22:09:13.186774,PeakOps,Marketing,small,IN,India,Asia/Kolkata,karen.lopez@enterprise.com,Karen Lopez,2023-05-21,organic,False,2024-09-21 11:55:43,,6.0,2026-04-24 22:09:13.186774,2026-04-24 22:09:13.186774,Starter,starter,12.0,120.0,15.0,10.0,5,True,2026-04-24 22:09:13.186774,12.0,True
141,96,6,cancelled,monthly,2024-05-12,2024-09-21,99.0,0.0,,Switched competitor,2026-04-24 22:09:13.186774,PeakOps,Marketing,small,IN,India,Asia/Kolkata,karen.lopez@enterprise.com,Karen Lopez,2023-05-21,organic,False,2024-09-21 11:55:43,,6.0,2026-04-24 22:09:13.186774,2026-04-24 22:09:13.186774,Enterprise,enterprise,99.0,990.0,500.0,,100,True,2026-04-24 22:09:13.186774,99.0,True
142,97,2,active,monthly,2023-06-19,,10.8,10.0,2023-07-03,,2026-04-24 22:09:13.186774,QuestWorks,Real Estate,small,BR,Brazil,America/Sao_Paulo,matthew.martinez@corp.net,Matthew Martinez,2023-06-19,partner,True,,,7.0,2026-04-24 22:09:13.186774,2026-04-24 22:09:13.186774,Starter,starter,12.0,120.0,15.0,10.0,5,True,2026-04-24 22:09:13.186774,12.0,False
143,98,2,expired,annual,2025-08-27,2025-10-30,10.0,0.0,2025-09-10,Company reorganization,2026-04-24 22:09:13.186774,Vine HQ,E-commerce,medium,GB,United Kingdom,Europe/London,karen.tanaka@hotmail.com,Karen Tanaka,2025-08-27,organic,True,,,9.0,2026-04-24 22:09:13.186774,2026-04-24 22:09:13.186774,Starter,starter,12.0,120.0,15.0,10.0,5,True,2026-04-24 22:09:13.186774,12.0,False
144,98,3,active,annual,2025-10-30,,15.83,0.0,,,2026-04-24 22:09:13.186774,Vine HQ,E-commerce,medium,GB,United Kingdom,Europe/London,karen.tanaka@hotmail.com,Karen Tanaka,2025-08-27,organic,True,,,9.0,2026-04-24 22:09:13.186774,2026-04-24 22:09:13.186774,Starter Plus,starter,19.0,190.0,25.0,20.0,10,True,2026-04-24 22:09:13.186774,19.0,False
145,99,1,expired,monthly,2024-07-21,2025-03-17,0.0,0.0,,Budget cuts,2026-04-24 22:09:13.186774,GlowDev,Finance,enterprise,GB,United Kingdom,Europe/London,hassan.hill@enterprise.com,Hassan Hill,2024-07-21,referral,True,,,,2026-04-24 22:09:13.186774,2026-04-24 22:09:13.186774,Free,free,0.0,0.0,5.0,3.0,1,True,2026-04-24 22:09:13.186774,0.0,False
146,99,3,active,monthly,2025-03-17,,19.0,0.0,,,2026-04-24 22:09:13.186774,GlowDev,Finance,enterprise,GB,United Kingdom,Europe/London,hassan.hill@enterprise.com,Hassan Hill,2024-07-21,referral,True,,,,2026-04-24 22:09:13.186774,2026-04-24 22:09:13.186774,Starter Plus,starter,19.0,190.0,25.0,20.0,10,True,2026-04-24 22:09:13.186774,19.0,False
147,100,2,active,monthly,2025-06-24,,12.0,0.0,2025-07-08,,2026-04-24 22:09:13.186774,SyncTech,Education,medium,JP,Japan,Asia/Tokyo,elizabeth.santos@hotmail.com,Elizabeth Santos,2025-06-24,organic,True,,,2.0,2026-04-24 22:09:13.186774,2026-04-24 22:09:13.186774,Starter,starter,12.0,120.0,15.0,10.0,5,True,2026-04-24 22:09:13.186774,12.0,False
148,101,1,active,annual,2023-10-21,,0.0,0.0,,,2026-04-24 22:09:13.186774,PulseLogic,Marketing,small,US,United States,America/New_York,charles.miller@pulselogic.com,Charles Miller,2023-10-21,referral,True,,,9.0,2026-04-24 22:09:13.186774,2026-04-24 22:09:13.186774,Free,free,0.0,0.0,5.0,3.0,1,True,2026-04-24 22:09:13.186774,0.0,False
149,102,2,cancelled,annual,2023-05-05,2025-03-17,10.0,0.0,2023-05-19,Too expensive,2026-04-24 22:09:13.186774,Flow Labs,Education,small,US,United States,America/Los_Angeles,kimberly.patel@protonmail.com,Kimberly Patel,2023-05-05,referral,False,2025-03-17 04:13:50,,,2026-04-24 22:09:13.186774,2026-04-24 22:09:13.186774,Starter,starter,12.0,120.0,15.0,10.0,5,True,2026-04-24 22:09:13.186774,12.0,True
150,103,2,active,monthly,2023-01-02,,10.8,10.0,2023-01-16,,2026-04-24 22:09:13.186774,EdgeSystems,Consulting,medium,JP,Japan,Asia/Tokyo,mary.green@yahoo.com,Mary Green,2023-01-02,referral,True,,,7.0,2026-04-24 22:09:13.186774,2026-04-24 22:09:13.186774,Starter,starter,12.0,120.0,15.0,10.0,5,True,2026-04-24 22:09:13.186774,12.0,False
151,104,2,expired,monthly,2023-09-17,2024-06-28,10.8,10.0,2023-10-01,Budget cuts,2026-04-24 22:09:13.186774,Hive Dynamics,Media,enterprise,JP,Japan,Asia/Tokyo,kimberly.johnson@startup.co,Kimberly Johnson,2023-09-17,partner,True,,,2.0,2026-04-24 22:09:13.186774,2026-04-24 22:09:13.186774,Starter,starter,12.0,120.0,15.0,10.0,5,True,2026-04-24 22:09:13.186774,12.0,False
152,104,4,active,monthly,2024-06-28,,39.0,0.0,,,2026-04-24 22:09:13.186774,Hive Dynamics,Media,enterprise,JP,Japan,Asia/Tokyo,kimberly.johnson@startup.co,Kimberly Johnson,2023-09-17,partner,True,,,2.0,2026-04-24 22:09:13.186774,2026-04-24 22:09:13.186774,Professional,professional,39.0,390.0,50.0,50.0,25,True,2026-04-24 22:09:13.186774,39.0,False
153,105,1,cancelled,annual,2023-06-29,2024-04-02,0.0,0.0,,Budget cuts,2026-04-24 22:09:13.186774,UnitOps,Insurance,medium,FR,France,Europe/Paris,priya.perez@company.io,Priya Perez,2023-06-29,referral,True,,,,2026-04-24 22:09:13.186774,2026-04-24 22:09:13.186774,Free,free,0.0,0.0,5.0,3.0,1,True,2026-04-24 22:09:13.186774,0.0,False
154,105,5,cancelled,monthly,2024-04-02,2025-02-10,59.0,0.0,,Switched competitor,2026-04-24 22:09:13.186774,UnitOps,Insurance,medium,FR,France,Europe/Paris,priya.perez@company.io,Priya Perez,2023-06-29,referral,True,,,,2026-04-24 22:09:13.186774,2026-04-24 22:09:13.186774,Professional Plus,professional,59.0,590.0,100.0,100.0,50,True,2026-04-24 22:09:13.186774,59.0,False
155,105,3,active,monthly,2025-02-10,,19.0,0.0,,,2026-04-24 22:09:13.186774,UnitOps,Insurance,medium,FR,France,Europe/Paris,priya.perez@company.io,Priya Perez,2023-06-29,referral,True,,,,2026-04-24 22:09:13.186774,2026-04-24 22:09:13.186774,Starter Plus,starter,19.0,190.0,25.0,20.0,10,True,2026-04-24 22:09:13.186774,19.0,False
156,106,2,expired,annual,2023-11-14,2024-08-30,10.0,0.0,2023-11-28,Missing features,2026-04-24 22:09:13.186774,OnyxSolutions,Healthcare,large,CA,Canada,America/Toronto,john.jackson@gmail.com,John Jackson,2023-11-14,referral,True,,,,2026-04-24 22:09:13.186774,2026-04-24 22:09:13.186774,Starter,starter,12.0,120.0,15.0,10.0,5,True,2026-04-24 22:09:13.186774,12.0,False
157,106,3,expired,monthly,2024-08-30,2024-11-30,19.0,0.0,,Not using it,2026-04-24 22:09:13.186774,OnyxSolutions,Healthcare,large,CA,Canada,America/Toronto,john.jackson@gmail.com,John Jackson,2023-11-14,referral,True,,,,2026-04-24 22:09:13.186774,2026-04-24 22:09:13.186774,Starter Plus,starter,19.0,190.0,25.0,20.0,10,True,2026-04-24 22:09:13.186774,19.0,False
158,106,1,active,annual,2024-11-30,,0.0,0.0,,,2026-04-24 22:09:13.186774,OnyxSolutions,Healthcare,large,CA,Canada,America/Toronto,john.jackson@gmail.com,John Jackson,2023-11-14,referral,True,,,,2026-04-24 22:09:13.186774,2026-04-24 22:09:13.186774,Free,free,0.0,0.0,5.0,3.0,1,True,2026-04-24 22:09:13.186774,0.0,False
159,107,1,cancelled,annual,2024-01-12,2024-08-20,0.0,0.0,,Too expensive,2026-04-24 22:09:13.186774,QuarkAI,E-commerce,small,IN,India,Asia/Kolkata,Kenji.Singh@quarkai.com,Kenji Singh,2024-01-12,organic,True,,,7.0,2026-04-24 22:09:13.186774,2026-04-24 22:09:13.186774,Free,free,0.0,0.0,5.0,3.0,1,True,2026-04-24 22:09:13.186774,0.0,False
160,107,3,active,monthly,2024-08-20,,19.0,0.0,,,2026-04-24 22:09:13.186774,QuarkAI,E-commerce,small,IN,India,Asia/Kolkata,Kenji.Singh@quarkai.com,Kenji Singh,2024-01-12,organic,True,,,7.0,2026-04-24 22:09:13.186774,2026-04-24 22:09:13.186774,Starter Plus,starter,19.0,190.0,25.0,20.0,10,True,2026-04-24 22:09:13.186774,19.0,False
161,108,2,cancelled,monthly,2025-04-22,2025-07-18,12.0,0.0,2025-05-06,Missing features,2026-04-24 22:09:13.186774,VertexSolutions,Consulting,small,JP,Japan,Asia/Tokyo,sarah.tanaka@startup.co,Sarah Tanaka,2025-04-22,event,False,2025-07-18 01:03:02,Company closed,2.0,2026-04-24 22:09:13.186774,2026-04-24 22:09:13.186774,Starter,starter,12.0,120.0,15.0,10.0,5,True,2026-04-24 22:09:13.186774,12.0,True
162,109,3,active,annual,2024-03-21,,15.83,0.0,2024-04-04,,2026-04-24 22:09:13.186774,TidalHQ,Manufacturing,small,FR,France,Europe/Paris,mark.thompson@company.io,Mark Thompson,2024-03-21,organic,True,,,,2026-04-24 22:09:13.186774,2026-04-24 22:09:13.186774,Starter Plus,starter,19.0,190.0,25.0,20.0,10,True,2026-04-24 22:09:13.186774,19.0,False
163,110,2,cancelled,annual,2024-03-24,2024-06-14,10.0,0.0,2024-04-07,Not using it,2026-04-24 22:09:13.186774,EdgeOps,Marketing,medium,FR,France,Europe/Paris,fatima.hernandez@corp.net,Fatima Hernandez,2024-03-24,organic,False,2024-06-14 05:19:14,Missing features,,2026-04-24 22:09:13.186774,2026-04-24 22:09:13.186774,Starter,starter,12.0,120.0,15.0,10.0,5,True,2026-04-24 22:09:13.186774,12.0,True
164,111,5,active,annual,2024-06-26,,49.17,0.0,2024-07-10,,2026-04-24 22:09:13.186774,XenonLogic,Technology,medium,US,United States,America/Los_Angeles,fatima.lewis@outlook.com,Fatima Lewis,2024-06-26,referral,True,,,6.0,2026-04-24 22:09:13.186774,2026-04-24 22:09:13.186774,Professional Plus,professional,59.0,590.0,100.0,100.0,50,True,2026-04-24 22:09:13.186774,59.0,False
165,112,6,active,monthly,2025-07-27,,99.0,0.0,2025-08-10,,2026-04-24 22:09:13.186774,Hive Logic,Telecommunications,medium,US,United States,America/Chicago,thomas.singh@corp.net,Thomas Singh,2025-07-27,referral,True,,,4.0,2026-04-24 22:09:13.186774,2026-04-24 22:09:13.186774,Enterprise,enterprise,99.0,990.0,500.0,,100,True,2026-04-24 22:09:13.186774,99.0,False
166,113,2,cancelled,monthly,2024-12-29,2025-04-09,12.0,0.0,2025-01-12,Budget cuts,2026-04-24 22:09:13.186774,CoreTech,Retail,small,SG,Singapore,Asia/Singapore,daniel.rivera@protonmail.com,Daniel Rivera,2024-12-29,paid_ads,True,,,,2026-04-24 22:09:13.186774,2026-04-24 22:09:13.186774,Starter,starter,12.0,120.0,15.0,10.0,5,True,2026-04-24 22:09:13.186774,12.0,False
167,113,4,active,monthly,2025-04-09,,39.0,0.0,,,2026-04-24 22:09:13.186774,CoreTech,Retail,small,SG,Singapore,Asia/Singapore,daniel.rivera@protonmail.com,Daniel Rivera,2024-12-29,paid_ads,True,,,,2026-04-24 22:09:13.186774,2026-04-24 22:09:13.186774,Professional,professional,39.0,390.0,50.0,50.0,25,True,2026-04-24 22:09:13.186774,39.0,False
168,114,6,cancelled,monthly,2025-06-24,2025-09-22,99.0,0.0,2025-07-08,Not using it,2026-04-24 22:09:13.186774,Meta Digital,E-commerce,enterprise,CA,Canada,America/Toronto,mary.white@metadigital.com,Mary White,2025-06-24,referral,False,2025-09-22 01:23:57,Budget cuts,,2026-04-24 22:09:13.186774,2026-04-24 22:09:13.186774,Enterprise,enterprise,99.0,990.0,500.0,,100,True,2026-04-24 22:09:13.186774,99.0,True
169,115,3,cancelled,monthly,2025-06-18,2025-10-24,19.0,0.0,2025-07-02,Not using it,2026-04-24 22:09:13.186774,HiveCorp,Retail,medium,US,United States,America/Chicago,david.lee@tech.dev,David Lee,2025-06-18,paid_ads,True,,,8.0,2026-04-24 22:09:13.186774,2026-04-24 22:09:13.186774,Starter Plus,starter,19.0,190.0,25.0,20.0,10,True,2026-04-24 22:09:13.186774,19.0,False
170,115,4,cancelled,monthly,2025-10-24,2025-12-23,39.0,0.0,,Missing features,2026-04-24 22:09:13.186774,HiveCorp,Retail,medium,US,United States,America/Chicago,david.lee@tech.dev,David Lee,2025-06-18,paid_ads,True,,,8.0,2026-04-24 22:09:13.186774,2026-04-24 22:09:13.186774,Professional,professional,39.0,390.0,50.0,50.0,25,True,2026-04-24 22:09:13.186774,39.0,False
171,115,3,active,annual,2025-12-23,,15.83,0.0,,,2026-04-24 22:09:13.186774,HiveCorp,Retail,medium,US,United States,America/Chicago,david.lee@tech.dev,David Lee,2025-06-18,paid_ads,True,,,8.0,2026-04-24 22:09:13.186774,2026-04-24 22:09:13.186774,Starter Plus,starter,19.0,190.0,25.0,20.0,10,True,2026-04-24 22:09:13.186774,19.0,False
172,116,1,expired,monthly,2025-08-21,2025-10-22,0.0,0.0,,Not using it,2026-04-24 22:09:13.186774,BeamDev,Technology,enterprise,US,United States,America/Chicago,dorothy.martinez@hotmail.com,Dorothy Martinez,2025-08-21,partner,True,,,2.0,2026-04-24 22:09:13.186774,2026-04-24 22:09:13.186774,Free,free,0.0,0.0,5.0,3.0,1,True,2026-04-24 22:09:13.186774,0.0,False
173,116,2,expired,monthly,2025-10-22,2025-12-21,12.0,0.0,,Budget cuts,2026-04-24 22:09:13.186774,BeamDev,Technology,enterprise,US,United States,America/Chicago,dorothy.martinez@hotmail.com,Dorothy Martinez,2025-08-21,partner,True,,,2.0,2026-04-24 22:09:13.186774,2026-04-24 22:09:13.186774,Starter,starter,12.0,120.0,15.0,10.0,5,True,2026-04-24 22:09:13.186774,12.0,False
174,116,3,active,annual,2025-12-21,,15.83,0.0,,,2026-04-24 22:09:13.186774,BeamDev,Technology,enterprise,US,United States,America/Chicago,dorothy.martinez@hotmail.com,Dorothy Martinez,2025-08-21,partner,True,,,2.0,2026-04-24 22:09:13.186774,2026-04-24 22:09:13.186774,Starter Plus,starter,19.0,190.0,25.0,20.0,10,True,2026-04-24 22:09:13.186774,19.0,False
175,117,3,expired,monthly,2024-10-01,2024-12-17,19.0,0.0,2024-10-15,Too expensive,2026-04-24 22:09:13.186774,Onyx Cloud,Real Estate,medium,US,United States,America/Chicago,steven.adams@yahoo.com,Steven Adams,2024-10-01,organic,True,,,,2026-04-24 22:09:13.186774,2026-04-24 22:09:13.186774,Starter Plus,starter,19.0,190.0,25.0,20.0,10,True,2026-04-24 22:09:13.186774,19.0,False
176,117,1,active,monthly,2024-12-17,,0.0,0.0,,,2026-04-24 22:09:13.186774,Onyx Cloud,Real Estate,medium,US,United States,America/Chicago,steven.adams@yahoo.com,Steven Adams,2024-10-01,organic,True,,,,2026-04-24 22:09:13.186774,2026-04-24 22:09:13.186774,Free,free,0.0,0.0,5.0,3.0,1,True,2026-04-24 22:09:13.186774,0.0,False
177,118,2,active,monthly,2024-10-04,,12.0,0.0,2024-10-18,,2026-04-24 22:09:13.186774,Peak Hub,Real Estate,small,SG,Singapore,Asia/Singapore,susan.singh@gmail.com,Susan Singh,2024-10-04,event,True,,,,2026-04-24 22:09:13.186774,2026-04-24 22:09:13.186774,Starter,starter,12.0,120.0,15.0,10.0,5,True,2026-04-24 22:09:13.186774,12.0,False
178,119,2,cancelled,monthly,2023-07-28,2024-05-03,9.6,20.0,2023-08-11,Too expensive,2026-04-24 22:09:13.186774,EchoPlatform,Logistics,medium,DE,Germany,Europe/Berlin,sandra.jones@startup.co,Sandra Jones,2023-07-28,organic,True,,,9.0,2026-04-24 22:09:13.186774,2026-04-24 22:09:13.186774,Starter,starter,12.0,120.0,15.0,10.0,5,True,2026-04-24 22:09:13.186774,12.0,False
179,119,4,active,monthly,2024-05-03,,39.0,0.0,,,2026-04-24 22:09:13.186774,EchoPlatform,Logistics,medium,DE,Germany,Europe/Berlin,sandra.jones@startup.co,Sandra Jones,2023-07-28,organic,True,,,9.0,2026-04-24 22:09:13.186774,2026-04-24 22:09:13.186774,Professional,professional,39.0,390.0,50.0,50.0,25,True,2026-04-24 22:09:13.186774,39.0,False
180,120,1,cancelled,monthly,2023-09-11,2023-11-19,0.0,0.0,,Not using it,2026-04-24 22:09:13.186774,UnitStudio,Finance,enterprise,IN,India,Asia/Kolkata,steven.scott@outlook.com,Steven Scott,2023-09-11,organic,False,2023-11-19 07:21:03,Poor support experience,,2026-04-24 22:09:13.186774,2026-04-24 22:09:13.186774,Free,free,0.0,0.0,5.0,3.0,1,True,2026-04-24 22:09:13.186774,0.0,True
181,121,5,active,annual,2024-02-07,,49.17,0.0,2024-02-21,,2026-04-24 22:09:13.186774,KeenPro,Insurance,small,CA,Canada,America/Toronto,steven.robinson@keenpro.com,Steven Robinson,2024-02-07,partner,True,,,,2026-04-24 22:09:13.186774,2026-04-24 22:09:13.186774,Professional Plus,professional,59.0,590.0,100.0,100.0,50,True,2026-04-24 22:09:13.186774,59.0,False
182,122,1,cancelled,monthly,2023-09-28,2024-02-20,0.0,0.0,,Too expensive,2026-04-24 22:09:13.186774,Sync IO,Real Estate,enterprise,SG,Singapore,Asia/Singapore,fatima.walker+work@syncio.com,Fatima Walker,2023-09-28,organic,True,,,,2026-04-24 22:09:13.186774,2026-04-24 22:09:13.186774,Free,free,0.0,0.0,5.0,3.0,1,True,2026-04-24 22:09:13.186774,0.0,False
183,122,2,active,annual,2024-02-20,,10.0,0.0,,,2026-04-24 22:09:13.186774,Sync IO,Real Estate,enterprise,SG,Singapore,Asia/Singapore,fatima.walker+work@syncio.com,Fatima Walker,2023-09-28,organic,True,,,,2026-04-24 22:09:13.186774,2026-04-24 22:09:13.186774,Starter,starter,12.0,120.0,15.0,10.0,5,True,2026-04-24 22:09:13.186774,12.0,False
184,123,2,active,annual,2024-09-30,,10.0,0.0,2024-10-14,,2026-04-24 22:09:13.186774,Jade Software,Marketing,medium,DE,Germany,Europe/Berlin,robert.harris@protonmail.com,Robert Harris,2024-09-30,organic,True,,,10.0,2026-04-24 22:09:13.186774,2026-04-24 22:09:13.186774,Starter,starter,12.0,120.0,15.0,10.0,5,True,2026-04-24 22:09:13.186774,12.0,False
185,124,4,active,monthly,2024-12-31,,39.0,0.0,2025-01-14,,2026-04-24 22:09:13.186774,XenonWorks,Marketing,enterprise,US,United States,America/Los_Angeles,richard.hill@xenonworks.com,Richard Hill,2024-12-31,paid_ads,True,,,7.0,2026-04-24 22:09:13.186774,2026-04-24 22:09:13.186774,Professional,professional,39.0,390.0,50.0,50.0,25,True,2026-04-24 22:09:13.186774,39.0,False
186,125,3,cancelled,annual,2024-12-26,2025-04-29,13.46,15.0,2025-01-09,Switched competitor,2026-04-24 22:09:13.186774,UltraGroup,Manufacturing,medium,FR,France,Europe/Paris,dmitri.martin@tech.dev,Dmitri Martin,2024-12-26,organic,True,,,0.0,2026-04-24 22:09:13.186774,2026-04-24 22:09:13.186774,Starter Plus,starter,19.0,190.0,25.0,20.0,10,True,2026-04-24 22:09:13.186774,19.0,False
187,125,4,active,annual,2025-04-29,,29.25,10.0,,,2026-04-24 22:09:13.186774,UltraGroup,Manufacturing,medium,FR,France,Europe/Paris,dmitri.martin@tech.dev,Dmitri Martin,2024-12-26,organic,True,,,0.0,2026-04-24 22:09:13.186774,2026-04-24 22:09:13.186774,Professional,professional,39.0,390.0,50.0,50.0,25,True,2026-04-24 22:09:13.186774,39.0,False
188,126,4,expired,monthly,2025-03-12,2025-10-29,39.0,0.0,2025-03-26,Budget cuts,2026-04-24 22:09:13.186774,RiftSystems,Real Estate,small,FR,France,Europe/Paris,kenji.hall@protonmail.com,Kenji Hall,2025-03-12,organic,True,,,5.0,2026-04-24 22:09:13.186774,2026-04-24 22:09:13.186774,Professional,professional,39.0,390.0,50.0,50.0,25,True,2026-04-24 22:09:13.186774,39.0,False
189,126,6,active,monthly,2025-10-29,,99.0,0.0,,,2026-04-24 22:09:13.186774,RiftSystems,Real Estate,small,FR,France,Europe/Paris,kenji.hall@protonmail.com,Kenji Hall,2025-03-12,organic,True,,,5.0,2026-04-24 22:09:13.186774,2026-04-24 22:09:13.186774,Enterprise,enterprise,99.0,990.0,500.0,,100,True,2026-04-24 22:09:13.186774,99.0,False
190,127,4,cancelled,monthly,2024-03-27,2024-07-22,39.0,0.0,2024-04-10,Not using it,2026-04-24 22:09:13.186774,Onyx Pro,Real Estate,enterprise,AU,Australia,Australia/Sydney,elizabeth.ivanov@outlook.com,Elizabeth Ivanov,2024-03-27,organic,True,,,8.0,2026-04-24 22:09:13.186774,2026-04-24 22:09:13.186774,Professional,professional,39.0,390.0,50.0,50.0,25,True,2026-04-24 22:09:13.186774,39.0,False
191,127,5,active,annual,2024-07-22,,49.17,0.0,,,2026-04-24 22:09:13.186774,Onyx Pro,Real Estate,enterprise,AU,Australia,Australia/Sydney,elizabeth.ivanov@outlook.com,Elizabeth Ivanov,2024-03-27,organic,True,,,8.0,2026-04-24 22:09:13.186774,2026-04-24 22:09:13.186774,Professional Plus,professional,59.0,590.0,100.0,100.0,50,True,2026-04-24 22:09:13.186774,59.0,False
192,128,2,active,annual,2024-11-09,,8.5,15.0,2024-11-23,,2026-04-24 22:09:13.186774,GlowHub,Consulting,enterprise,FR,France,Europe/Paris,olga.brown@tech.dev,Olga Brown,2024-11-09,referral,True,,,10.0,2026-04-24 22:09:13.186774,2026-04-24 22:09:13.186774,Starter,starter,12.0,120.0,15.0,10.0,5,True,2026-04-24 22:09:13.186774,12.0,False
193,129,4,active,annual,2023-09-10,,32.5,0.0,2023-09-24,,2026-04-24 22:09:13.186774,IrisWorks,Logistics,enterprise,FR,France,Europe/Paris,fatima.adams@enterprise.com,Fatima Adams,2023-09-10,event,True,,,10.0,2026-04-24 22:09:13.186774,2026-04-24 22:09:13.186774,Professional,professional,39.0,390.0,50.0,50.0,25,True,2026-04-24 22:09:13.186774,39.0,False
194,130,3,expired,monthly,2024-08-10,2025-02-18,19.0,0.0,2024-08-24,Missing features,2026-04-24 22:09:13.186774,ZealCloud,Legal,large,CA,Canada,America/Toronto,charles.walker@protonmail.com,Charles Walker,2024-08-10,organic,True,,,10.0,2026-04-24 22:09:13.186774,2026-04-24 22:09:13.186774,Starter Plus,starter,19.0,190.0,25.0,20.0,10,True,2026-04-24 22:09:13.186774,19.0,False
195,130,3,active,monthly,2025-02-18,,19.0,0.0,,,2026-04-24 22:09:13.186774,ZealCloud,Legal,large,CA,Canada,America/Toronto,charles.walker@protonmail.com,Charles Walker,2024-08-10,organic,True,,,10.0,2026-04-24 22:09:13.186774,2026-04-24 22:09:13.186774,Starter Plus,starter,19.0,190.0,25.0,20.0,10,True,2026-04-24 22:09:13.186774,19.0,False
196,131,4,expired,annual,2024-07-29,2025-07-29,32.5,0.0,2024-08-12,Budget cuts,2026-04-24 22:09:13.186774,Sync Net,Healthcare,small,CA,Canada,America/Toronto,raj.taylor@tech.dev,Raj Taylor,2024-07-29,partner,True,,,8.0,2026-04-24 22:09:13.186774,2026-04-24 22:09:13.186774,Professional,professional,39.0,390.0,50.0,50.0,25,True,2026-04-24 22:09:13.186774,39.0,False
197,131,6,active,annual,2025-07-29,,82.5,0.0,,,2026-04-24 22:09:13.186774,Sync Net,Healthcare,small,CA,Canada,America/Toronto,raj.taylor@tech.dev,Raj Taylor,2024-07-29,partner,True,,,8.0,2026-04-24 22:09:13.186774,2026-04-24 22:09:13.186774,Enterprise,enterprise,99.0,990.0,500.0,,100,True,2026-04-24 22:09:13.186774,99.0,False
198,132,2,cancelled,monthly,2025-02-28,2025-10-29,12.0,0.0,2025-03-14,Not using it,2026-04-24 22:09:13.186774,PulseAI,Media,small,SG,Singapore,Asia/Singapore,joseph.brown@pulseai.com,Joseph Brown,2025-02-28,referral,False,2025-10-29 17:39:27,No longer needed,9.0,2026-04-24 22:09:13.186774,2026-04-24 22:09:13.186774,Starter,starter,12.0,120.0,15.0,10.0,5,True,2026-04-24 22:09:13.186774,12.0,True
199,133,2,active,monthly,2023-06-29,,9.6,20.0,2023-07-13,,2026-04-24 22:09:13.186774,Sync Works,Education,large,US,United States,America/New_York,lars.garcia@gmail.com,Lars Garcia,2023-06-29,organic,True,,,,2026-04-24 22:09:13.186774,2026-04-24 22:09:13.186774,Starter,starter,12.0,120.0,15.0,10.0,5,True,2026-04-24 22:09:13.186774,12.0,False
200,134,4,active,monthly,2024-10-18,,39.0,0.0,2024-11-01,,2026-04-24 22:09:13.186774,Vine Cloud,Telecommunications,small,US,United States,America/New_York,karen.torres@company.io,Karen Torres,2024-10-18,referral,True,,,10.0,2026-04-24 22:09:13.186774,2026-04-24 22:09:13.186774,Professional,professional,39.0,390.0,50.0,50.0,25,True,2026-04-24 22:09:13.186774,39.0,False
201,135,1,active,monthly,2024-08-04,,0.0,25.0,,,2026-04-24 22:09:13.186774,RushSoftware,Marketing,small,FR,France,Europe/Paris,sandra.adams@company.io,Sandra Adams,2024-08-04,organic,True,,,8.0,2026-04-24 22:09:13.186774,2026-04-24 22:09:13.186774,Free,free,0.0,0.0,5.0,3.0,1,True,2026-04-24 22:09:13.186774,0.0,False
202,136,2,active,monthly,2025-01-10,,12.0,0.0,2025-01-24,,2026-04-24 22:09:13.186774,Ion IO,Marketing,small,US,United States,America/New_York,thomas.harris@company.io,Thomas Harris,2025-01-10,partner,True,,,6.0,2026-04-24 22:09:13.186774,2026-04-24 22:09:13.186774,Starter,starter,12.0,120.0,15.0,10.0,5,True,2026-04-24 22:09:13.186774,12.0,False
203,137,4,active,monthly,2023-08-15,,39.0,0.0,2023-08-29,,2026-04-24 22:09:13.186774,Tidal Solutions,Manufacturing,large,JP,Japan,Asia/Tokyo,yuki.singh@protonmail.com,Yuki Singh,2023-08-15,organic,True,,,4.0,2026-04-24 22:09:13.186774,2026-04-24 22:09:13.186774,Professional,professional,39.0,390.0,50.0,50.0,25,True,2026-04-24 22:09:13.186774,39.0,False
204,138,1,expired,monthly,2023-03-25,2023-06-18,0.0,0.0,,Not using it,2026-04-24 22:09:13.186774,ArcNet,Consulting,enterprise,JP,Japan,Asia/Tokyo,hassan.nelson@corp.net,Hassan Nelson,2023-03-25,referral,True,,,7.0,2026-04-24 22:09:13.186774,2026-04-24 22:09:13.186774,Free,free,0.0,0.0,5.0,3.0,1,True,2026-04-24 22:09:13.186774,0.0,False
205,138,3,active,monthly,2023-06-18,,19.0,0.0,,,2026-04-24 22:09:13.186774,ArcNet,Consulting,enterprise,JP,Japan,Asia/Tokyo,hassan.nelson@corp.net,Hassan Nelson,2023-03-25,referral,True,,,7.0,2026-04-24 22:09:13.186774,2026-04-24 22:09:13.186774,Starter Plus,starter,19.0,190.0,25.0,20.0,10,True,2026-04-24 22:09:13.186774,19.0,False
206,139,1,cancelled,monthly,2025-01-04,2025-04-13,0.0,0.0,,,2026-04-24 22:09:13.186774,DataDynamics,E-commerce,medium,JP,Japan,Asia/Tokyo,elizabeth.hernandez@outlook.com,Elizabeth Hernandez,2025-01-04,organic,True,,,7.0,2026-04-24 22:09:13.186774,2026-04-24 22:09:13.186774,Free,free,0.0,0.0,5.0,3.0,1,True,2026-04-24 22:09:13.186774,0.0,False
207,139,5,cancelled,annual,2025-04-13,2025-07-22,49.17,0.0,,Company reorganization,2026-04-24 22:09:13.186774,DataDynamics,E-commerce,medium,JP,Japan,Asia/Tokyo,elizabeth.hernandez@outlook.com,Elizabeth Hernandez,2025-01-04,organic,True,,,7.0,2026-04-24 22:09:13.186774,2026-04-24 22:09:13.186774,Professional Plus,professional,59.0,590.0,100.0,100.0,50,True,2026-04-24 22:09:13.186774,59.0,False
208,139,5,active,annual,2025-07-22,,44.25,10.0,,,2026-04-24 22:09:13.186774,DataDynamics,E-commerce,medium,JP,Japan,Asia/Tokyo,elizabeth.hernandez@outlook.com,Elizabeth Hernandez,2025-01-04,organic,True,,,7.0,2026-04-24 22:09:13.186774,2026-04-24 22:09:13.186774,Professional Plus,professional,59.0,590.0,100.0,100.0,50,True,2026-04-24 22:09:13.186774,59.0,False
209,140,2,expired,annual,2025-04-16,2025-08-16,10.0,0.0,2025-04-30,Company reorganization,2026-04-24 22:09:13.186774,DriftDigital,Consulting,medium,US,United States,America/New_York,kimberly.robinson@gmail.com,Kimberly Robinson,2025-04-16,referral,False,2025-06-27 07:29:37,Integration issues,2.0,2026-04-24 22:09:13.186774,2026-04-24 22:09:13.186774,Starter,starter,12.0,120.0,15.0,10.0,5,True,2026-04-24 22:09:13.186774,12.0,True
210,140,4,cancelled,monthly,2025-08-16,2025-06-27,39.0,0.0,,Budget cuts,2026-04-24 22:09:13.186774,DriftDigital,Consulting,medium,US,United States,America/New_York,kimberly.robinson@gmail.com,Kimberly Robinson,2025-04-16,referral,False,2025-06-27 07:29:37,Integration issues,2.0,2026-04-24 22:09:13.186774,2026-04-24 22:09:13.186774,Professional,professional,39.0,390.0,50.0,50.0,25,True,2026-04-24 22:09:13.186774,39.0,True
211,141,5,active,monthly,2025-07-01,,59.0,0.0,2025-07-15,,2026-04-24 22:09:13.186774,IrisAI,Healthcare,medium,US,United States,America/New_York,christopher.clark@startup.co,Christopher Clark,2025-07-01,organic,True,,,,2026-04-24 22:09:13.186774,2026-04-24 22:09:13.186774,Professional Plus,professional,59.0,590.0,100.0,100.0,50,True,2026-04-24 22:09:13.186774,59.0,False
212,142,5,cancelled,monthly,2023-05-11,2023-08-27,59.0,0.0,2023-05-25,Too expensive,2026-04-24 22:09:13.186774,YieldTech,Logistics,enterprise,JP,Japan,Asia/Tokyo,david.adams@tech.dev,David Adams,2023-05-11,organic,True,,,0.0,2026-04-24 22:09:13.186774,2026-04-24 22:09:13.186774,Professional Plus,professional,59.0,590.0,100.0,100.0,50,True,2026-04-24 22:09:13.186774,59.0,False
213,142,2,expired,monthly,2023-08-27,2024-05-16,12.0,0.0,,Not using it,2026-04-24 22:09:13.186774,YieldTech,Logistics,enterprise,JP,Japan,Asia/Tokyo,david.adams@tech.dev,David Adams,2023-05-11,organic,True,,,0.0,2026-04-24 22:09:13.186774,2026-04-24 22:09:13.186774,Starter,starter,12.0,120.0,15.0,10.0,5,True,2026-04-24 22:09:13.186774,12.0,False
214,142,5,active,annual,2024-05-16,,49.17,0.0,,,2026-04-24 22:09:13.186774,YieldTech,Logistics,enterprise,JP,Japan,Asia/Tokyo,david.adams@tech.dev,David Adams,2023-05-11,organic,True,,,0.0,2026-04-24 22:09:13.186774,2026-04-24 22:09:13.186774,Professional Plus,professional,59.0,590.0,100.0,100.0,50,True,2026-04-24 22:09:13.186774,59.0,False
215,143,2,cancelled,annual,2024-11-07,2025-10-15,9.0,10.0,2024-11-21,Too expensive,2026-04-24 22:09:13.186774,IrisCorp,Retail,small,GB,United Kingdom,Europe/London,sandra.thompson@iriscorp.com,Sandra Thompson,2024-11-07,organic,True,,,,2026-04-24 22:09:13.186774,2026-04-24 22:09:13.186774,Starter,starter,12.0,120.0,15.0,10.0,5,True,2026-04-24 22:09:13.186774,12.0,False
216,143,2,active,monthly,2025-10-15,,10.8,10.0,,,2026-04-24 22:09:13.186774,IrisCorp,Retail,small,GB,United Kingdom,Europe/London,sandra.thompson@iriscorp.com,Sandra Thompson,2024-11-07,organic,True,,,,2026-04-24 22:09:13.186774,2026-04-24 22:09:13.186774,Starter,starter,12.0,120.0,15.0,10.0,5,True,2026-04-24 22:09:13.186774,12.0,False
217,144,6,active,annual,2023-08-11,,82.5,0.0,2023-08-25,,2026-04-24 22:09:13.186774,Mist AI,Consulting,medium,SG,Singapore,Asia/Singapore,yuki.brown@enterprise.com,Yuki Brown,2023-08-11,paid_ads,True,,,,2026-04-24 22:09:13.186774,2026-04-24 22:09:13.186774,Enterprise,enterprise,99.0,990.0,500.0,,100,True,2026-04-24 22:09:13.186774,99.0,False
218,145,4,active,monthly,2024-06-17,,39.0,0.0,2024-07-01,,2026-04-24 22:09:13.186774,Unit Ventures,Marketing,medium,BR,Brazil,America/Sao_Paulo,lars.baker@yahoo.com,Lars Baker,2024-06-17,paid_ads,True,,,2.0,2026-04-24 22:09:13.186774,2026-04-24 22:09:13.186774,Professional,professional,39.0,390.0,50.0,50.0,25,True,2026-04-24 22:09:13.186774,39.0,False
219,146,4,active,monthly,2023-11-04,,39.0,0.0,2023-11-18,,2026-04-24 22:09:13.186774,OnyxOps,Consulting,small,IN,India,Asia/Kolkata,raj.nelson@startup.co,Raj Nelson,2023-11-04,referral,True,,,,2026-04-24 22:09:13.186774,2026-04-24 22:09:13.186774,Professional,professional,39.0,390.0,50.0,50.0,25,True,2026-04-24 22:09:13.186774,39.0,False
220,147,3,expired,annual,2023-09-06,2024-02-09,15.83,0.0,2023-09-20,Too expensive,2026-04-24 22:09:13.186774,PulsePlatform,Legal,small,CA,Canada,America/Toronto,patricia.scott@pulseplatform.com,Patricia Scott,2023-09-06,referral,True,,,2.0,2026-04-24 22:09:13.186774,2026-04-24 22:09:13.186774,Starter Plus,starter,19.0,190.0,25.0,20.0,10,True,2026-04-24 22:09:13.186774,19.0,False
221,147,2,active,annual,2024-02-09,,10.0,0.0,,,2026-04-24 22:09:13.186774,PulsePlatform,Legal,small,CA,Canada,America/Toronto,patricia.scott@pulseplatform.com,Patricia Scott,2023-09-06,referral,True,,,2.0,2026-04-24 22:09:13.186774,2026-04-24 22:09:13.186774,Starter,starter,12.0,120.0,15.0,10.0,5,True,2026-04-24 22:09:13.186774,12.0,False
222,148,1,cancelled,monthly,2025-02-18,2025-07-14,0.0,0.0,,Too expensive,2026-04-24 22:09:13.186774,XenonTech,Retail,small,US,United States,America/New_York,sarah.harris@outlook.com,Sarah Harris,2025-02-18,partner,True,,,,2026-04-24 22:09:13.186774,2026-04-24 22:09:13.186774,Free,free,0.0,0.0,5.0,3.0,1,True,2026-04-24 22:09:13.186774,0.0,False
223,148,5,active,monthly,2025-07-14,,53.1,10.0,,,2026-04-24 22:09:13.186774,XenonTech,Retail,small,US,United States,America/New_York,sarah.harris@outlook.com,Sarah Harris,2025-02-18,partner,True,,,,2026-04-24 22:09:13.186774,2026-04-24 22:09:13.186774,Professional Plus,professional,59.0,590.0,100.0,100.0,50,True,2026-04-24 22:09:13.186774,59.0,False
224,149,1,active,annual,2024-12-13,,0.0,0.0,,,2026-04-24 22:09:13.186774,EchoSoftware,Marketing,small,US,United States,America/New_York,susan.gonzalez@enterprise.com,Susan Gonzalez,2024-12-13,organic,True,,,10.0,2026-04-24 22:09:13.186774,2026-04-24 22:09:13.186774,Free,free,0.0,0.0,5.0,3.0,1,True,2026-04-24 22:09:13.186774,0.0,False
225,150,3,active,monthly,2023-11-24,,14.25,25.0,2023-12-08,,2026-04-24 22:09:13.186774,IrisStack,Education,small,JP,Japan,Asia/Tokyo,ashley.robinson@enterprise.com,Ashley Robinson,2023-11-24,partner,True,,,7.0,2026-04-24 22:09:13.186774,2026-04-24 22:09:13.186774,Starter Plus,starter,19.0,190.0,25.0,20.0,10,True,2026-04-24 22:09:13.186774,19.0,False
226,151,1,cancelled,annual,2024-05-26,2024-12-11,0.0,0.0,,Budget cuts,2026-04-24 22:09:13.186774,Jade Ventures,Real Estate,large,AU,Australia,Australia/Sydney,christopher.martinez@corp.net,Christopher Martinez,2024-05-26,organic,True,,,,2026-04-24 22:09:13.186774,2026-04-24 22:09:13.186774,Free,free,0.0,0.0,5.0,3.0,1,True,2026-04-24 22:09:13.186774,0.0,False
227,151,2,active,monthly,2024-12-11,,12.0,0.0,,,2026-04-24 22:09:13.186774,Jade Ventures,Real Estate,large,AU,Australia,Australia/Sydney,christopher.martinez@corp.net,Christopher Martinez,2024-05-26,organic,True,,,,2026-04-24 22:09:13.186774,2026-04-24 22:09:13.186774,Starter,starter,12.0,120.0,15.0,10.0,5,True,2026-04-24 22:09:13.186774,12.0,False
228,152,2,active,monthly,2024-07-13,,10.8,10.0,2024-07-27,,2026-04-24 22:09:13.186774,QuarkHub,Legal,large,FR,France,Europe/Paris,ashley.robinson@quarkhub.com,Ashley Robinson,2024-07-13,organic,True,,,,2026-04-24 22:09:13.186774,2026-04-24 22:09:13.186774,Starter,starter,12.0,120.0,15.0,10.0,5,True,2026-04-24 22:09:13.186774,12.0,False
229,153,2,cancelled,annual,2023-06-04,2025-08-27,9.0,10.0,2023-06-18,Company reorganization,2026-04-24 22:09:13.186774,HiveAI,Healthcare,enterprise,SG,Singapore,Asia/Singapore,Patricia.Kim@hiveai.com,Patricia Kim,2023-06-04,referral,False,2025-08-27 15:05:23,Not enough users,4.0,2026-04-24 22:09:13.186774,2026-04-24 22:09:13.186774,Starter,starter,12.0,120.0,15.0,10.0,5,True,2026-04-24 22:09:13.186774,12.0,True
230,154,2,active,annual,2024-12-15,,10.0,0.0,2024-12-29,,2026-04-24 22:09:13.186774,Iris Dynamics,Manufacturing,small,US,United States,America/New_York,dorothy.patel@gmail.com,Dorothy Patel,2024-12-15,paid_ads,True,,,,2026-04-24 22:09:13.186774,2026-04-24 22:09:13.186774,Starter,starter,12.0,120.0,15.0,10.0,5,True,2026-04-24 22:09:13.186774,12.0,False
231,155,1,active,annual,2025-09-09,,0.0,0.0,,,2026-04-24 22:09:13.186774,GridSystems,E-commerce,small,BR,Brazil,America/Sao_Paulo,dorothy.taylor@gridsystems.com,Dorothy Taylor,2025-09-09,partner,True,,,10.0,2026-04-24 22:09:13.186774,2026-04-24 22:09:13.186774,Free,free,0.0,0.0,5.0,3.0,1,True,2026-04-24 22:09:13.186774,0.0,False
232,156,1,cancelled,monthly,2024-10-14,2025-01-18,0.0,0.0,,Missing features,2026-04-24 22:09:13.186774,TidalOps,Healthcare,large,SG,Singapore,Asia/Singapore,priya.williams@tech.dev,Priya Williams,2024-10-14,organic,False,2025-01-18 13:24:38,Switched to competitor,2.0,2026-04-24 22:09:13.186774,2026-04-24 22:09:13.186774,Free,free,0.0,0.0,5.0,3.0,1,True,2026-04-24 22:09:13.186774,0.0,True
233,157,1,active,annual,2024-12-01,,0.0,0.0,,,2026-04-24 22:09:13.186774,KeenSystems,Telecommunications,small,GB,United Kingdom,Europe/London,susan.hall@gmail.com,Susan Hall,2024-12-01,organic,True,,,,2026-04-24 22:09:13.186774,2026-04-24 22:09:13.186774,Free,free,0.0,0.0,5.0,3.0,1,True,2026-04-24 22:09:13.186774,0.0,False
234,158,2,cancelled,annual,2025-05-04,2025-10-27,10.0,0.0,2025-05-18,Company reorganization,2026-04-24 22:09:13.186774,Nova Ventures,Finance,enterprise,FR,France,Europe/Paris,sofia.sanchez@corp.net,Sofia Sanchez,2025-05-04,organic,True,,,,2026-04-24 22:09:13.186774,2026-04-24 22:09:13.186774,Starter,starter,12.0,120.0,15.0,10.0,5,True,2026-04-24 22:09:13.186774,12.0,False
235,158,3,active,annual,2025-10-27,,12.67,20.0,,,2026-04-24 22:09:13.186774,Nova Ventures,Finance,enterprise,FR,France,Europe/Paris,sofia.sanchez@corp.net,Sofia Sanchez,2025-05-04,organic,True,,,,2026-04-24 22:09:13.186774,2026-04-24 22:09:13.186774,Starter Plus,starter,19.0,190.0,25.0,20.0,10,True,2026-04-24 22:09:13.186774,19.0,False
236,159,3,expired,annual,2024-02-11,2024-08-16,15.83,0.0,2024-02-25,Missing features,2026-04-24 22:09:13.186774,Vine Studio,Technology,small,AU,Australia,Australia/Sydney,joseph.santos@corp.net,Joseph Santos,2024-02-11,referral,True,,,8.0,2026-04-24 22:09:13.186774,2026-04-24 22:09:13.186774,Starter Plus,starter,19.0,190.0,25.0,20.0,10,True,2026-04-24 22:09:13.186774,19.0,False
237,159,6,active,monthly,2024-08-16,,89.1,10.0,,,2026-04-24 22:09:13.186774,Vine Studio,Technology,small,AU,Australia,Australia/Sydney,joseph.santos@corp.net,Joseph Santos,2024-02-11,referral,True,,,8.0,2026-04-24 22:09:13.186774,2026-04-24 22:09:13.186774,Enterprise,enterprise,99.0,990.0,500.0,,100,True,2026-04-24 22:09:13.186774,99.0,False
238,160,1,paused,monthly,2023-09-10,,0.0,0.0,,,2026-04-24 22:09:13.186774,FluxPlatform,Manufacturing,medium,US,United States,America/Los_Angeles,fatima.nguyen@corp.net,Fatima Nguyen,2023-09-10,paid_ads,True,,,4.0,2026-04-24 22:09:13.186774,2026-04-24 22:09:13.186774,Free,free,0.0,0.0,5.0,3.0,1,True,2026-04-24 22:09:13.186774,0.0,False
239,161,2,active,annual,2024-03-17,,7.5,25.0,2024-03-31,,2026-04-24 22:09:13.186774,VineLogic,Healthcare,small,US,United States,America/New_York,karen.lewis@vinelogic.com,Karen Lewis,2024-03-17,organic,True,,,7.0,2026-04-24 22:09:13.186774,2026-04-24 22:09:13.186774,Starter,starter,12.0,120.0,15.0,10.0,5,True,2026-04-24 22:09:13.186774,12.0,False
240,162,5,expired,annual,2024-07-26,2025-07-08,49.17,0.0,2024-08-09,Company reorganization,2026-04-24 22:09:13.186774,FlowStudio,Real Estate,medium,IN,India,Asia/Kolkata,Kenji.Harris@outlook.com,Kenji Harris,2024-07-26,paid_ads,True,,,,2026-04-24 22:09:13.186774,2026-04-24 22:09:13.186774,Professional Plus,professional,59.0,590.0,100.0,100.0,50,True,2026-04-24 22:09:13.186774,59.0,False
241,162,2,active,annual,2025-07-08,,10.0,0.0,,,2026-04-24 22:09:13.186774,FlowStudio,Real Estate,medium,IN,India,Asia/Kolkata,Kenji.Harris@outlook.com,Kenji Harris,2024-07-26,paid_ads,True,,,,2026-04-24 22:09:13.186774,2026-04-24 22:09:13.186774,Starter,starter,12.0,120.0,15.0,10.0,5,True,2026-04-24 22:09:13.186774,12.0,False
242,163,1,active,monthly,2024-01-05,,0.0,0.0,,,2026-04-24 22:09:13.186774,Rush Cloud,Education,medium,US,United States,America/Los_Angeles,robert.hernandez@enterprise.com,Robert Hernandez,2024-01-05,partner,True,,,8.0,2026-04-24 22:09:13.186774,2026-04-24 22:09:13.186774,Free,free,0.0,0.0,5.0,3.0,1,True,2026-04-24 22:09:13.186774,0.0,False
243,164,5,active,annual,2025-05-30,,36.88,25.0,2025-06-13,,2026-04-24 22:09:13.186774,Acme Logic,Marketing,enterprise,BR,Brazil,America/Sao_Paulo,matthew.tanaka@startup.co,Matthew Tanaka,2025-05-30,partner,True,,,6.0,2026-04-24 22:09:13.186774,2026-04-24 22:09:13.186774,Professional Plus,professional,59.0,590.0,100.0,100.0,50,True,2026-04-24 22:09:13.186774,59.0,False
244,165,1,active,monthly,2025-04-16,,0.0,0.0,,,2026-04-24 22:09:13.186774,Zen Works,Education,large,FR,France,Europe/Paris,aisha.young@company.io,Aisha Young,2025-04-16,partner,True,,,10.0,2026-04-24 22:09:13.186774,2026-04-24 22:09:13.186774,Free,free,0.0,0.0,5.0,3.0,1,True,2026-04-24 22:09:13.186774,0.0,False
245,166,1,active,monthly,2025-03-25,,0.0,0.0,,,2026-04-24 22:09:13.186774,Zeal Dynamics,Technology,large,CA,Canada,America/Toronto,yuki.wilson@outlook.com,Yuki Wilson,2025-03-25,paid_ads,True,,,,2026-04-24 22:09:13.186774,2026-04-24 22:09:13.186774,Free,free,0.0,0.0,5.0,3.0,1,True,2026-04-24 22:09:13.186774,0.0,False
246,167,1,active,monthly,2025-08-03,,0.0,0.0,,,2026-04-24 22:09:13.186774,Quest Digital,Legal,medium,AU,Australia,Australia/Sydney,robert.lewis@startup.co,Robert Lewis,2025-08-03,organic,True,,,,2026-04-24 22:09:13.186774,2026-04-24 22:09:13.186774,Free,free,0.0,0.0,5.0,3.0,1,True,2026-04-24 22:09:13.186774,0.0,False
247,168,5,cancelled,annual,2024-09-19,2025-06-26,44.25,10.0,2024-10-03,,2026-04-24 22:09:13.186774,XenonNet,Media,medium,SG,Singapore,Asia/Singapore,jennifer.miller@company.io,Jennifer Miller,2024-09-19,organic,False,2025-06-26 12:07:35,,,2026-04-24 22:09:13.186774,2026-04-24 22:09:13.186774,Professional Plus,professional,59.0,590.0,100.0,100.0,50,True,2026-04-24 22:09:13.186774,59.0,True
248,169,1,active,annual,2025-03-01,,0.0,0.0,,,2026-04-24 22:09:13.186774,Quark Platform,Media,large,JP,Japan,Asia/Tokyo,kimberly.nguyen@company.io,Kimberly Nguyen,2025-03-01,paid_ads,True,,,,2026-04-24 22:09:13.186774,2026-04-24 22:09:13.186774,Free,free,0.0,0.0,5.0,3.0,1,True,2026-04-24 22:09:13.186774,0.0,False
249,170,1,active,monthly,2025-03-14,,0.0,0.0,,,2026-04-24 22:09:13.186774,WaveLabs,Education,medium,US,United States,America/Chicago,linda.santos@protonmail.com,Linda Santos,2025-03-14,referral,True,,,7.0,2026-04-24 22:09:13.186774,2026-04-24 22:09:13.186774,Free,free,0.0,0.0,5.0,3.0,1,True,2026-04-24 22:09:13.186774,0.0,False
250,171,2,active,annual,2023-06-18,,10.0,0.0,2023-07-02,,2026-04-24 22:09:13.186774,UnitNet,Healthcare,small,US,United States,America/New_York,hassan.rivera@outlook.com,Hassan Rivera,2023-06-18,paid_ads,True,,,,2026-04-24 22:09:13.186774,2026-04-24 22:09:13.186774,Starter,starter,12.0,120.0,15.0,10.0,5,True,2026-04-24 22:09:13.186774,12.0,False
251,172,1,active,annual,2025-01-25,,0.0,0.0,,,2026-04-24 22:09:13.186774,JadeSolutions,Manufacturing,medium,GB,United Kingdom,Europe/London,hassan.sanchez@startup.co,Hassan Sanchez,2025-01-25,organic,True,,,8.0,2026-04-24 22:09:13.186774,2026-04-24 22:09:13.186774,Free,free,0.0,0.0,5.0,3.0,1,True,2026-04-24 22:09:13.186774,0.0,False
252,173,1,cancelled,annual,2024-04-13,2025-10-15,0.0,0.0,,Not using it,2026-04-24 22:09:13.186774,Rush Hub,Legal,enterprise,US,United States,America/Chicago,andrew.miller@company.io,Andrew Miller,2024-04-13,organic,False,2025-10-15 22:46:50,Not enough users,4.0,2026-04-24 22:09:13.186774,2026-04-24 22:09:13.186774,Free,free,0.0,0.0,5.0,3.0,1,True,2026-04-24 22:09:13.186774,0.0,True
253,174,5,cancelled,monthly,2024-08-27,2025-01-08,59.0,0.0,2024-09-10,,2026-04-24 22:09:13.186774,NexusLogic,Marketing,small,CA,Canada,America/Toronto,donna.lopez@protonmail.com,Donna Lopez,2024-08-27,paid_ads,False,2025-01-08 00:58:02,Company closed,1.0,2026-04-24 22:09:13.186774,2026-04-24 22:09:13.186774,Professional Plus,professional,59.0,590.0,100.0,100.0,50,True,2026-04-24 22:09:13.186774,59.0,True
254,175,1,cancelled,monthly,2024-05-16,2024-07-31,0.0,0.0,,Missing features,2026-04-24 22:09:13.186774,Yield Corp,Real Estate,small,BR,Brazil,America/Sao_Paulo,matthew.ramirez@yahoo.com,Matthew Ramirez,2024-05-16,organic,True,,,9.0,2026-04-24 22:09:13.186774,2026-04-24 22:09:13.186774,Free,free,0.0,0.0,5.0,3.0,1,True,2026-04-24 22:09:13.186774,0.0,False
255,175,1,active,annual,2024-07-31,,0.0,0.0,,,2026-04-24 22:09:13.186774,Yield Corp,Real Estate,small,BR,Brazil,America/Sao_Paulo,matthew.ramirez@yahoo.com,Matthew Ramirez,2024-05-16,organic,True,,,9.0,2026-04-24 22:09:13.186774,2026-04-24 22:09:13.186774,Free,free,0.0,0.0,5.0,3.0,1,True,2026-04-24 22:09:13.186774,0.0,False
256,176,6,active,monthly,2023-03-26,,74.25,25.0,2023-04-09,,2026-04-24 22:09:13.186774,MetaLogic,Media,large,CA,Canada,America/Toronto,anthony.baker@enterprise.com,Anthony Baker,2023-03-26,partner,True,,,,2026-04-24 22:09:13.186774,2026-04-24 22:09:13.186774,Enterprise,enterprise,99.0,990.0,500.0,,100,True,2026-04-24 22:09:13.186774,99.0,False
257,177,2,cancelled,annual,2023-04-27,2024-02-21,10.0,0.0,2023-05-11,Company reorganization,2026-04-24 22:09:13.186774,Iris Cloud,Finance,enterprise,CA,Canada,America/Toronto,andrew.chen@iriscloud.com,Andrew Chen,2023-04-27,organic,True,,,10.0,2026-04-24 22:09:13.186774,2026-04-24 22:09:13.186774,Starter,starter,12.0,120.0,15.0,10.0,5,True,2026-04-24 22:09:13.186774,12.0,False
258,177,3,active,monthly,2024-02-21,,19.0,0.0,,,2026-04-24 22:09:13.186774,Iris Cloud,Finance,enterprise,CA,Canada,America/Toronto,andrew.chen@iriscloud.com,Andrew Chen,2023-04-27,organic,True,,,10.0,2026-04-24 22:09:13.186774,2026-04-24 22:09:13.186774,Starter Plus,starter,19.0,190.0,25.0,20.0,10,True,2026-04-24 22:09:13.186774,19.0,False
259,178,1,active,annual,2023-12-23,,0.0,0.0,,,2026-04-24 22:09:13.186774,WarpPro,E-commerce,medium,US,United States,America/Chicago,ahmed.santos@gmail.com,Ahmed Santos,2023-12-23,referral,True,,,9.0,2026-04-24 22:09:13.186774,2026-04-24 22:09:13.186774,Free,free,0.0,0.0,5.0,3.0,1,True,2026-04-24 22:09:13.186774,0.0,False
260,179,4,cancelled,annual,2025-04-04,2025-07-11,32.5,0.0,2025-04-18,,2026-04-24 22:09:13.186774,Vine Ventures,Legal,small,FR,France,Europe/Paris,donna.green@hotmail.com,Donna Green,2025-04-04,organic,False,2025-07-11 02:55:07,Outgrew the platform,3.0,2026-04-24 22:09:13.186774,2026-04-24 22:09:13.186774,Professional,professional,39.0,390.0,50.0,50.0,25,True,2026-04-24 22:09:13.186774,39.0,True
261,180,4,expired,annual,2023-05-10,2023-08-09,27.62,15.0,2023-05-24,Not using it,2026-04-24 22:09:13.186774,Rush Dev,Telecommunications,large,US,United States,America/Chicago,david.kim@protonmail.com,David Kim,2023-05-10,organic,True,,,4.0,2026-04-24 22:09:13.186774,2026-04-24 22:09:13.186774,Professional,professional,39.0,390.0,50.0,50.0,25,True,2026-04-24 22:09:13.186774,39.0,False
262,180,6,active,monthly,2023-08-09,,99.0,0.0,,,2026-04-24 22:09:13.186774,Rush Dev,Telecommunications,large,US,United States,America/Chicago,david.kim@protonmail.com,David Kim,2023-05-10,organic,True,,,4.0,2026-04-24 22:09:13.186774,2026-04-24 22:09:13.186774,Enterprise,enterprise,99.0,990.0,500.0,,100,True,2026-04-24 22:09:13.186774,99.0,False
263,181,5,expired,monthly,2025-03-24,2025-07-17,59.0,0.0,2025-04-07,Budget cuts,2026-04-24 22:09:13.186774,PulseHub,Manufacturing,medium,US,United States,America/Los_Angeles,andrew.green@pulsehub.com,Andrew Green,2025-03-24,event,True,,,7.0,2026-04-24 22:09:13.186774,2026-04-24 22:09:13.186774,Professional Plus,professional,59.0,590.0,100.0,100.0,50,True,2026-04-24 22:09:13.186774,59.0,False
264,181,5,active,monthly,2025-07-17,,59.0,0.0,,,2026-04-24 22:09:13.186774,PulseHub,Manufacturing,medium,US,United States,America/Los_Angeles,andrew.green@pulsehub.com,Andrew Green,2025-03-24,event,True,,,7.0,2026-04-24 22:09:13.186774,2026-04-24 22:09:13.186774,Professional Plus,professional,59.0,590.0,100.0,100.0,50,True,2026-04-24 22:09:13.186774,59.0,False
265,182,3,active,monthly,2024-12-15,,19.0,0.0,2024-12-29,,2026-04-24 22:09:13.186774,SageStudio,Consulting,small,BR,Brazil,America/Sao_Paulo,james.singh@enterprise.com,James Singh,2024-12-15,partner,True,,,8.0,2026-04-24 22:09:13.186774,2026-04-24 22:09:13.186774,Starter Plus,starter,19.0,190.0,25.0,20.0,10,True,2026-04-24 22:09:13.186774,19.0,False
266,183,3,active,annual,2025-07-04,,14.25,10.0,2025-07-18,,2026-04-24 22:09:13.186774,BeamSoftware,Marketing,enterprise,DE,Germany,Europe/Berlin,lisa.scott@enterprise.com,Lisa Scott,2025-07-04,referral,True,,,3.0,2026-04-24 22:09:13.186774,2026-04-24 22:09:13.186774,Starter Plus,starter,19.0,190.0,25.0,20.0,10,True,2026-04-24 22:09:13.186774,19.0,False
267,184,1,cancelled,monthly,2023-11-06,2024-02-24,0.0,0.0,,Too expensive,2026-04-24 22:09:13.186774,BoltSystems,Finance,medium,CA,Canada,America/Toronto,james.ramirez@yahoo.com,James Ramirez,2023-11-06,referral,False,2025-10-16 20:54:57,Poor support experience,2.0,2026-04-24 22:09:13.186774,2026-04-24 22:09:13.186774,Free,free,0.0,0.0,5.0,3.0,1,True,2026-04-24 22:09:13.186774,0.0,True
268,184,5,cancelled,annual,2024-02-24,2025-10-16,49.17,0.0,,,2026-04-24 22:09:13.186774,BoltSystems,Finance,medium,CA,Canada,America/Toronto,james.ramirez@yahoo.com,James Ramirez,2023-11-06,referral,False,2025-10-16 20:54:57,Poor support experience,2.0,2026-04-24 22:09:13.186774,2026-04-24 22:09:13.186774,Professional Plus,professional,59.0,590.0,100.0,100.0,50,True,2026-04-24 22:09:13.186774,59.0,True
269,185,1,cancelled,monthly,2024-12-21,2025-04-12,0.0,0.0,,Not using it,2026-04-24 22:09:13.186774,XenonOps,Finance,small,AU,Australia,Australia/Sydney,aisha.martin@startup.co,Aisha Martin,2024-12-21,referral,False,2025-04-12 21:13:46,Not enough users,4.0,2026-04-24 22:09:13.186774,2026-04-24 22:09:13.186774,Free,free,0.0,0.0,5.0,3.0,1,True,2026-04-24 22:09:13.186774,0.0,True
270,186,2,cancelled,monthly,2023-04-15,2024-12-05,12.0,0.0,2023-04-29,Not using it,2026-04-24 22:09:13.186774,AcmeLabs,Retail,small,AU,Australia,Australia/Sydney,carlos.rodriguez@outlook.com,Carlos Rodriguez,2023-04-15,paid_ads,False,2024-12-05 23:41:34,Poor support experience,6.0,2026-04-24 22:09:13.186774,2026-04-24 22:09:13.186774,Starter,starter,12.0,120.0,15.0,10.0,5,True,2026-04-24 22:09:13.186774,12.0,True
271,187,1,expired,monthly,2024-09-22,2025-03-08,0.0,0.0,,Not using it,2026-04-24 22:09:13.186774,Hive Ventures,Technology,medium,SG,Singapore,Asia/Singapore,william.lewis@yahoo.com,William Lewis,2024-09-22,referral,True,,,,2026-04-24 22:09:13.186774,2026-04-24 22:09:13.186774,Free,free,0.0,0.0,5.0,3.0,1,True,2026-04-24 22:09:13.186774,0.0,False
272,187,3,active,monthly,2025-03-08,,19.0,0.0,,,2026-04-24 22:09:13.186774,Hive Ventures,Technology,medium,SG,Singapore,Asia/Singapore,william.lewis@yahoo.com,William Lewis,2024-09-22,referral,True,,,,2026-04-24 22:09:13.186774,2026-04-24 22:09:13.186774,Starter Plus,starter,19.0,190.0,25.0,20.0,10,True,2026-04-24 22:09:13.186774,19.0,False
273,188,2,active,monthly,2023-09-12,,12.0,0.0,2023-09-26,,2026-04-24 22:09:13.186774,GridDigital,Real Estate,large,AU,Australia,Australia/Sydney,daniel.ramirez@protonmail.com,Daniel Ramirez,2023-09-12,event,True,,,,2026-04-24 22:09:13.186774,2026-04-24 22:09:13.186774,Starter,starter,12.0,120.0,15.0,10.0,5,True,2026-04-24 22:09:13.186774,12.0,False
274,189,2,active,annual,2025-03-23,,10.0,0.0,2025-04-06,,2026-04-24 22:09:13.186774,Quest Cloud,E-commerce,medium,BR,Brazil,America/Sao_Paulo,steven.gonzalez@gmail.com,Steven Gonzalez,2025-03-23,referral,True,,,3.0,2026-04-24 22:09:13.186774,2026-04-24 22:09:13.186774,Starter,starter,12.0,120.0,15.0,10.0,5,True,2026-04-24 22:09:13.186774,12.0,False
275,190,2,active,annual,2025-09-04,,10.0,0.0,2025-09-18,,2026-04-24 22:09:13.186774,Acme Studio,Telecommunications,small,US,United States,America/Los_Angeles,matthew.santos@yahoo.com,Matthew Santos,2025-09-04,organic,True,,,8.0,2026-04-24 22:09:13.186774,2026-04-24 22:09:13.186774,Starter,starter,12.0,120.0,15.0,10.0,5,True,2026-04-24 22:09:13.186774,12.0,False
276,191,4,cancelled,annual,2024-07-03,2025-01-02,26.0,20.0,2024-07-17,Too expensive,2026-04-24 22:09:13.186774,Data Logic,Media,small,SG,Singapore,Asia/Singapore,yuki.allen@datalogic.com,Yuki Allen,2024-07-03,referral,True,,,3.0,2026-04-24 22:09:13.186774,2026-04-24 22:09:13.186774,Professional,professional,39.0,390.0,50.0,50.0,25,True,2026-04-24 22:09:13.186774,39.0,False
277,191,7,cancelled,monthly,2025-01-02,2025-07-01,149.25,25.0,,Not using it,2026-04-24 22:09:13.186774,Data Logic,Media,small,SG,Singapore,Asia/Singapore,yuki.allen@datalogic.com,Yuki Allen,2024-07-03,referral,True,,,3.0,2026-04-24 22:09:13.186774,2026-04-24 22:09:13.186774,Enterprise Custom,enterprise,199.0,1990.0,,,500,True,2026-04-24 22:09:13.186774,199.0,False
278,191,2,active,monthly,2025-07-01,,10.2,15.0,,,2026-04-24 22:09:13.186774,Data Logic,Media,small,SG,Singapore,Asia/Singapore,yuki.allen@datalogic.com,Yuki Allen,2024-07-03,referral,True,,,3.0,2026-04-24 22:09:13.186774,2026-04-24 22:09:13.186774,Starter,starter,12.0,120.0,15.0,10.0,5,True,2026-04-24 22:09:13.186774,12.0,False
279,192,2,active,monthly,2024-03-23,,12.0,0.0,2024-04-06,,2026-04-24 22:09:13.186774,GlowSoftware,Finance,medium,IN,India,Asia/Kolkata,betty.nguyen@outlook.com,Betty Nguyen,2024-03-23,organic,True,,,,2026-04-24 22:09:13.186774,2026-04-24 22:09:13.186774,Starter,starter,12.0,120.0,15.0,10.0,5,True,2026-04-24 22:09:13.186774,12.0,False
280,193,1,cancelled,monthly,2024-12-25,2025-01-28,0.0,0.0,,,2026-04-24 22:09:13.186774,PulseTech,Healthcare,medium,BR,Brazil,America/Sao_Paulo,joshua.brown@pulsetech.com,Joshua Brown,2024-12-25,event,False,2025-01-28 09:47:43,No longer needed,2.0,2026-04-24 22:09:13.186774,2026-04-24 22:09:13.186774,Free,free,0.0,0.0,5.0,3.0,1,True,2026-04-24 22:09:13.186774,0.0,True
281,194,2,active,monthly,2024-08-13,,12.0,0.0,2024-08-27,,2026-04-24 22:09:13.186774,Zeal Analytics,Legal,small,US,United States,America/New_York,lisa.tanaka@protonmail.com,Lisa Tanaka,2024-08-13,organic,True,,,7.0,2026-04-24 22:09:13.186774,2026-04-24 22:09:13.186774,Starter,starter,12.0,120.0,15.0,10.0,5,True,2026-04-24 22:09:13.186774,12.0,False
282,195,1,expired,monthly,2025-06-02,2025-09-10,0.0,0.0,,Too expensive,2026-04-24 22:09:13.186774,Kite Analytics,Insurance,small,BR,Brazil,America/Sao_Paulo,fatima.patel@kiteanalytics.com,Fatima Patel,2025-06-02,paid_ads,False,2025-07-10 22:17:22,Not enough users,8.0,2026-04-24 22:09:13.186774,2026-04-24 22:09:13.186774,Free,free,0.0,0.0,5.0,3.0,1,True,2026-04-24 22:09:13.186774,0.0,True
283,195,3,expired,annual,2025-09-10,2025-11-09,15.83,0.0,,Switched competitor,2026-04-24 22:09:13.186774,Kite Analytics,Insurance,small,BR,Brazil,America/Sao_Paulo,fatima.patel@kiteanalytics.com,Fatima Patel,2025-06-02,paid_ads,False,2025-07-10 22:17:22,Not enough users,8.0,2026-04-24 22:09:13.186774,2026-04-24 22:09:13.186774,Starter Plus,starter,19.0,190.0,25.0,20.0,10,True,2026-04-24 22:09:13.186774,19.0,True
284,195,6,cancelled,monthly,2025-11-09,2025-07-10,99.0,0.0,,Missing features,2026-04-24 22:09:13.186774,Kite Analytics,Insurance,small,BR,Brazil,America/Sao_Paulo,fatima.patel@kiteanalytics.com,Fatima Patel,2025-06-02,paid_ads,False,2025-07-10 22:17:22,Not enough users,8.0,2026-04-24 22:09:13.186774,2026-04-24 22:09:13.186774,Enterprise,enterprise,99.0,990.0,500.0,,100,True,2026-04-24 22:09:13.186774,99.0,True
285,196,2,cancelled,annual,2023-03-21,2024-03-07,10.0,0.0,2023-04-04,Company reorganization,2026-04-24 22:09:13.186774,CloudDynamics,Legal,large,SG,Singapore,Asia/Singapore,anthony.anderson@company.io,Anthony Anderson,2023-03-21,organic,True,,,8.0,2026-04-24 22:09:13.186774,2026-04-24 22:09:13.186774,Starter,starter,12.0,120.0,15.0,10.0,5,True,2026-04-24 22:09:13.186774,12.0,False
286,196,4,active,monthly,2024-03-07,,39.0,0.0,,,2026-04-24 22:09:13.186774,CloudDynamics,Legal,large,SG,Singapore,Asia/Singapore,anthony.anderson@company.io,Anthony Anderson,2023-03-21,organic,True,,,8.0,2026-04-24 22:09:13.186774,2026-04-24 22:09:13.186774,Professional,professional,39.0,390.0,50.0,50.0,25,True,2026-04-24 22:09:13.186774,39.0,False
287,197,5,active,annual,2023-01-09,,49.17,0.0,2023-01-23,,2026-04-24 22:09:13.186774,LunaPlatform,Technology,medium,US,United States,America/Chicago,sandra.jackson@outlook.com,Sandra Jackson,2023-01-09,partner,True,,,9.0,2026-04-24 22:09:13.186774,2026-04-24 22:09:13.186774,Professional Plus,professional,59.0,590.0,100.0,100.0,50,True,2026-04-24 22:09:13.186774,59.0,False
288,198,1,expired,monthly,2023-01-25,2023-04-14,0.0,0.0,,Switched competitor,2026-04-24 22:09:13.186774,DriftStudio,Consulting,enterprise,GB,United Kingdom,Europe/London,olga.wright@gmail.com,Olga Wright,2023-01-25,organic,True,,,9.0,2026-04-24 22:09:13.186774,2026-04-24 22:09:13.186774,Free,free,0.0,0.0,5.0,3.0,1,True,2026-04-24 22:09:13.186774,0.0,False
289,198,5,expired,annual,2023-04-14,2024-01-07,49.17,0.0,,Missing features,2026-04-24 22:09:13.186774,DriftStudio,Consulting,enterprise,GB,United Kingdom,Europe/London,olga.wright@gmail.com,Olga Wright,2023-01-25,organic,True,,,9.0,2026-04-24 22:09:13.186774,2026-04-24 22:09:13.186774,Professional Plus,professional,59.0,590.0,100.0,100.0,50,True,2026-04-24 22:09:13.186774,59.0,False
290,198,3,active,annual,2024-01-07,,15.83,0.0,,,2026-04-24 22:09:13.186774,DriftStudio,Consulting,enterprise,GB,United Kingdom,Europe/London,olga.wright@gmail.com,Olga Wright,2023-01-25,organic,True,,,9.0,2026-04-24 22:09:13.186774,2026-04-24 22:09:13.186774,Starter Plus,starter,19.0,190.0,25.0,20.0,10,True,2026-04-24 22:09:13.186774,19.0,False
291,199,1,cancelled,monthly,2025-09-11,2025-10-14,0.0,0.0,,,2026-04-24 22:09:13.186774,VertexLabs,Manufacturing,enterprise,FR,France,Europe/Paris,olga.martin@hotmail.com,Olga Martin,2025-09-11,partner,False,2025-10-14 10:56:18,,0.0,2026-04-24 22:09:13.186774,2026-04-24 22:09:13.186774,Free,free,0.0,0.0,5.0,3.0,1,True,2026-04-24 22:09:13.186774,0.0,True
292,200,5,active,annual,2024-03-21,,49.17,0.0,2024-04-04,,2026-04-24 22:09:13.186774,XenonHQ,Healthcare,medium,US,United States,America/Chicago,steven.rodriguez@corp.net,Steven Rodriguez,2024-03-21,organic,True,,,6.0,2026-04-24 22:09:13.186774,2026-04-24 22:09:13.186774,Professional Plus,professional,59.0,590.0,100.0,100.0,50,True,2026-04-24 22:09:13.186774,59.0,False
293,201,2,cancelled,monthly,2023-04-19,2024-01-26,12.0,0.0,2023-05-03,Company reorganization,2026-04-24 22:09:13.186774,ZenNet,Marketing,small,CA,Canada,America/Toronto,sarah.anderson@zennet.com,Sarah Anderson,2023-04-19,partner,False,2025-05-11 23:47:38,Company closed,3.0,2026-04-24 22:09:13.186774,2026-04-24 22:09:13.186774,Starter,starter,12.0,120.0,15.0,10.0,5,True,2026-04-24 22:09:13.186774,12.0,True
294,201,5,cancelled,annual,2024-01-26,2025-05-11,41.79,15.0,,Switched competitor,2026-04-24 22:09:13.186774,ZenNet,Marketing,small,CA,Canada,America/Toronto,sarah.anderson@zennet.com,Sarah Anderson,2023-04-19,partner,False,2025-05-11 23:47:38,Company closed,3.0,2026-04-24 22:09:13.186774,2026-04-24 22:09:13.186774,Professional Plus,professional,59.0,590.0,100.0,100.0,50,True,2026-04-24 22:09:13.186774,59.0,True
295,202,2,expired,annual,2025-05-05,2025-10-31,10.0,0.0,2025-05-19,Budget cuts,2026-04-24 22:09:13.186774,CoreCloud,Retail,small,US,United States,America/Chicago,william.tanaka@corecloud.com,William Tanaka,2025-05-05,organic,True,,,8.0,2026-04-24 22:09:13.186774,2026-04-24 22:09:13.186774,Starter,starter,12.0,120.0,15.0,10.0,5,True,2026-04-24 22:09:13.186774,12.0,False
296,202,6,active,monthly,2025-10-31,,99.0,0.0,,,2026-04-24 22:09:13.186774,CoreCloud,Retail,small,US,United States,America/Chicago,william.tanaka@corecloud.com,William Tanaka,2025-05-05,organic,True,,,8.0,2026-04-24 22:09:13.186774,2026-04-24 22:09:13.186774,Enterprise,enterprise,99.0,990.0,500.0,,100,True,2026-04-24 22:09:13.186774,99.0,False
297,203,2,active,annual,2025-04-03,,10.0,0.0,2025-04-17,,2026-04-24 22:09:13.186774,Tidal Analytics,Retail,small,US,United States,America/New_York,betty.lewis@outlook.com,Betty Lewis,2025-04-03,partner,True,,,2.0,2026-04-24 22:09:13.186774,2026-04-24 22:09:13.186774,Starter,starter,12.0,120.0,15.0,10.0,5,True,2026-04-24 22:09:13.186774,12.0,False
298,204,5,expired,monthly,2023-03-08,2024-01-17,44.25,25.0,2023-03-22,Missing features,2026-04-24 22:09:13.186774,IonSoftware,Marketing,large,SG,Singapore,Asia/Singapore,raj.garcia@ionsoftware.com,Raj Garcia,2023-03-08,organic,False,2025-02-23 20:19:04,,8.0,2026-04-24 22:09:13.186774,2026-04-24 22:09:13.186774,Professional Plus,professional,59.0,590.0,100.0,100.0,50,True,2026-04-24 22:09:13.186774,59.0,True
299,204,1,cancelled,annual,2024-01-17,2025-02-23,0.0,0.0,,Company reorganization,2026-04-24 22:09:13.186774,IonSoftware,Marketing,large,SG,Singapore,Asia/Singapore,raj.garcia@ionsoftware.com,Raj Garcia,2023-03-08,organic,False,2025-02-23 20:19:04,,8.0,2026-04-24 22:09:13.186774,2026-04-24 22:09:13.186774,Free,free,0.0,0.0,5.0,3.0,1,True,2026-04-24 22:09:13.186774,0.0,True
300,205,5,active,annual,2023-06-26,,49.17,0.0,2023-07-10,,2026-04-24 22:09:13.186774,HubAI,Technology,small,BR,Brazil,America/Sao_Paulo,margaret.ivanov@startup.co,Margaret Ivanov,2023-06-26,event,True,,,,2026-04-24 22:09:13.186774,2026-04-24 22:09:13.186774,Professional Plus,professional,59.0,590.0,100.0,100.0,50,True,2026-04-24 22:09:13.186774,59.0,False
301,206,1,expired,annual,2023-03-31,2023-07-26,0.0,0.0,,Not using it,2026-04-24 22:09:13.186774,RushHQ,Technology,medium,BR,Brazil,America/Sao_Paulo,donna.thomas@tech.dev,Donna Thomas,2023-03-31,partner,True,,,5.0,2026-04-24 22:09:13.186774,2026-04-24 22:09:13.186774,Free,free,0.0,0.0,5.0,3.0,1,True,2026-04-24 22:09:13.186774,0.0,False
302,206,6,active,monthly,2023-07-26,,74.25,25.0,,,2026-04-24 22:09:13.186774,RushHQ,Technology,medium,BR,Brazil,America/Sao_Paulo,donna.thomas@tech.dev,Donna Thomas,2023-03-31,partner,True,,,5.0,2026-04-24 22:09:13.186774,2026-04-24 22:09:13.186774,Enterprise,enterprise,99.0,990.0,500.0,,100,True,2026-04-24 22:09:13.186774,99.0,False
303,207,1,active,monthly,2024-02-02,,0.0,0.0,,,2026-04-24 22:09:13.186774,OnyxDynamics,Manufacturing,enterprise,FR,France,Europe/Paris,daniel.walker@corp.net,Daniel Walker,2024-02-02,organic,True,,,8.0,2026-04-24 22:09:13.186774,2026-04-24 22:09:13.186774,Free,free,0.0,0.0,5.0,3.0,1,True,2026-04-24 22:09:13.186774,0.0,False
304,208,2,active,annual,2025-03-21,,10.0,0.0,2025-04-04,,2026-04-24 22:09:13.186774,Echo Dev,Marketing,enterprise,BR,Brazil,America/Sao_Paulo,joseph.hernandez@protonmail.com,Joseph Hernandez,2025-03-21,partner,True,,,10.0,2026-04-24 22:09:13.186774,2026-04-24 22:09:13.186774,Starter,starter,12.0,120.0,15.0,10.0,5,True,2026-04-24 22:09:13.186774,12.0,False
305,209,2,expired,monthly,2023-01-29,2023-11-30,12.0,0.0,2023-02-12,Company reorganization,2026-04-24 22:09:13.186774,KeenLogic,Retail,enterprise,US,United States,America/Los_Angeles,barbara.thomas@company.io,Barbara Thomas,2023-01-29,paid_ads,True,,,8.0,2026-04-24 22:09:13.186774,2026-04-24 22:09:13.186774,Starter,starter,12.0,120.0,15.0,10.0,5,True,2026-04-24 22:09:13.186774,12.0,False
306,209,6,active,annual,2023-11-30,,82.5,0.0,,,2026-04-24 22:09:13.186774,KeenLogic,Retail,enterprise,US,United States,America/Los_Angeles,barbara.thomas@company.io,Barbara Thomas,2023-01-29,paid_ads,True,,,8.0,2026-04-24 22:09:13.186774,2026-04-24 22:09:13.186774,Enterprise,enterprise,99.0,990.0,500.0,,100,True,2026-04-24 22:09:13.186774,99.0,False
307,210,2,expired,annual,2024-09-20,2025-01-13,10.0,0.0,2024-10-04,Missing features,2026-04-24 22:09:13.186774,FluxDynamics,Consulting,small,US,United States,America/Chicago,patricia.anderson+nimbus@gmail.com,Patricia Anderson,2024-09-20,organic,True,,,8.0,2026-04-24 22:09:13.186774,2026-04-24 22:09:13.186774,Starter,starter,12.0,120.0,15.0,10.0,5,True,2026-04-24 22:09:13.186774,12.0,False
308,210,5,active,monthly,2025-01-13,,59.0,0.0,,,2026-04-24 22:09:13.186774,FluxDynamics,Consulting,small,US,United States,America/Chicago,patricia.anderson+nimbus@gmail.com,Patricia Anderson,2024-09-20,organic,True,,,8.0,2026-04-24 22:09:13.186774,2026-04-24 22:09:13.186774,Professional Plus,professional,59.0,590.0,100.0,100.0,50,True,2026-04-24 22:09:13.186774,59.0,False
309,211,2,active,monthly,2023-12-11,,12.0,0.0,2023-12-25,,2026-04-24 22:09:13.186774,Trek Digital,Insurance,small,JP,Japan,Asia/Tokyo,kenji.white@startup.co,Kenji White,2023-12-11,organic,True,,,4.0,2026-04-24 22:09:13.186774,2026-04-24 22:09:13.186774,Starter,starter,12.0,120.0,15.0,10.0,5,True,2026-04-24 22:09:13.186774,12.0,False
310,212,1,active,annual,2024-01-23,,0.0,0.0,,,2026-04-24 22:09:13.186774,OnyxIO,Finance,large,JP,Japan,Asia/Tokyo,carlos.flores@corp.net,Carlos Flores,2024-01-23,paid_ads,True,,,,2026-04-24 22:09:13.186774,2026-04-24 22:09:13.186774,Free,free,0.0,0.0,5.0,3.0,1,True,2026-04-24 22:09:13.186774,0.0,False
311,213,2,cancelled,monthly,2024-08-02,2025-09-21,9.0,25.0,2024-08-16,Switched competitor,2026-04-24 22:09:13.186774,Sage Ventures,Manufacturing,enterprise,BR,Brazil,America/Sao_Paulo,john.lopez@corp.net,John Lopez,2024-08-02,organic,False,2025-09-21 09:33:35,No longer needed,0.0,2026-04-24 22:09:13.186774,2026-04-24 22:09:13.186774,Starter,starter,12.0,120.0,15.0,10.0,5,True,2026-04-24 22:09:13.186774,12.0,True
312,214,5,cancelled,monthly,2023-09-13,2024-01-27,59.0,0.0,2023-09-27,Switched competitor,2026-04-24 22:09:13.186774,UltraSolutions,Healthcare,enterprise,FR,France,Europe/Paris,wei.green@gmail.com,Wei Green,2023-09-13,organic,True,,,9.0,2026-04-24 22:09:13.186774,2026-04-24 22:09:13.186774,Professional Plus,professional,59.0,590.0,100.0,100.0,50,True,2026-04-24 22:09:13.186774,59.0,False
313,214,6,active,monthly,2024-01-27,,99.0,0.0,,,2026-04-24 22:09:13.186774,UltraSolutions,Healthcare,enterprise,FR,France,Europe/Paris,wei.green@gmail.com,Wei Green,2023-09-13,organic,True,,,9.0,2026-04-24 22:09:13.186774,2026-04-24 22:09:13.186774,Enterprise,enterprise,99.0,990.0,500.0,,100,True,2026-04-24 22:09:13.186774,99.0,False
314,215,3,active,annual,2024-12-04,,15.83,0.0,2024-12-18,,2026-04-24 22:09:13.186774,ArcSolutions,Consulting,medium,IN,India,Asia/Kolkata,paul.harris@corp.net,Paul Harris,2024-12-04,organic,True,,,9.0,2026-04-24 22:09:13.186774,2026-04-24 22:09:13.186774,Starter Plus,starter,19.0,190.0,25.0,20.0,10,True,2026-04-24 22:09:13.186774,19.0,False
315,216,3,cancelled,annual,2024-09-20,2025-09-10,15.83,0.0,2024-10-04,,2026-04-24 22:09:13.186774,SyncLabs,Healthcare,small,IN,India,Asia/Kolkata,william.harris@outlook.com,William Harris,2024-09-20,organic,True,,,,2026-04-24 22:09:13.186774,2026-04-24 22:09:13.186774,Starter Plus,starter,19.0,190.0,25.0,20.0,10,True,2026-04-24 22:09:13.186774,19.0,False
316,216,5,cancelled,monthly,2025-09-10,2025-11-10,59.0,0.0,,Not using it,2026-04-24 22:09:13.186774,SyncLabs,Healthcare,small,IN,India,Asia/Kolkata,william.harris@outlook.com,William Harris,2024-09-20,organic,True,,,,2026-04-24 22:09:13.186774,2026-04-24 22:09:13.186774,Professional Plus,professional,59.0,590.0,100.0,100.0,50,True,2026-04-24 22:09:13.186774,59.0,False
317,216,3,active,monthly,2025-11-10,,19.0,0.0,,,2026-04-24 22:09:13.186774,SyncLabs,Healthcare,small,IN,India,Asia/Kolkata,william.harris@outlook.com,William Harris,2024-09-20,organic,True,,,,2026-04-24 22:09:13.186774,2026-04-24 22:09:13.186774,Starter Plus,starter,19.0,190.0,25.0,20.0,10,True,2026-04-24 22:09:13.186774,19.0,False
318,217,1,expired,monthly,2025-01-17,2025-08-23,0.0,0.0,,Not using it,2026-04-24 22:09:13.186774,PeakSolutions,Manufacturing,small,US,United States,America/New_York,michael.perez@tech.dev,Michael Perez,2025-01-17,event,True,,,,2026-04-24 22:09:13.186774,2026-04-24 22:09:13.186774,Free,free,0.0,0.0,5.0,3.0,1,True,2026-04-24 22:09:13.186774,0.0,False
319,217,1,active,annual,2025-08-23,,0.0,0.0,,,2026-04-24 22:09:13.186774,PeakSolutions,Manufacturing,small,US,United States,America/New_York,michael.perez@tech.dev,Michael Perez,2025-01-17,event,True,,,,2026-04-24 22:09:13.186774,2026-04-24 22:09:13.186774,Free,free,0.0,0.0,5.0,3.0,1,True,2026-04-24 22:09:13.186774,0.0,False
320,218,2,cancelled,monthly,2023-04-10,2024-01-30,10.8,10.0,2023-04-24,Budget cuts,2026-04-24 22:09:13.186774,Keen Dynamics,Retail,medium,US,United States,America/Los_Angeles,Patricia.White@corp.net,Patricia White,2023-04-10,referral,False,2024-01-30 09:05:08,,0.0,2026-04-24 22:09:13.186774,2026-04-24 22:09:13.186774,Starter,starter,12.0,120.0,15.0,10.0,5,True,2026-04-24 22:09:13.186774,12.0,True
321,219,5,cancelled,monthly,2024-04-01,2025-04-07,59.0,0.0,2024-04-15,Switched competitor,2026-04-24 22:09:13.186774,TidalLogic,Telecommunications,large,DE,Germany,Europe/Berlin,jennifer.adams@startup.co,Jennifer Adams,2024-04-01,organic,False,2025-04-07 13:21:20,Not enough users,7.0,2026-04-24 22:09:13.186774,2026-04-24 22:09:13.186774,Professional Plus,professional,59.0,590.0,100.0,100.0,50,True,2026-04-24 22:09:13.186774,59.0,True
322,220,4,cancelled,monthly,2024-03-04,2024-12-09,33.15,15.0,2024-03-18,Missing features,2026-04-24 22:09:13.186774,GridTech,Insurance,medium,AU,Australia,Australia/Sydney,priya.nguyen@startup.co,Priya Nguyen,2024-03-04,referral,True,,,,2026-04-24 22:09:13.186774,2026-04-24 22:09:13.186774,Professional,professional,39.0,390.0,50.0,50.0,25,True,2026-04-24 22:09:13.186774,39.0,False
323,220,6,active,annual,2024-12-09,,82.5,0.0,,,2026-04-24 22:09:13.186774,GridTech,Insurance,medium,AU,Australia,Australia/Sydney,priya.nguyen@startup.co,Priya Nguyen,2024-03-04,referral,True,,,,2026-04-24 22:09:13.186774,2026-04-24 22:09:13.186774,Enterprise,enterprise,99.0,990.0,500.0,,100,True,2026-04-24 22:09:13.186774,99.0,False
324,221,5,cancelled,monthly,2024-09-27,2025-10-30,59.0,0.0,2024-10-11,,2026-04-24 22:09:13.186774,KeenPlatform,Healthcare,medium,FR,France,Europe/Paris,john.allen@corp.net,John Allen,2024-09-27,paid_ads,False,2025-10-30 15:41:46,,9.0,2026-04-24 22:09:13.186774,2026-04-24 22:09:13.186774,Professional Plus,professional,59.0,590.0,100.0,100.0,50,True,2026-04-24 22:09:13.186774,59.0,True
325,222,2,cancelled,annual,2025-07-25,2025-10-16,10.0,0.0,2025-08-08,,2026-04-24 22:09:13.186774,Beam Tech,Logistics,medium,GB,United Kingdom,Europe/London,sofia.green@company.io,Sofia Green,2025-07-25,organic,True,,,8.0,2026-04-24 22:09:13.186774,2026-04-24 22:09:13.186774,Starter,starter,12.0,120.0,15.0,10.0,5,True,2026-04-24 22:09:13.186774,12.0,False
326,222,7,active,monthly,2025-10-16,,179.1,10.0,,,2026-04-24 22:09:13.186774,Beam Tech,Logistics,medium,GB,United Kingdom,Europe/London,sofia.green@company.io,Sofia Green,2025-07-25,organic,True,,,8.0,2026-04-24 22:09:13.186774,2026-04-24 22:09:13.186774,Enterprise Custom,enterprise,199.0,1990.0,,,500,True,2026-04-24 22:09:13.186774,199.0,False
327,223,3,active,annual,2024-08-03,,15.83,0.0,2024-08-17,,2026-04-24 22:09:13.186774,RushDev,Retail,small,FR,France,Europe/Paris,donna.nguyen@rushdev.com,Donna Nguyen,2024-08-03,referral,True,,,,2026-04-24 22:09:13.186774,2026-04-24 22:09:13.186774,Starter Plus,starter,19.0,190.0,25.0,20.0,10,True,2026-04-24 22:09:13.186774,19.0,False
328,224,1,cancelled,annual,2023-02-08,2024-11-24,0.0,15.0,,Budget cuts,2026-04-24 22:09:13.186774,GridVentures,Insurance,small,JP,Japan,Asia/Tokyo,daniel.clark@corp.net,Daniel Clark,2023-02-08,organic,False,2024-11-24 23:57:29,No longer needed,,2026-04-24 22:09:13.186774,2026-04-24 22:09:13.186774,Free,free,0.0,0.0,5.0,3.0,1,True,2026-04-24 22:09:13.186774,0.0,True
329,225,3,active,monthly,2025-04-17,,19.0,0.0,2025-05-01,,2026-04-24 22:09:13.186774,CloudLogic,Marketing,large,GB,United Kingdom,Europe/London,patricia.chen@cloudlogic.com,Patricia Chen,2025-04-17,referral,True,,,9.0,2026-04-24 22:09:13.186774,2026-04-24 22:09:13.186774,Starter Plus,starter,19.0,190.0,25.0,20.0,10,True,2026-04-24 22:09:13.186774,19.0,False
330,226,1,active,annual,2025-07-24,,0.0,0.0,,,2026-04-24 22:09:13.186774,OrbitDigital,Legal,medium,IN,India,Asia/Kolkata,sarah.patel@hotmail.com,Sarah Patel,2025-07-24,organic,True,,,,2026-04-24 22:09:13.186774,2026-04-24 22:09:13.186774,Free,free,0.0,0.0,5.0,3.0,1,True,2026-04-24 22:09:13.186774,0.0,False
331,227,5,expired,monthly,2023-07-17,2023-11-22,59.0,0.0,2023-07-31,Company reorganization,2026-04-24 22:09:13.186774,DataDev,Healthcare,small,FR,France,Europe/Paris,steven.sanchez@datadev.com,Steven Sanchez,2023-07-17,organic,True,,,2.0,2026-04-24 22:09:13.186774,2026-04-24 22:09:13.186774,Professional Plus,professional,59.0,590.0,100.0,100.0,50,True,2026-04-24 22:09:13.186774,59.0,False
332,227,2,active,monthly,2023-11-22,,10.8,10.0,,,2026-04-24 22:09:13.186774,DataDev,Healthcare,small,FR,France,Europe/Paris,steven.sanchez@datadev.com,Steven Sanchez,2023-07-17,organic,True,,,2.0,2026-04-24 22:09:13.186774,2026-04-24 22:09:13.186774,Starter,starter,12.0,120.0,15.0,10.0,5,True,2026-04-24 22:09:13.186774,12.0,False
333,228,5,active,monthly,2023-09-05,,59.0,0.0,2023-09-19,,2026-04-24 22:09:13.186774,DriftAI,Legal,small,DE,Germany,Europe/Berlin,nancy.ivanov@outlook.com,Nancy Ivanov,2023-09-05,referral,True,,,4.0,2026-04-24 22:09:13.186774,2026-04-24 22:09:13.186774,Professional Plus,professional,59.0,590.0,100.0,100.0,50,True,2026-04-24 22:09:13.186774,59.0,False
334,229,6,cancelled,annual,2025-05-24,2025-10-10,61.88,25.0,2025-06-07,Company reorganization,2026-04-24 22:09:13.186774,LinkDynamics,Finance,enterprise,DE,Germany,Europe/Berlin,ahmed.santos@linkdynamics.com,Ahmed Santos,2025-05-24,partner,True,,,,2026-04-24 22:09:13.186774,2026-04-24 22:09:13.186774,Enterprise,enterprise,99.0,990.0,500.0,,100,True,2026-04-24 22:09:13.186774,99.0,False
335,229,5,active,annual,2025-10-10,,49.17,0.0,,,2026-04-24 22:09:13.186774,LinkDynamics,Finance,enterprise,DE,Germany,Europe/Berlin,ahmed.santos@linkdynamics.com,Ahmed Santos,2025-05-24,partner,True,,,,2026-04-24 22:09:13.186774,2026-04-24 22:09:13.186774,Professional Plus,professional,59.0,590.0,100.0,100.0,50,True,2026-04-24 22:09:13.186774,59.0,False
336,230,3,active,monthly,2023-05-16,,19.0,0.0,2023-05-30,,2026-04-24 22:09:13.186774,PeakPlatform,Education,large,AU,Australia,Australia/Sydney,steven.johnson@gmail.com,Steven Johnson,2023-05-16,organic,True,,,,2026-04-24 22:09:13.186774,2026-04-24 22:09:13.186774,Starter Plus,starter,19.0,190.0,25.0,20.0,10,True,2026-04-24 22:09:13.186774,19.0,False
337,231,3,active,monthly,2023-08-12,,19.0,0.0,2023-08-26,,2026-04-24 22:09:13.186774,OrbitAnalytics,Education,large,FR,France,Europe/Paris,raj.moore@company.io,Raj Moore,2023-08-12,organic,True,,,,2026-04-24 22:09:13.186774,2026-04-24 22:09:13.186774,Starter Plus,starter,19.0,190.0,25.0,20.0,10,True,2026-04-24 22:09:13.186774,19.0,False
338,232,4,active,annual,2023-10-11,,32.5,0.0,2023-10-25,,2026-04-24 22:09:13.186774,Quest Studio,Media,large,BR,Brazil,America/Sao_Paulo,joshua.jackson@outlook.com,Joshua Jackson,2023-10-11,event,True,,,,2026-04-24 22:09:13.186774,2026-04-24 22:09:13.186774,Professional,professional,39.0,390.0,50.0,50.0,25,True,2026-04-24 22:09:13.186774,39.0,False
339,233,2,active,monthly,2023-10-30,,12.0,0.0,2023-11-13,,2026-04-24 22:09:13.186774,Hive Hub,E-commerce,small,BR,Brazil,America/Sao_Paulo,betty.nelson@gmail.com,Betty Nelson,2023-10-30,organic,True,,,7.0,2026-04-24 22:09:13.186774,2026-04-24 22:09:13.186774,Starter,starter,12.0,120.0,15.0,10.0,5,True,2026-04-24 22:09:13.186774,12.0,False
340,234,5,cancelled,monthly,2024-11-18,2025-06-15,53.1,10.0,2024-12-02,Not using it,2026-04-24 22:09:13.186774,LinkNet,Retail,small,IN,India,Asia/Kolkata,olga.rivera@enterprise.com,Olga Rivera,2024-11-18,paid_ads,True,,,4.0,2026-04-24 22:09:13.186774,2026-04-24 22:09:13.186774,Professional Plus,professional,59.0,590.0,100.0,100.0,50,True,2026-04-24 22:09:13.186774,59.0,False
341,234,4,active,monthly,2025-06-15,,39.0,0.0,,,2026-04-24 22:09:13.186774,LinkNet,Retail,small,IN,India,Asia/Kolkata,olga.rivera@enterprise.com,Olga Rivera,2024-11-18,paid_ads,True,,,4.0,2026-04-24 22:09:13.186774,2026-04-24 22:09:13.186774,Professional,professional,39.0,390.0,50.0,50.0,25,True,2026-04-24 22:09:13.186774,39.0,False
342,235,1,active,annual,2023-08-16,,0.0,0.0,,,2026-04-24 22:09:13.186774,SyncSystems,Legal,small,FR,France,Europe/Paris,hassan.scott@company.io,Hassan Scott,2023-08-16,event,True,,,,2026-04-24 22:09:13.186774,2026-04-24 22:09:13.186774,Free,free,0.0,0.0,5.0,3.0,1,True,2026-04-24 22:09:13.186774,0.0,False
343,236,3,expired,annual,2024-09-27,2025-02-04,15.83,0.0,2024-10-11,Missing features,2026-04-24 22:09:13.186774,ArcWorks,Real Estate,small,CA,Canada,America/Toronto,ana.davis@corp.net,Ana Davis,2024-09-27,organic,False,2025-10-07 10:03:06,Missing features,7.0,2026-04-24 22:09:13.186774,2026-04-24 22:09:13.186774,Starter Plus,starter,19.0,190.0,25.0,20.0,10,True,2026-04-24 22:09:13.186774,19.0,True
344,236,4,cancelled,annual,2025-02-04,2025-10-07,29.25,10.0,,Not using it,2026-04-24 22:09:13.186774,ArcWorks,Real Estate,small,CA,Canada,America/Toronto,ana.davis@corp.net,Ana Davis,2024-09-27,organic,False,2025-10-07 10:03:06,Missing features,7.0,2026-04-24 22:09:13.186774,2026-04-24 22:09:13.186774,Professional,professional,39.0,390.0,50.0,50.0,25,True,2026-04-24 22:09:13.186774,39.0,True
345,237,1,expired,monthly,2025-06-02,2025-10-16,0.0,0.0,,Company reorganization,2026-04-24 22:09:13.186774,HiveCloud,Retail,enterprise,US,United States,America/Los_Angeles,david.gonzalez@hivecloud.com,David Gonzalez,2025-06-02,referral,True,,,,2026-04-24 22:09:13.186774,2026-04-24 22:09:13.186774,Free,free,0.0,0.0,5.0,3.0,1,True,2026-04-24 22:09:13.186774,0.0,False
346,237,5,cancelled,annual,2025-10-16,2025-12-16,49.17,0.0,,Not using it,2026-04-24 22:09:13.186774,HiveCloud,Retail,enterprise,US,United States,America/Los_Angeles,david.gonzalez@hivecloud.com,David Gonzalez,2025-06-02,referral,True,,,,2026-04-24 22:09:13.186774,2026-04-24 22:09:13.186774,Professional Plus,professional,59.0,590.0,100.0,100.0,50,True,2026-04-24 22:09:13.186774,59.0,False
347,237,3,active,monthly,2025-12-16,,15.2,20.0,,,2026-04-24 22:09:13.186774,HiveCloud,Retail,enterprise,US,United States,America/Los_Angeles,david.gonzalez@hivecloud.com,David Gonzalez,2025-06-02,referral,True,,,,2026-04-24 22:09:13.186774,2026-04-24 22:09:13.186774,Starter Plus,starter,19.0,190.0,25.0,20.0,10,True,2026-04-24 22:09:13.186774,19.0,False
348,238,4,expired,monthly,2023-06-12,2023-12-25,39.0,0.0,2023-06-26,Budget cuts,2026-04-24 22:09:13.186774,VertexStack,Marketing,large,US,United States,America/New_York,james.lewis@yahoo.com,James Lewis,2023-06-12,referral,True,,,,2026-04-24 22:09:13.186774,2026-04-24 22:09:13.186774,Professional,professional,39.0,390.0,50.0,50.0,25,True,2026-04-24 22:09:13.186774,39.0,False
349,238,4,active,monthly,2023-12-25,,35.1,10.0,,,2026-04-24 22:09:13.186774,VertexStack,Marketing,large,US,United States,America/New_York,james.lewis@yahoo.com,James Lewis,2023-06-12,referral,True,,,,2026-04-24 22:09:13.186774,2026-04-24 22:09:13.186774,Professional,professional,39.0,390.0,50.0,50.0,25,True,2026-04-24 22:09:13.186774,39.0,False
350,239,4,cancelled,annual,2025-07-02,2025-09-20,32.5,0.0,2025-07-16,Not using it,2026-04-24 22:09:13.186774,IonGroup,Manufacturing,medium,AU,Australia,Australia/Sydney,Donald.Harris@company.io,Donald Harris,2025-07-02,partner,True,,,,2026-04-24 22:09:13.186774,2026-04-24 22:09:13.186774,Professional,professional,39.0,390.0,50.0,50.0,25,True,2026-04-24 22:09:13.186774,39.0,False
351,239,5,cancelled,annual,2025-09-20,2025-11-20,49.17,0.0,,Not using it,2026-04-24 22:09:13.186774,IonGroup,Manufacturing,medium,AU,Australia,Australia/Sydney,Donald.Harris@company.io,Donald Harris,2025-07-02,partner,True,,,,2026-04-24 22:09:13.186774,2026-04-24 22:09:13.186774,Professional Plus,professional,59.0,590.0,100.0,100.0,50,True,2026-04-24 22:09:13.186774,59.0,False
352,239,5,active,monthly,2025-11-20,,59.0,0.0,,,2026-04-24 22:09:13.186774,IonGroup,Manufacturing,medium,AU,Australia,Australia/Sydney,Donald.Harris@company.io,Donald Harris,2025-07-02,partner,True,,,,2026-04-24 22:09:13.186774,2026-04-24 22:09:13.186774,Professional Plus,professional,59.0,590.0,100.0,100.0,50,True,2026-04-24 22:09:13.186774,59.0,False
353,240,1,cancelled,monthly,2025-04-23,2025-10-18,0.0,0.0,,Missing features,2026-04-24 22:09:13.186774,Unit Platform,E-commerce,large,IN,India,Asia/Kolkata,karen.rodriguez@protonmail.com,Karen Rodriguez,2025-04-23,organic,False,2025-07-18 11:21:20,Not enough users,,2026-04-24 22:09:13.186774,2026-04-24 22:09:13.186774,Free,free,0.0,0.0,5.0,3.0,1,True,2026-04-24 22:09:13.186774,0.0,True
354,240,4,cancelled,monthly,2025-10-18,2025-07-18,39.0,0.0,,Budget cuts,2026-04-24 22:09:13.186774,Unit Platform,E-commerce,large,IN,India,Asia/Kolkata,karen.rodriguez@protonmail.com,Karen Rodriguez,2025-04-23,organic,False,2025-07-18 11:21:20,Not enough users,,2026-04-24 22:09:13.186774,2026-04-24 22:09:13.186774,Professional,professional,39.0,390.0,50.0,50.0,25,True,2026-04-24 22:09:13.186774,39.0,True
355,241,2,cancelled,monthly,2023-08-18,2024-08-15,12.0,0.0,2023-09-01,,2026-04-24 22:09:13.186774,BeamOps,Marketing,medium,IN,India,Asia/Kolkata,priya.gonzalez@beamops.com,Priya Gonzalez,2023-08-18,paid_ads,True,,,9.0,2026-04-24 22:09:13.186774,2026-04-24 22:09:13.186774,Starter,starter,12.0,120.0,15.0,10.0,5,True,2026-04-24 22:09:13.186774,12.0,False
356,241,3,active,annual,2024-08-15,,15.83,0.0,,,2026-04-24 22:09:13.186774,BeamOps,Marketing,medium,IN,India,Asia/Kolkata,priya.gonzalez@beamops.com,Priya Gonzalez,2023-08-18,paid_ads,True,,,9.0,2026-04-24 22:09:13.186774,2026-04-24 22:09:13.186774,Starter Plus,starter,19.0,190.0,25.0,20.0,10,True,2026-04-24 22:09:13.186774,19.0,False
357,242,3,cancelled,annual,2024-11-08,2025-10-05,15.83,0.0,2024-11-22,,2026-04-24 22:09:13.186774,HubStudio,Insurance,small,AU,Australia,Australia/Sydney,aisha.taylor@corp.net,Aisha Taylor,2024-11-08,referral,False,2025-10-28 17:12:12,Too expensive,0.0,2026-04-24 22:09:13.186774,2026-04-24 22:09:13.186774,Starter Plus,starter,19.0,190.0,25.0,20.0,10,True,2026-04-24 22:09:13.186774,19.0,True
358,242,4,cancelled,monthly,2025-10-05,2025-10-28,39.0,0.0,,Not using it,2026-04-24 22:09:13.186774,HubStudio,Insurance,small,AU,Australia,Australia/Sydney,aisha.taylor@corp.net,Aisha Taylor,2024-11-08,referral,False,2025-10-28 17:12:12,Too expensive,0.0,2026-04-24 22:09:13.186774,2026-04-24 22:09:13.186774,Professional,professional,39.0,390.0,50.0,50.0,25,True,2026-04-24 22:09:13.186774,39.0,True
359,243,1,active,monthly,2023-10-04,,0.0,0.0,,,2026-04-24 22:09:13.186774,YieldSystems,Consulting,large,US,United States,America/Los_Angeles,susan.hall+nimbus@outlook.com,Susan Hall,2023-10-04,organic,True,,,,2026-04-24 22:09:13.186774,2026-04-24 22:09:13.186774,Free,free,0.0,0.0,5.0,3.0,1,True,2026-04-24 22:09:13.186774,0.0,False
360,244,2,cancelled,monthly,2023-10-30,2024-09-07,12.0,0.0,2023-11-13,Missing features,2026-04-24 22:09:13.186774,Grid IO,E-commerce,medium,GB,United Kingdom,Europe/London,lars.taylor@company.io,Lars Taylor,2023-10-30,referral,False,2025-01-27 18:02:49,Not enough users,,2026-04-24 22:09:13.186774,2026-04-24 22:09:13.186774,Starter,starter,12.0,120.0,15.0,10.0,5,True,2026-04-24 22:09:13.186774,12.0,True
361,244,3,cancelled,monthly,2024-09-07,2025-01-27,19.0,0.0,,,2026-04-24 22:09:13.186774,Grid IO,E-commerce,medium,GB,United Kingdom,Europe/London,lars.taylor@company.io,Lars Taylor,2023-10-30,referral,False,2025-01-27 18:02:49,Not enough users,,2026-04-24 22:09:13.186774,2026-04-24 22:09:13.186774,Starter Plus,starter,19.0,190.0,25.0,20.0,10,True,2026-04-24 22:09:13.186774,19.0,True
362,245,2,cancelled,monthly,2025-01-10,2025-05-19,12.0,0.0,2025-01-24,Switched competitor,2026-04-24 22:09:13.186774,Quest Tech,Telecommunications,small,BR,Brazil,America/Sao_Paulo,wei.young@questtech.com,Wei Young,2025-01-10,event,False,2025-05-19 09:05:14,,10.0,2026-04-24 22:09:13.186774,2026-04-24 22:09:13.186774,Starter,starter,12.0,120.0,15.0,10.0,5,True,2026-04-24 22:09:13.186774,12.0,True
363,246,2,cancelled,monthly,2025-06-30,2025-10-20,12.0,0.0,2025-07-14,Too expensive,2026-04-24 22:09:13.186774,Luna AI,Retail,small,IN,India,Asia/Kolkata,hassan.baker@outlook.com,Hassan Baker,2025-06-30,paid_ads,False,2025-10-20 17:18:03,No longer needed,,2026-04-24 22:09:13.186774,2026-04-24 22:09:13.186774,Starter,starter,12.0,120.0,15.0,10.0,5,True,2026-04-24 22:09:13.186774,12.0,True
364,247,1,expired,monthly,2024-04-12,2025-03-05,0.0,0.0,,Too expensive,2026-04-24 22:09:13.186774,VertexStudio,Real Estate,small,FR,France,Europe/Paris,jennifer.white@startup.co,Jennifer White,2024-04-12,organic,True,,,9.0,2026-04-24 22:09:13.186774,2026-04-24 22:09:13.186774,Free,free,0.0,0.0,5.0,3.0,1,True,2026-04-24 22:09:13.186774,0.0,False
365,247,6,expired,annual,2025-03-05,2025-06-08,82.5,0.0,,Not using it,2026-04-24 22:09:13.186774,VertexStudio,Real Estate,small,FR,France,Europe/Paris,jennifer.white@startup.co,Jennifer White,2024-04-12,organic,True,,,9.0,2026-04-24 22:09:13.186774,2026-04-24 22:09:13.186774,Enterprise,enterprise,99.0,990.0,500.0,,100,True,2026-04-24 22:09:13.186774,99.0,False
366,247,3,active,annual,2025-06-08,,15.83,0.0,,,2026-04-24 22:09:13.186774,VertexStudio,Real Estate,small,FR,France,Europe/Paris,jennifer.white@startup.co,Jennifer White,2024-04-12,organic,True,,,9.0,2026-04-24 22:09:13.186774,2026-04-24 22:09:13.186774,Starter Plus,starter,19.0,190.0,25.0,20.0,10,True,2026-04-24 22:09:13.186774,19.0,False
367,248,1,cancelled,monthly,2023-07-05,2024-05-26,0.0,0.0,,Budget cuts,2026-04-24 22:09:13.186774,Sage Pro,Technology,enterprise,US,United States,America/Los_Angeles,michael.clark@corp.net,Michael Clark,2023-07-05,organic,True,,,,2026-04-24 22:09:13.186774,2026-04-24 22:09:13.186774,Free,free,0.0,0.0,5.0,3.0,1,True,2026-04-24 22:09:13.186774,0.0,False
368,248,5,active,annual,2024-05-26,,49.17,0.0,,,2026-04-24 22:09:13.186774,Sage Pro,Technology,enterprise,US,United States,America/Los_Angeles,michael.clark@corp.net,Michael Clark,2023-07-05,organic,True,,,,2026-04-24 22:09:13.186774,2026-04-24 22:09:13.186774,Professional Plus,professional,59.0,590.0,100.0,100.0,50,True,2026-04-24 22:09:13.186774,59.0,False
369,249,4,active,monthly,2025-06-08,,39.0,0.0,2025-06-22,,2026-04-24 22:09:13.186774,RiftPro,Finance,medium,CA,Canada,America/Toronto,linda.clark@riftpro.com,Linda Clark,2025-06-08,partner,True,,,,2026-04-24 22:09:13.186774,2026-04-24 22:09:13.186774,Professional,professional,39.0,390.0,50.0,50.0,25,True,2026-04-24 22:09:13.186774,39.0,False
370,250,2,cancelled,annual,2025-04-26,2025-09-07,10.0,0.0,2025-05-10,Company reorganization,2026-04-24 22:09:13.186774,SageNet,Manufacturing,large,FR,France,Europe/Paris,jessica.walker@sagenet.com,Jessica Walker,2025-04-26,organic,True,,,,2026-04-24 22:09:13.186774,2026-04-24 22:09:13.186774,Starter,starter,12.0,120.0,15.0,10.0,5,True,2026-04-24 22:09:13.186774,12.0,False
371,250,4,active,monthly,2025-09-07,,39.0,0.0,,,2026-04-24 22:09:13.186774,SageNet,Manufacturing,large,FR,France,Europe/Paris,jessica.walker@sagenet.com,Jessica Walker,2025-04-26,organic,True,,,,2026-04-24 22:09:13.186774,2026-04-24 22:09:13.186774,Professional,professional,39.0,390.0,50.0,50.0,25,True,2026-04-24 22:09:13.186774,39.0,False
372,251,1,active,monthly,2023-12-05,,0.0,0.0,,,2026-04-24 22:09:13.186774,AcmeStack,Media,enterprise,CA,Canada,America/Toronto,ana.young@enterprise.com,Ana Young,2023-12-05,organic,True,,,5.0,2026-04-24 22:09:13.186774,2026-04-24 22:09:13.186774,Free,free,0.0,0.0,5.0,3.0,1,True,2026-04-24 22:09:13.186774,0.0,False
373,252,1,cancelled,monthly,2024-02-27,2025-05-28,0.0,0.0,,Not using it,2026-04-24 22:09:13.186774,Core Ventures,Consulting,small,CA,Canada,America/Toronto,mark.lee@coreventures.com,Mark Lee,2024-02-27,event,False,2025-05-28 11:56:36,Too expensive,,2026-04-24 22:09:13.186774,2026-04-24 22:09:13.186774,Free,free,0.0,0.0,5.0,3.0,1,True,2026-04-24 22:09:13.186774,0.0,True
374,253,6,active,annual,2025-01-03,,82.5,0.0,2025-01-17,,2026-04-24 22:09:13.186774,Quest HQ,Marketing,small,US,United States,America/New_York,sofia.anderson@corp.net,Sofia Anderson,2025-01-03,referral,True,,,,2026-04-24 22:09:13.186774,2026-04-24 22:09:13.186774,Enterprise,enterprise,99.0,990.0,500.0,,100,True,2026-04-24 22:09:13.186774,99.0,False
375,254,2,cancelled,annual,2023-04-19,2024-01-29,10.0,0.0,2023-05-03,,2026-04-24 22:09:13.186774,GridHub,Technology,small,IN,India,Asia/Kolkata,dmitri.green@tech.dev,Dmitri Green,2023-04-19,organic,False,2024-01-29 00:09:20,Not enough users,5.0,2026-04-24 22:09:13.186774,2026-04-24 22:09:13.186774,Starter,starter,12.0,120.0,15.0,10.0,5,True,2026-04-24 22:09:13.186774,12.0,True
376,255,2,cancelled,monthly,2024-02-29,2024-08-02,12.0,0.0,2024-03-14,Switched competitor,2026-04-24 22:09:13.186774,GridAnalytics,E-commerce,small,AU,Australia,Australia/Sydney,susan.robinson@gridanalytics.com,Susan Robinson,2024-02-29,referral,False,2025-08-03 20:27:28,,6.0,2026-04-24 22:09:13.186774,2026-04-24 22:09:13.186774,Starter,starter,12.0,120.0,15.0,10.0,5,True,2026-04-24 22:09:13.186774,12.0,True
377,255,2,cancelled,annual,2024-08-02,2025-08-03,10.0,0.0,,,2026-04-24 22:09:13.186774,GridAnalytics,E-commerce,small,AU,Australia,Australia/Sydney,susan.robinson@gridanalytics.com,Susan Robinson,2024-02-29,referral,False,2025-08-03 20:27:28,,6.0,2026-04-24 22:09:13.186774,2026-04-24 22:09:13.186774,Starter,starter,12.0,120.0,15.0,10.0,5,True,2026-04-24 22:09:13.186774,12.0,True
378,256,1,expired,monthly,2024-05-09,2025-05-03,0.0,0.0,,Budget cuts,2026-04-24 22:09:13.186774,DriftOps,Media,small,CA,Canada,America/Toronto,james.king@startup.co,James King,2024-05-09,paid_ads,True,,,,2026-04-24 22:09:13.186774,2026-04-24 22:09:13.186774,Free,free,0.0,0.0,5.0,3.0,1,True,2026-04-24 22:09:13.186774,0.0,False
379,256,5,active,monthly,2025-05-03,,59.0,0.0,,,2026-04-24 22:09:13.186774,DriftOps,Media,small,CA,Canada,America/Toronto,james.king@startup.co,James King,2024-05-09,paid_ads,True,,,,2026-04-24 22:09:13.186774,2026-04-24 22:09:13.186774,Professional Plus,professional,59.0,590.0,100.0,100.0,50,True,2026-04-24 22:09:13.186774,59.0,False
380,257,3,active,annual,2025-02-19,,15.83,0.0,2025-03-05,,2026-04-24 22:09:13.186774,Ion Systems,Manufacturing,large,BR,Brazil,America/Sao_Paulo,joshua.lee@corp.net,Joshua Lee,2025-02-19,event,True,,,6.0,2026-04-24 22:09:13.186774,2026-04-24 22:09:13.186774,Starter Plus,starter,19.0,190.0,25.0,20.0,10,True,2026-04-24 22:09:13.186774,19.0,False
381,258,4,active,monthly,2023-07-25,,31.2,20.0,2023-08-08,,2026-04-24 22:09:13.186774,Mist Net,Telecommunications,large,JP,Japan,Asia/Tokyo,karen.santos@tech.dev,Karen Santos,2023-07-25,organic,True,,,,2026-04-24 22:09:13.186774,2026-04-24 22:09:13.186774,Professional,professional,39.0,390.0,50.0,50.0,25,True,2026-04-24 22:09:13.186774,39.0,False
382,259,2,expired,monthly,2024-08-19,2024-12-27,12.0,0.0,2024-09-02,Not using it,2026-04-24 22:09:13.186774,RiftDigital,Logistics,small,JP,Japan,Asia/Tokyo,paul.hall@company.io,Paul Hall,2024-08-19,organic,True,,,,2026-04-24 22:09:13.186774,2026-04-24 22:09:13.186774,Starter,starter,12.0,120.0,15.0,10.0,5,True,2026-04-24 22:09:13.186774,12.0,False
383,259,5,active,monthly,2024-12-27,,50.15,15.0,,,2026-04-24 22:09:13.186774,RiftDigital,Logistics,small,JP,Japan,Asia/Tokyo,paul.hall@company.io,Paul Hall,2024-08-19,organic,True,,,,2026-04-24 22:09:13.186774,2026-04-24 22:09:13.186774,Professional Plus,professional,59.0,590.0,100.0,100.0,50,True,2026-04-24 22:09:13.186774,59.0,False
384,260,1,active,monthly,2025-02-07,,0.0,0.0,,,2026-04-24 22:09:13.186774,IrisCloud,Manufacturing,enterprise,US,United States,America/New_York,Dorothy.Miller@gmail.com,Dorothy Miller,2025-02-07,event,True,,,,2026-04-24 22:09:13.186774,2026-04-24 22:09:13.186774,Free,free,0.0,0.0,5.0,3.0,1,True,2026-04-24 22:09:13.186774,0.0,False
385,261,1,active,monthly,2025-01-30,,0.0,0.0,,,2026-04-24 22:09:13.186774,JetAI,Education,small,JP,Japan,Asia/Tokyo,john.thompson@tech.dev,John Thompson,2025-01-30,event,True,,,7.0,2026-04-24 22:09:13.186774,2026-04-24 22:09:13.186774,Free,free,0.0,0.0,5.0,3.0,1,True,2026-04-24 22:09:13.186774,0.0,False
386,262,4,cancelled,annual,2025-03-10,2025-07-18,32.5,0.0,2025-03-24,Too expensive,2026-04-24 22:09:13.186774,Yield Logic,Manufacturing,enterprise,SG,Singapore,Asia/Singapore,charles.scott@hotmail.com,Charles Scott,2025-03-10,organic,True,,,5.0,2026-04-24 22:09:13.186774,2026-04-24 22:09:13.186774,Professional,professional,39.0,390.0,50.0,50.0,25,True,2026-04-24 22:09:13.186774,39.0,False
387,262,4,active,monthly,2025-07-18,,39.0,0.0,,,2026-04-24 22:09:13.186774,Yield Logic,Manufacturing,enterprise,SG,Singapore,Asia/Singapore,charles.scott@hotmail.com,Charles Scott,2025-03-10,organic,True,,,5.0,2026-04-24 22:09:13.186774,2026-04-24 22:09:13.186774,Professional,professional,39.0,390.0,50.0,50.0,25,True,2026-04-24 22:09:13.186774,39.0,False
388,263,2,expired,monthly,2023-06-27,2023-09-14,12.0,0.0,2023-07-11,Not using it,2026-04-24 22:09:13.186774,WarpVentures,Real Estate,small,FR,France,Europe/Paris,richard.jackson@outlook.com,Richard Jackson,2023-06-27,event,True,,,2.0,2026-04-24 22:09:13.186774,2026-04-24 22:09:13.186774,Starter,starter,12.0,120.0,15.0,10.0,5,True,2026-04-24 22:09:13.186774,12.0,False
389,263,5,active,monthly,2023-09-14,,59.0,0.0,,,2026-04-24 22:09:13.186774,WarpVentures,Real Estate,small,FR,France,Europe/Paris,richard.jackson@outlook.com,Richard Jackson,2023-06-27,event,True,,,2.0,2026-04-24 22:09:13.186774,2026-04-24 22:09:13.186774,Professional Plus,professional,59.0,590.0,100.0,100.0,50,True,2026-04-24 22:09:13.186774,59.0,False
390,264,1,active,monthly,2025-08-12,,0.0,0.0,,,2026-04-24 22:09:13.186774,Link Analytics,Technology,small,CA,Canada,America/Toronto,Yuki.Martinez@linkanalytics.com,Yuki Martinez,2025-08-12,event,True,,,,2026-04-24 22:09:13.186774,2026-04-24 22:09:13.186774,Free,free,0.0,0.0,5.0,3.0,1,True,2026-04-24 22:09:13.186774,0.0,False
391,265,2,cancelled,monthly,2023-06-13,2024-04-25,12.0,0.0,2023-06-27,Switched competitor,2026-04-24 22:09:13.186774,FluxVentures,Healthcare,enterprise,FR,France,Europe/Paris,charles.king@outlook.com,Charles King,2023-06-13,partner,True,,,3.0,2026-04-24 22:09:13.186774,2026-04-24 22:09:13.186774,Starter,starter,12.0,120.0,15.0,10.0,5,True,2026-04-24 22:09:13.186774,12.0,False
392,265,5,active,annual,2024-04-25,,49.17,0.0,,,2026-04-24 22:09:13.186774,FluxVentures,Healthcare,enterprise,FR,France,Europe/Paris,charles.king@outlook.com,Charles King,2023-06-13,partner,True,,,3.0,2026-04-24 22:09:13.186774,2026-04-24 22:09:13.186774,Professional Plus,professional,59.0,590.0,100.0,100.0,50,True,2026-04-24 22:09:13.186774,59.0,False
393,266,1,active,monthly,2023-12-21,,0.0,0.0,,,2026-04-24 22:09:13.186774,NovaOps,Marketing,small,GB,United Kingdom,Europe/London,priya.flores@novaops.com,Priya Flores,2023-12-21,partner,True,,,,2026-04-24 22:09:13.186774,2026-04-24 22:09:13.186774,Free,free,0.0,0.0,5.0,3.0,1,True,2026-04-24 22:09:13.186774,0.0,False
394,267,2,active,monthly,2024-01-19,,10.2,15.0,2024-02-02,,2026-04-24 22:09:13.186774,CloudOps,Manufacturing,enterprise,US,United States,America/Chicago,matthew.taylor@tech.dev,Matthew Taylor,2024-01-19,event,True,,,7.0,2026-04-24 22:09:13.186774,2026-04-24 22:09:13.186774,Starter,starter,12.0,120.0,15.0,10.0,5,True,2026-04-24 22:09:13.186774,12.0,False
395,268,1,active,monthly,2025-03-03,,0.0,0.0,,,2026-04-24 22:09:13.186774,PeakSoftware,Healthcare,small,US,United States,America/Los_Angeles,lars.wright@hotmail.com,Lars Wright,2025-03-03,referral,True,,,,2026-04-24 22:09:13.186774,2026-04-24 22:09:13.186774,Free,free,0.0,0.0,5.0,3.0,1,True,2026-04-24 22:09:13.186774,0.0,False
396,269,1,active,monthly,2025-01-04,,0.0,0.0,,,2026-04-24 22:09:13.186774,NovaDynamics,Telecommunications,large,AU,Australia,Australia/Sydney,raj.ivanov@novadynamics.com,Raj Ivanov,2025-01-04,event,True,,,2.0,2026-04-24 22:09:13.186774,2026-04-24 22:09:13.186774,Free,free,0.0,0.0,5.0,3.0,1,True,2026-04-24 22:09:13.186774,0.0,False
397,270,1,cancelled,annual,2023-05-02,2023-07-20,0.0,25.0,,Too expensive,2026-04-24 22:09:13.186774,JadeTech,E-commerce,small,AU,Australia,Australia/Sydney,matthew.lewis@gmail.com,Matthew Lewis,2023-05-02,referral,True,,,,2026-04-24 22:09:13.186774,2026-04-24 22:09:13.186774,Free,free,0.0,0.0,5.0,3.0,1,True,2026-04-24 22:09:13.186774,0.0,False
398,270,5,active,annual,2023-07-20,,49.17,0.0,,,2026-04-24 22:09:13.186774,JadeTech,E-commerce,small,AU,Australia,Australia/Sydney,matthew.lewis@gmail.com,Matthew Lewis,2023-05-02,referral,True,,,,2026-04-24 22:09:13.186774,2026-04-24 22:09:13.186774,Professional Plus,professional,59.0,590.0,100.0,100.0,50,True,2026-04-24 22:09:13.186774,59.0,False
399,271,1,active,annual,2025-04-21,,0.0,0.0,,,2026-04-24 22:09:13.186774,SageTech,Media,small,DE,Germany,Europe/Berlin,mei.baker@enterprise.com,Mei Baker,2025-04-21,paid_ads,True,,,8.0,2026-04-24 22:09:13.186774,2026-04-24 22:09:13.186774,Free,free,0.0,0.0,5.0,3.0,1,True,2026-04-24 22:09:13.186774,0.0,False
400,272,1,active,annual,2023-01-06,,0.0,0.0,,,2026-04-24 22:09:13.186774,JetCloud,Telecommunications,enterprise,FR,France,Europe/Paris,raj.white+test@jetcloud.com,Raj White,2023-01-06,referral,True,,,8.0,2026-04-24 22:09:13.186774,2026-04-24 22:09:13.186774,Free,free,0.0,0.0,5.0,3.0,1,True,2026-04-24 22:09:13.186774,0.0,False
401,273,2,active,monthly,2023-08-15,,12.0,0.0,2023-08-29,,2026-04-24 22:09:13.186774,TidalSoftware,Telecommunications,large,IN,India,Asia/Kolkata,susan.clark@yahoo.com,Susan Clark,2023-08-15,organic,True,,,3.0,2026-04-24 22:09:13.186774,2026-04-24 22:09:13.186774,Starter,starter,12.0,120.0,15.0,10.0,5,True,2026-04-24 22:09:13.186774,12.0,False
402,274,1,cancelled,annual,2023-12-05,2024-05-02,0.0,0.0,,Budget cuts,2026-04-24 22:09:13.186774,WarpDynamics,Media,small,DE,Germany,Europe/Berlin,wei.jones@corp.net,Wei Jones,2023-12-05,partner,True,,,,2026-04-24 22:09:13.186774,2026-04-24 22:09:13.186774,Free,free,0.0,0.0,5.0,3.0,1,True,2026-04-24 22:09:13.186774,0.0,False
403,274,3,cancelled,annual,2024-05-02,2025-01-17,14.25,10.0,,,2026-04-24 22:09:13.186774,WarpDynamics,Media,small,DE,Germany,Europe/Berlin,wei.jones@corp.net,Wei Jones,2023-12-05,partner,True,,,,2026-04-24 22:09:13.186774,2026-04-24 22:09:13.186774,Starter Plus,starter,19.0,190.0,25.0,20.0,10,True,2026-04-24 22:09:13.186774,19.0,False
404,274,5,active,monthly,2025-01-17,,59.0,0.0,,,2026-04-24 22:09:13.186774,WarpDynamics,Media,small,DE,Germany,Europe/Berlin,wei.jones@corp.net,Wei Jones,2023-12-05,partner,True,,,,2026-04-24 22:09:13.186774,2026-04-24 22:09:13.186774,Professional Plus,professional,59.0,590.0,100.0,100.0,50,True,2026-04-24 22:09:13.186774,59.0,False
405,275,3,expired,annual,2024-08-03,2025-01-08,15.83,0.0,2024-08-17,Missing features,2026-04-24 22:09:13.186774,GridCloud,Telecommunications,small,IN,India,Asia/Kolkata,ashley.lewis@corp.net,Ashley Lewis,2024-08-03,organic,True,,,7.0,2026-04-24 22:09:13.186774,2026-04-24 22:09:13.186774,Starter Plus,starter,19.0,190.0,25.0,20.0,10,True,2026-04-24 22:09:13.186774,19.0,False
406,275,6,active,monthly,2025-01-08,,99.0,0.0,,,2026-04-24 22:09:13.186774,GridCloud,Telecommunications,small,IN,India,Asia/Kolkata,ashley.lewis@corp.net,Ashley Lewis,2024-08-03,organic,True,,,7.0,2026-04-24 22:09:13.186774,2026-04-24 22:09:13.186774,Enterprise,enterprise,99.0,990.0,500.0,,100,True,2026-04-24 22:09:13.186774,99.0,False
407,276,1,expired,monthly,2024-04-18,2025-02-18,0.0,15.0,,Company reorganization,2026-04-24 22:09:13.186774,UltraPlatform,Legal,large,SG,Singapore,Asia/Singapore,margaret.moore@company.io,Margaret Moore,2024-04-18,referral,True,,,,2026-04-24 22:09:13.186774,2026-04-24 22:09:13.186774,Free,free,0.0,0.0,5.0,3.0,1,True,2026-04-24 22:09:13.186774,0.0,False
408,276,2,cancelled,annual,2025-02-18,2025-05-31,10.0,0.0,,Not using it,2026-04-24 22:09:13.186774,UltraPlatform,Legal,large,SG,Singapore,Asia/Singapore,margaret.moore@company.io,Margaret Moore,2024-04-18,referral,True,,,,2026-04-24 22:09:13.186774,2026-04-24 22:09:13.186774,Starter,starter,12.0,120.0,15.0,10.0,5,True,2026-04-24 22:09:13.186774,12.0,False
409,276,4,active,annual,2025-05-31,,32.5,0.0,,,2026-04-24 22:09:13.186774,UltraPlatform,Legal,large,SG,Singapore,Asia/Singapore,margaret.moore@company.io,Margaret Moore,2024-04-18,referral,True,,,,2026-04-24 22:09:13.186774,2026-04-24 22:09:13.186774,Professional,professional,39.0,390.0,50.0,50.0,25,True,2026-04-24 22:09:13.186774,39.0,False
410,277,1,cancelled,monthly,2025-07-02,2025-09-19,0.0,15.0,,Switched competitor,2026-04-24 22:09:13.186774,Mist Tech,Retail,small,US,United States,America/Los_Angeles,paul.gonzalez@outlook.com,Paul Gonzalez,2025-07-02,organic,False,2025-09-19 05:48:40,,4.0,2026-04-24 22:09:13.186774,2026-04-24 22:09:13.186774,Free,free,0.0,0.0,5.0,3.0,1,True,2026-04-24 22:09:13.186774,0.0,True
411,278,3,cancelled,monthly,2024-08-26,2025-05-25,19.0,0.0,2024-09-09,Switched competitor,2026-04-24 22:09:13.186774,Cloud Dynamics,Education,medium,JP,Japan,Asia/Tokyo,donald.adams@hotmail.com,Donald Adams,2024-08-26,referral,True,,,7.0,2026-04-24 22:09:13.186774,2026-04-24 22:09:13.186774,Starter Plus,starter,19.0,190.0,25.0,20.0,10,True,2026-04-24 22:09:13.186774,19.0,False
412,278,1,expired,monthly,2025-05-25,2025-10-21,0.0,0.0,,Not using it,2026-04-24 22:09:13.186774,Cloud Dynamics,Education,medium,JP,Japan,Asia/Tokyo,donald.adams@hotmail.com,Donald Adams,2024-08-26,referral,True,,,7.0,2026-04-24 22:09:13.186774,2026-04-24 22:09:13.186774,Free,free,0.0,0.0,5.0,3.0,1,True,2026-04-24 22:09:13.186774,0.0,False
413,278,7,active,annual,2025-10-21,,149.25,10.0,,,2026-04-24 22:09:13.186774,Cloud Dynamics,Education,medium,JP,Japan,Asia/Tokyo,donald.adams@hotmail.com,Donald Adams,2024-08-26,referral,True,,,7.0,2026-04-24 22:09:13.186774,2026-04-24 22:09:13.186774,Enterprise Custom,enterprise,199.0,1990.0,,,500,True,2026-04-24 22:09:13.186774,199.0,False
414,279,4,active,monthly,2025-08-29,,39.0,0.0,2025-09-12,,2026-04-24 22:09:13.186774,ZenStudio,Logistics,small,BR,Brazil,America/Sao_Paulo,fatima.hernandez@yahoo.com,Fatima Hernandez,2025-08-29,paid_ads,True,,,,2026-04-24 22:09:13.186774,2026-04-24 22:09:13.186774,Professional,professional,39.0,390.0,50.0,50.0,25,True,2026-04-24 22:09:13.186774,39.0,False
415,280,2,active,monthly,2023-07-31,,12.0,0.0,2023-08-14,,2026-04-24 22:09:13.186774,VinePro,Marketing,small,GB,United Kingdom,Europe/London,priya.young@vinepro.com,Priya Young,2023-07-31,organic,True,,,,2026-04-24 22:09:13.186774,2026-04-24 22:09:13.186774,Starter,starter,12.0,120.0,15.0,10.0,5,True,2026-04-24 22:09:13.186774,12.0,False
416,281,1,active,monthly,2023-09-27,,0.0,0.0,,,2026-04-24 22:09:13.186774,EchoHQ,Technology,large,IN,India,Asia/Kolkata,michael.rivera@protonmail.com,Michael Rivera,2023-09-27,organic,True,,,7.0,2026-04-24 22:09:13.186774,2026-04-24 22:09:13.186774,Free,free,0.0,0.0,5.0,3.0,1,True,2026-04-24 22:09:13.186774,0.0,False
417,282,1,active,monthly,2025-06-07,,0.0,0.0,,,2026-04-24 22:09:13.186774,XenonVentures,Retail,small,JP,Japan,Asia/Tokyo,thomas.harris@startup.co,Thomas Harris,2025-06-07,organic,True,,,,2026-04-24 22:09:13.186774,2026-04-24 22:09:13.186774,Free,free,0.0,0.0,5.0,3.0,1,True,2026-04-24 22:09:13.186774,0.0,False
418,283,1,expired,monthly,2025-04-16,2025-09-23,0.0,20.0,,Company reorganization,2026-04-24 22:09:13.186774,GlowDigital,E-commerce,small,JP,Japan,Asia/Tokyo,raj.moore@company.io,Raj Moore,2025-04-16,referral,False,2025-06-29 17:29:30,Budget cuts,,2026-04-24 22:09:13.186774,2026-04-24 22:09:13.186774,Free,free,0.0,0.0,5.0,3.0,1,True,2026-04-24 22:09:13.186774,0.0,True
419,283,4,cancelled,annual,2025-09-23,2025-06-29,32.5,0.0,,Budget cuts,2026-04-24 22:09:13.186774,GlowDigital,E-commerce,small,JP,Japan,Asia/Tokyo,raj.moore@company.io,Raj Moore,2025-04-16,referral,False,2025-06-29 17:29:30,Budget cuts,,2026-04-24 22:09:13.186774,2026-04-24 22:09:13.186774,Professional,professional,39.0,390.0,50.0,50.0,25,True,2026-04-24 22:09:13.186774,39.0,True
420,284,3,expired,monthly,2023-06-14,2024-04-06,19.0,0.0,2023-06-28,Switched competitor,2026-04-24 22:09:13.186774,EchoOps,E-commerce,medium,US,United States,America/Los_Angeles,raj.santos@yahoo.com,Raj Santos,2023-06-14,paid_ads,False,2025-09-17 08:42:34,Too expensive,,2026-04-24 22:09:13.186774,2026-04-24 22:09:13.186774,Starter Plus,starter,19.0,190.0,25.0,20.0,10,True,2026-04-24 22:09:13.186774,19.0,True
421,284,1,cancelled,annual,2024-04-06,2025-09-17,0.0,20.0,,Budget cuts,2026-04-24 22:09:13.186774,EchoOps,E-commerce,medium,US,United States,America/Los_Angeles,raj.santos@yahoo.com,Raj Santos,2023-06-14,paid_ads,False,2025-09-17 08:42:34,Too expensive,,2026-04-24 22:09:13.186774,2026-04-24 22:09:13.186774,Free,free,0.0,0.0,5.0,3.0,1,True,2026-04-24 22:09:13.186774,0.0,True
422,285,6,active,monthly,2023-08-10,,99.0,0.0,2023-08-24,,2026-04-24 22:09:13.186774,Luna Dev,Manufacturing,medium,BR,Brazil,America/Sao_Paulo,aisha.johnson@protonmail.com,Aisha Johnson,2023-08-10,referral,True,,,,2026-04-24 22:09:13.186774,2026-04-24 22:09:13.186774,Enterprise,enterprise,99.0,990.0,500.0,,100,True,2026-04-24 22:09:13.186774,99.0,False
423,286,1,cancelled,monthly,2024-12-03,2025-07-30,0.0,10.0,,Switched competitor,2026-04-24 22:09:13.186774,KitePlatform,Real Estate,small,BR,Brazil,America/Sao_Paulo,sofia.singh@protonmail.com,Sofia Singh,2024-12-03,partner,True,,,8.0,2026-04-24 22:09:13.186774,2026-04-24 22:09:13.186774,Free,free,0.0,0.0,5.0,3.0,1,True,2026-04-24 22:09:13.186774,0.0,False
424,286,3,expired,annual,2025-07-30,2025-10-05,15.83,0.0,,Company reorganization,2026-04-24 22:09:13.186774,KitePlatform,Real Estate,small,BR,Brazil,America/Sao_Paulo,sofia.singh@protonmail.com,Sofia Singh,2024-12-03,partner,True,,,8.0,2026-04-24 22:09:13.186774,2026-04-24 22:09:13.186774,Starter Plus,starter,19.0,190.0,25.0,20.0,10,True,2026-04-24 22:09:13.186774,19.0,False
425,286,5,active,monthly,2025-10-05,,59.0,0.0,,,2026-04-24 22:09:13.186774,KitePlatform,Real Estate,small,BR,Brazil,America/Sao_Paulo,sofia.singh@protonmail.com,Sofia Singh,2024-12-03,partner,True,,,8.0,2026-04-24 22:09:13.186774,2026-04-24 22:09:13.186774,Professional Plus,professional,59.0,590.0,100.0,100.0,50,True,2026-04-24 22:09:13.186774,59.0,False
426,287,2,expired,monthly,2024-09-21,2025-01-06,12.0,0.0,2024-10-05,Too expensive,2026-04-24 22:09:13.186774,Bolt Software,Media,enterprise,JP,Japan,Asia/Tokyo,fatima.clark@yahoo.com,Fatima Clark,2024-09-21,referral,True,,,,2026-04-24 22:09:13.186774,2026-04-24 22:09:13.186774,Starter,starter,12.0,120.0,15.0,10.0,5,True,2026-04-24 22:09:13.186774,12.0,False
427,287,3,active,monthly,2025-01-06,,19.0,0.0,,,2026-04-24 22:09:13.186774,Bolt Software,Media,enterprise,JP,Japan,Asia/Tokyo,fatima.clark@yahoo.com,Fatima Clark,2024-09-21,referral,True,,,,2026-04-24 22:09:13.186774,2026-04-24 22:09:13.186774,Starter Plus,starter,19.0,190.0,25.0,20.0,10,True,2026-04-24 22:09:13.186774,19.0,False
428,288,1,active,monthly,2024-01-15,,0.0,0.0,,,2026-04-24 22:09:13.186774,FlowIO,Telecommunications,medium,JP,Japan,Asia/Tokyo,sofia.smith@startup.co,Sofia Smith,2024-01-15,organic,True,,,,2026-04-24 22:09:13.186774,2026-04-24 22:09:13.186774,Free,free,0.0,0.0,5.0,3.0,1,True,2026-04-24 22:09:13.186774,0.0,False
429,289,1,expired,monthly,2023-05-18,2024-04-09,0.0,0.0,,Too expensive,2026-04-24 22:09:13.186774,OrbitIO,Manufacturing,small,BR,Brazil,America/Sao_Paulo,hassan.chen@orbitio.com,Hassan Chen,2023-05-18,referral,True,,,,2026-04-24 22:09:13.186774,2026-04-24 22:09:13.186774,Free,free,0.0,0.0,5.0,3.0,1,True,2026-04-24 22:09:13.186774,0.0,False
430,289,6,expired,annual,2024-04-09,2025-03-06,61.88,25.0,,,2026-04-24 22:09:13.186774,OrbitIO,Manufacturing,small,BR,Brazil,America/Sao_Paulo,hassan.chen@orbitio.com,Hassan Chen,2023-05-18,referral,True,,,,2026-04-24 22:09:13.186774,2026-04-24 22:09:13.186774,Enterprise,enterprise,99.0,990.0,500.0,,100,True,2026-04-24 22:09:13.186774,99.0,False
431,289,3,active,annual,2025-03-06,,15.83,0.0,,,2026-04-24 22:09:13.186774,OrbitIO,Manufacturing,small,BR,Brazil,America/Sao_Paulo,hassan.chen@orbitio.com,Hassan Chen,2023-05-18,referral,True,,,,2026-04-24 22:09:13.186774,2026-04-24 22:09:13.186774,Starter Plus,starter,19.0,190.0,25.0,20.0,10,True,2026-04-24 22:09:13.186774,19.0,False
432,290,3,expired,annual,2024-01-20,2024-05-19,15.83,0.0,2024-02-03,Too expensive,2026-04-24 22:09:13.186774,SyncGroup,Manufacturing,small,GB,United Kingdom,Europe/London,james.rivera+test@outlook.com,James Rivera,2024-01-20,organic,True,,,,2026-04-24 22:09:13.186774,2026-04-24 22:09:13.186774,Starter Plus,starter,19.0,190.0,25.0,20.0,10,True,2026-04-24 22:09:13.186774,19.0,False
433,290,5,active,monthly,2024-05-19,,59.0,0.0,,,2026-04-24 22:09:13.186774,SyncGroup,Manufacturing,small,GB,United Kingdom,Europe/London,james.rivera+test@outlook.com,James Rivera,2024-01-20,organic,True,,,,2026-04-24 22:09:13.186774,2026-04-24 22:09:13.186774,Professional Plus,professional,59.0,590.0,100.0,100.0,50,True,2026-04-24 22:09:13.186774,59.0,False
434,291,4,expired,monthly,2024-02-11,2024-08-05,39.0,0.0,2024-02-25,Company reorganization,2026-04-24 22:09:13.186774,Beam Stack,Real Estate,small,DE,Germany,Europe/Berlin,ana.wright@protonmail.com,Ana Wright,2024-02-11,referral,True,,,9.0,2026-04-24 22:09:13.186774,2026-04-24 22:09:13.186774,Professional,professional,39.0,390.0,50.0,50.0,25,True,2026-04-24 22:09:13.186774,39.0,False
435,291,4,active,annual,2024-08-05,,32.5,0.0,,,2026-04-24 22:09:13.186774,Beam Stack,Real Estate,small,DE,Germany,Europe/Berlin,ana.wright@protonmail.com,Ana Wright,2024-02-11,referral,True,,,9.0,2026-04-24 22:09:13.186774,2026-04-24 22:09:13.186774,Professional,professional,39.0,390.0,50.0,50.0,25,True,2026-04-24 22:09:13.186774,39.0,False
436,292,1,cancelled,annual,2024-11-06,2025-03-05,0.0,0.0,,Not using it,2026-04-24 22:09:13.186774,LunaStudio,Consulting,small,DE,Germany,Europe/Berlin,andrew.thompson@yahoo.com,Andrew Thompson,2024-11-06,paid_ads,False,2025-03-05 05:37:25,Not enough users,,2026-04-24 22:09:13.186774,2026-04-24 22:09:13.186774,Free,free,0.0,0.0,5.0,3.0,1,True,2026-04-24 22:09:13.186774,0.0,True
437,293,3,expired,monthly,2023-01-06,2023-08-21,19.0,0.0,2023-01-20,Budget cuts,2026-04-24 22:09:13.186774,GridSoftware,Insurance,small,JP,Japan,Asia/Tokyo,donna.hall@startup.co,Donna Hall,2023-01-06,referral,True,,,,2026-04-24 22:09:13.186774,2026-04-24 22:09:13.186774,Starter Plus,starter,19.0,190.0,25.0,20.0,10,True,2026-04-24 22:09:13.186774,19.0,False
438,293,4,active,monthly,2023-08-21,,39.0,0.0,,,2026-04-24 22:09:13.186774,GridSoftware,Insurance,small,JP,Japan,Asia/Tokyo,donna.hall@startup.co,Donna Hall,2023-01-06,referral,True,,,,2026-04-24 22:09:13.186774,2026-04-24 22:09:13.186774,Professional,professional,39.0,390.0,50.0,50.0,25,True,2026-04-24 22:09:13.186774,39.0,False
439,294,5,expired,annual,2024-03-25,2024-09-06,49.17,0.0,2024-04-08,Budget cuts,2026-04-24 22:09:13.186774,UnitLogic,Manufacturing,medium,SG,Singapore,Asia/Singapore,dorothy.jackson@yahoo.com,Dorothy Jackson,2024-03-25,partner,False,2025-09-16 05:12:33,,1.0,2026-04-24 22:09:13.186774,2026-04-24 22:09:13.186774,Professional Plus,professional,59.0,590.0,100.0,100.0,50,True,2026-04-24 22:09:13.186774,59.0,True
440,294,5,cancelled,annual,2024-09-06,2025-09-16,49.17,0.0,,Not using it,2026-04-24 22:09:13.186774,UnitLogic,Manufacturing,medium,SG,Singapore,Asia/Singapore,dorothy.jackson@yahoo.com,Dorothy Jackson,2024-03-25,partner,False,2025-09-16 05:12:33,,1.0,2026-04-24 22:09:13.186774,2026-04-24 22:09:13.186774,Professional Plus,professional,59.0,590.0,100.0,100.0,50,True,2026-04-24 22:09:13.186774,59.0,True
441,295,5,active,annual,2024-02-09,,49.17,0.0,2024-02-23,,2026-04-24 22:09:13.186774,NexusSolutions,Marketing,small,SG,Singapore,Asia/Singapore,james.hernandez@startup.co,James Hernandez,2024-02-09,referral,True,,,0.0,2026-04-24 22:09:13.186774,2026-04-24 22:09:13.186774,Professional Plus,professional,59.0,590.0,100.0,100.0,50,True,2026-04-24 22:09:13.186774,59.0,False
442,296,1,expired,monthly,2024-06-02,2025-01-30,0.0,0.0,,Switched competitor,2026-04-24 22:09:13.186774,WaveStudio,Education,small,BR,Brazil,America/Sao_Paulo,richard.robinson@protonmail.com,Richard Robinson,2024-06-02,event,False,2024-08-27 05:22:20,Outgrew the platform,9.0,2026-04-24 22:09:13.186774,2026-04-24 22:09:13.186774,Free,free,0.0,0.0,5.0,3.0,1,True,2026-04-24 22:09:13.186774,0.0,True
443,296,2,cancelled,monthly,2025-01-30,2024-08-27,12.0,0.0,,Budget cuts,2026-04-24 22:09:13.186774,WaveStudio,Education,small,BR,Brazil,America/Sao_Paulo,richard.robinson@protonmail.com,Richard Robinson,2024-06-02,event,False,2024-08-27 05:22:20,Outgrew the platform,9.0,2026-04-24 22:09:13.186774,2026-04-24 22:09:13.186774,Starter,starter,12.0,120.0,15.0,10.0,5,True,2026-04-24 22:09:13.186774,12.0,True
444,297,6,expired,monthly,2025-06-01,2025-10-22,99.0,0.0,2025-06-15,Not using it,2026-04-24 22:09:13.186774,Core Logic,Real Estate,medium,GB,United Kingdom,Europe/London,priya.perez@enterprise.com,Priya Perez,2025-06-01,partner,False,2025-07-23 13:50:58,Poor support experience,4.0,2026-04-24 22:09:13.186774,2026-04-24 22:09:13.186774,Enterprise,enterprise,99.0,990.0,500.0,,100,True,2026-04-24 22:09:13.186774,99.0,True
445,297,6,cancelled,monthly,2025-10-22,2025-07-23,99.0,0.0,,Company reorganization,2026-04-24 22:09:13.186774,Core Logic,Real Estate,medium,GB,United Kingdom,Europe/London,priya.perez@enterprise.com,Priya Perez,2025-06-01,partner,False,2025-07-23 13:50:58,Poor support experience,4.0,2026-04-24 22:09:13.186774,2026-04-24 22:09:13.186774,Enterprise,enterprise,99.0,990.0,500.0,,100,True,2026-04-24 22:09:13.186774,99.0,True
446,298,1,cancelled,annual,2025-02-05,2025-09-22,0.0,0.0,,Budget cuts,2026-04-24 22:09:13.186774,Ultra Corp,Marketing,medium,JP,Japan,Asia/Tokyo,james.hall@outlook.com,James Hall,2025-02-05,referral,True,,,10.0,2026-04-24 22:09:13.186774,2026-04-24 22:09:13.186774,Free,free,0.0,0.0,5.0,3.0,1,True,2026-04-24 22:09:13.186774,0.0,False
447,298,2,active,monthly,2025-09-22,,12.0,0.0,,,2026-04-24 22:09:13.186774,Ultra Corp,Marketing,medium,JP,Japan,Asia/Tokyo,james.hall@outlook.com,James Hall,2025-02-05,referral,True,,,10.0,2026-04-24 22:09:13.186774,2026-04-24 22:09:13.186774,Starter,starter,12.0,120.0,15.0,10.0,5,True,2026-04-24 22:09:13.186774,12.0,False
448,299,5,active,monthly,2023-07-31,,59.0,0.0,2023-08-14,,2026-04-24 22:09:13.186774,Keen Analytics,Finance,large,SG,Singapore,Asia/Singapore,richard.young@hotmail.com,Richard Young,2023-07-31,organic,True,,,,2026-04-24 22:09:13.186774,2026-04-24 22:09:13.186774,Professional Plus,professional,59.0,590.0,100.0,100.0,50,True,2026-04-24 22:09:13.186774,59.0,False
449,300,5,active,monthly,2023-11-19,,59.0,0.0,2023-12-03,,2026-04-24 22:09:13.186774,Flow Ops,Logistics,medium,BR,Brazil,America/Sao_Paulo,james.kim@enterprise.com,James Kim,2023-11-19,event,True,,,,2026-04-24 22:09:13.186774,2026-04-24 22:09:13.186774,Professional Plus,professional,59.0,590.0,100.0,100.0,50,True,2026-04-24 22:09:13.186774,59.0,False
450,301,3,expired,annual,2024-05-04,2024-12-04,15.83,0.0,2024-05-18,,2026-04-24 22:09:13.186774,FluxSolutions,Telecommunications,medium,DE,Germany,Europe/Berlin,betty.anderson@tech.dev,Betty Anderson,2024-05-04,paid_ads,True,,,6.0,2026-04-24 22:09:13.186774,2026-04-24 22:09:13.186774,Starter Plus,starter,19.0,190.0,25.0,20.0,10,True,2026-04-24 22:09:13.186774,19.0,False
451,301,5,active,annual,2024-12-04,,41.79,15.0,,,2026-04-24 22:09:13.186774,FluxSolutions,Telecommunications,medium,DE,Germany,Europe/Berlin,betty.anderson@tech.dev,Betty Anderson,2024-05-04,paid_ads,True,,,6.0,2026-04-24 22:09:13.186774,2026-04-24 22:09:13.186774,Professional Plus,professional,59.0,590.0,100.0,100.0,50,True,2026-04-24 22:09:13.186774,59.0,False
452,302,2,active,annual,2024-09-19,,10.0,0.0,2024-10-03,,2026-04-24 22:09:13.186774,DriftSystems,Consulting,small,FR,France,Europe/Paris,james.smith@outlook.com,James Smith,2024-09-19,event,True,,,6.0,2026-04-24 22:09:13.186774,2026-04-24 22:09:13.186774,Starter,starter,12.0,120.0,15.0,10.0,5,True,2026-04-24 22:09:13.186774,12.0,False
453,303,3,active,annual,2023-07-04,,15.83,0.0,2023-07-18,,2026-04-24 22:09:13.186774,EchoGroup,Finance,medium,AU,Australia,Australia/Sydney,susan.clark@startup.co,Susan Clark,2023-07-04,partner,True,,,,2026-04-24 22:09:13.186774,2026-04-24 22:09:13.186774,Starter Plus,starter,19.0,190.0,25.0,20.0,10,True,2026-04-24 22:09:13.186774,19.0,False
454,304,3,active,annual,2023-06-30,,15.83,0.0,2023-07-14,,2026-04-24 22:09:13.186774,Pulse Dynamics,Manufacturing,enterprise,AU,Australia,Australia/Sydney,richard.martinez@enterprise.com,Richard Martinez,2023-06-30,organic,True,,,10.0,2026-04-24 22:09:13.186774,2026-04-24 22:09:13.186774,Starter Plus,starter,19.0,190.0,25.0,20.0,10,True,2026-04-24 22:09:13.186774,19.0,False
455,305,6,active,monthly,2023-12-09,,99.0,0.0,2023-12-23,,2026-04-24 22:09:13.186774,Keen AI,Manufacturing,small,FR,France,Europe/Paris,william.brown@outlook.com,William Brown,2023-12-09,event,True,,,8.0,2026-04-24 22:09:13.186774,2026-04-24 22:09:13.186774,Enterprise,enterprise,99.0,990.0,500.0,,100,True,2026-04-24 22:09:13.186774,99.0,False
456,306,6,expired,monthly,2024-04-02,2024-09-26,99.0,0.0,2024-04-16,Not using it,2026-04-24 22:09:13.186774,MetaVentures,Logistics,medium,US,United States,America/Los_Angeles,lars.jackson@enterprise.com,Lars Jackson,2024-04-02,paid_ads,True,,,6.0,2026-04-24 22:09:13.186774,2026-04-24 22:09:13.186774,Enterprise,enterprise,99.0,990.0,500.0,,100,True,2026-04-24 22:09:13.186774,99.0,False
457,306,2,expired,monthly,2024-09-26,2025-08-20,12.0,0.0,,Switched competitor,2026-04-24 22:09:13.186774,MetaVentures,Logistics,medium,US,United States,America/Los_Angeles,lars.jackson@enterprise.com,Lars Jackson,2024-04-02,paid_ads,True,,,6.0,2026-04-24 22:09:13.186774,2026-04-24 22:09:13.186774,Starter,starter,12.0,120.0,15.0,10.0,5,True,2026-04-24 22:09:13.186774,12.0,False
458,306,2,active,annual,2025-08-20,,9.0,10.0,,,2026-04-24 22:09:13.186774,MetaVentures,Logistics,medium,US,United States,America/Los_Angeles,lars.jackson@enterprise.com,Lars Jackson,2024-04-02,paid_ads,True,,,6.0,2026-04-24 22:09:13.186774,2026-04-24 22:09:13.186774,Starter,starter,12.0,120.0,15.0,10.0,5,True,2026-04-24 22:09:13.186774,12.0,False
459,307,1,expired,monthly,2023-08-22,2024-06-13,0.0,0.0,,Switched competitor,2026-04-24 22:09:13.186774,KiteStack,Marketing,medium,SG,Singapore,Asia/Singapore,donna.torres@outlook.com,Donna Torres,2023-08-22,event,True,,,,2026-04-24 22:09:13.186774,2026-04-24 22:09:13.186774,Free,free,0.0,0.0,5.0,3.0,1,True,2026-04-24 22:09:13.186774,0.0,False
460,307,2,active,monthly,2024-06-13,,12.0,0.0,,,2026-04-24 22:09:13.186774,KiteStack,Marketing,medium,SG,Singapore,Asia/Singapore,donna.torres@outlook.com,Donna Torres,2023-08-22,event,True,,,,2026-04-24 22:09:13.186774,2026-04-24 22:09:13.186774,Starter,starter,12.0,120.0,15.0,10.0,5,True,2026-04-24 22:09:13.186774,12.0,False
461,308,1,cancelled,monthly,2023-01-24,2024-02-22,0.0,0.0,,Company reorganization,2026-04-24 22:09:13.186774,MistStack,Telecommunications,medium,IN,India,Asia/Kolkata,ahmed.nguyen@yahoo.com,Ahmed Nguyen,2023-01-24,referral,False,2024-02-22 11:32:08,,5.0,2026-04-24 22:09:13.186774,2026-04-24 22:09:13.186774,Free,free,0.0,0.0,5.0,3.0,1,True,2026-04-24 22:09:13.186774,0.0,True
462,309,4,cancelled,annual,2024-09-24,2025-07-05,32.5,0.0,2024-10-08,Budget cuts,2026-04-24 22:09:13.186774,NovaSolutions,Healthcare,small,CA,Canada,America/Toronto,Kimberly.Brown@novasolutions.com,Kimberly Brown,2024-09-24,event,False,2025-07-05 07:28:58,Budget cuts,1.0,2026-04-24 22:09:13.186774,2026-04-24 22:09:13.186774,Professional,professional,39.0,390.0,50.0,50.0,25,True,2026-04-24 22:09:13.186774,39.0,True
463,310,2,active,monthly,2024-07-15,,12.0,0.0,2024-07-29,,2026-04-24 22:09:13.186774,Hive Solutions,Technology,small,SG,Singapore,Asia/Singapore,daniel.lee@tech.dev,Daniel Lee,2024-07-15,paid_ads,True,,,,2026-04-24 22:09:13.186774,2026-04-24 22:09:13.186774,Starter,starter,12.0,120.0,15.0,10.0,5,True,2026-04-24 22:09:13.186774,12.0,False
464,311,1,cancelled,annual,2023-08-21,2024-06-28,0.0,0.0,,Budget cuts,2026-04-24 22:09:13.186774,LinkGroup,Legal,large,BR,Brazil,America/Sao_Paulo,margaret.king@company.io,Margaret King,2023-08-21,event,True,,,7.0,2026-04-24 22:09:13.186774,2026-04-24 22:09:13.186774,Free,free,0.0,0.0,5.0,3.0,1,True,2026-04-24 22:09:13.186774,0.0,False
465,311,5,cancelled,annual,2024-06-28,2025-01-07,44.25,10.0,,Missing features,2026-04-24 22:09:13.186774,LinkGroup,Legal,large,BR,Brazil,America/Sao_Paulo,margaret.king@company.io,Margaret King,2023-08-21,event,True,,,7.0,2026-04-24 22:09:13.186774,2026-04-24 22:09:13.186774,Professional Plus,professional,59.0,590.0,100.0,100.0,50,True,2026-04-24 22:09:13.186774,59.0,False
466,311,6,active,annual,2025-01-07,,82.5,0.0,,,2026-04-24 22:09:13.186774,LinkGroup,Legal,large,BR,Brazil,America/Sao_Paulo,margaret.king@company.io,Margaret King,2023-08-21,event,True,,,7.0,2026-04-24 22:09:13.186774,2026-04-24 22:09:13.186774,Enterprise,enterprise,99.0,990.0,500.0,,100,True,2026-04-24 22:09:13.186774,99.0,False
467,312,6,active,annual,2023-07-13,,82.5,0.0,2023-07-27,,2026-04-24 22:09:13.186774,SageIO,Consulting,small,US,United States,America/New_York,lars.ramirez@gmail.com,Lars Ramirez,2023-07-13,paid_ads,True,,,7.0,2026-04-24 22:09:13.186774,2026-04-24 22:09:13.186774,Enterprise,enterprise,99.0,990.0,500.0,,100,True,2026-04-24 22:09:13.186774,99.0,False
468,313,1,active,monthly,2024-12-02,,0.0,0.0,,,2026-04-24 22:09:13.186774,TrekPro,Retail,medium,GB,United Kingdom,Europe/London,thomas.garcia@corp.net,Thomas Garcia,2024-12-02,event,True,,,,2026-04-24 22:09:13.186774,2026-04-24 22:09:13.186774,Free,free,0.0,0.0,5.0,3.0,1,True,2026-04-24 22:09:13.186774,0.0,False
469,314,3,cancelled,annual,2023-11-25,2024-02-08,15.83,0.0,2023-12-09,Too expensive,2026-04-24 22:09:13.186774,ArcSoftware,Finance,small,DE,Germany,Europe/Berlin,linda.green@corp.net,Linda Green,2023-11-25,event,False,2024-02-01 13:12:31,Outgrew the platform,10.0,2026-04-24 22:09:13.186774,2026-04-24 22:09:13.186774,Starter Plus,starter,19.0,190.0,25.0,20.0,10,True,2026-04-24 22:09:13.186774,19.0,True
470,314,4,cancelled,annual,2024-02-08,2024-02-01,32.5,0.0,,Missing features,2026-04-24 22:09:13.186774,ArcSoftware,Finance,small,DE,Germany,Europe/Berlin,linda.green@corp.net,Linda Green,2023-11-25,event,False,2024-02-01 13:12:31,Outgrew the platform,10.0,2026-04-24 22:09:13.186774,2026-04-24 22:09:13.186774,Professional,professional,39.0,390.0,50.0,50.0,25,True,2026-04-24 22:09:13.186774,39.0,True
471,315,1,active,monthly,2025-03-29,,0.0,25.0,,,2026-04-24 22:09:13.186774,RushDigital,Legal,small,GB,United Kingdom,Europe/London,Jennifer.Martinez@startup.co,Jennifer Martinez,2025-03-29,organic,True,,,8.0,2026-04-24 22:09:13.186774,2026-04-24 22:09:13.186774,Free,free,0.0,0.0,5.0,3.0,1,True,2026-04-24 22:09:13.186774,0.0,False
472,316,2,active,annual,2023-09-14,,10.0,0.0,2023-09-28,,2026-04-24 22:09:13.186774,VertexTech,Finance,small,DE,Germany,Europe/Berlin,lars.sanchez@hotmail.com,Lars Sanchez,2023-09-14,referral,True,,,,2026-04-24 22:09:13.186774,2026-04-24 22:09:13.186774,Starter,starter,12.0,120.0,15.0,10.0,5,True,2026-04-24 22:09:13.186774,12.0,False
473,317,3,active,monthly,2024-11-28,,19.0,0.0,2024-12-12,,2026-04-24 22:09:13.186774,Zeal HQ,E-commerce,large,US,United States,America/New_York,richard.robinson@hotmail.com,Richard Robinson,2024-11-28,paid_ads,True,,,,2026-04-24 22:09:13.186774,2026-04-24 22:09:13.186774,Starter Plus,starter,19.0,190.0,25.0,20.0,10,True,2026-04-24 22:09:13.186774,19.0,False
474,318,4,cancelled,annual,2023-08-30,2024-04-27,32.5,0.0,2023-09-13,Switched competitor,2026-04-24 22:09:13.186774,Jade Dev,Healthcare,small,CA,Canada,America/Toronto,aisha.martin@hotmail.com,Aisha Martin,2023-08-30,event,True,,,4.0,2026-04-24 22:09:13.186774,2026-04-24 22:09:13.186774,Professional,professional,39.0,390.0,50.0,50.0,25,True,2026-04-24 22:09:13.186774,39.0,False
475,318,6,active,monthly,2024-04-27,,99.0,0.0,,,2026-04-24 22:09:13.186774,Jade Dev,Healthcare,small,CA,Canada,America/Toronto,aisha.martin@hotmail.com,Aisha Martin,2023-08-30,event,True,,,4.0,2026-04-24 22:09:13.186774,2026-04-24 22:09:13.186774,Enterprise,enterprise,99.0,990.0,500.0,,100,True,2026-04-24 22:09:13.186774,99.0,False
476,319,2,active,monthly,2023-04-02,,12.0,0.0,2023-04-16,,2026-04-24 22:09:13.186774,LinkSystems,E-commerce,small,US,United States,America/New_York,emily.muller@yahoo.com,Emily Muller,2023-04-02,organic,True,,,8.0,2026-04-24 22:09:13.186774,2026-04-24 22:09:13.186774,Starter,starter,12.0,120.0,15.0,10.0,5,True,2026-04-24 22:09:13.186774,12.0,False
477,320,1,active,monthly,2025-02-13,,0.0,0.0,,,2026-04-24 22:09:13.186774,Wave Stack,Finance,large,JP,Japan,Asia/Tokyo,mei.miller@tech.dev,Mei Miller,2025-02-13,partner,True,,,,2026-04-24 22:09:13.186774,2026-04-24 22:09:13.186774,Free,free,0.0,0.0,5.0,3.0,1,True,2026-04-24 22:09:13.186774,0.0,False
478,321,1,active,monthly,2023-07-14,,0.0,0.0,,,2026-04-24 22:09:13.186774,BoltNet,Legal,small,DE,Germany,Europe/Berlin,john.young@tech.dev,John Young,2023-07-14,referral,True,,,6.0,2026-04-24 22:09:13.186774,2026-04-24 22:09:13.186774,Free,free,0.0,0.0,5.0,3.0,1,True,2026-04-24 22:09:13.186774,0.0,False
479,322,4,expired,monthly,2023-01-01,2023-07-25,39.0,0.0,2023-01-15,Company reorganization,2026-04-24 22:09:13.186774,RushGroup,Media,small,US,United States,America/Chicago,dorothy.martinez@tech.dev,Dorothy Martinez,2023-01-01,organic,True,,,9.0,2026-04-24 22:09:13.186774,2026-04-24 22:09:13.186774,Professional,professional,39.0,390.0,50.0,50.0,25,True,2026-04-24 22:09:13.186774,39.0,False
480,322,4,active,annual,2023-07-25,,29.25,10.0,,,2026-04-24 22:09:13.186774,RushGroup,Media,small,US,United States,America/Chicago,dorothy.martinez@tech.dev,Dorothy Martinez,2023-01-01,organic,True,,,9.0,2026-04-24 22:09:13.186774,2026-04-24 22:09:13.186774,Professional,professional,39.0,390.0,50.0,50.0,25,True,2026-04-24 22:09:13.186774,39.0,False
481,323,3,active,monthly,2024-05-24,,19.0,0.0,2024-06-07,,2026-04-24 22:09:13.186774,NexusStudio,E-commerce,small,FR,France,Europe/Paris,robert.nelson@hotmail.com,Robert Nelson,2024-05-24,organic,True,,,6.0,2026-04-24 22:09:13.186774,2026-04-24 22:09:13.186774,Starter Plus,starter,19.0,190.0,25.0,20.0,10,True,2026-04-24 22:09:13.186774,19.0,False
482,324,1,expired,annual,2024-10-19,2025-09-02,0.0,0.0,,Company reorganization,2026-04-24 22:09:13.186774,Hive Ops,Healthcare,small,US,United States,America/Los_Angeles,barbara.williams@hiveops.com,Barbara Williams,2024-10-19,event,True,,,,2026-04-24 22:09:13.186774,2026-04-24 22:09:13.186774,Free,free,0.0,0.0,5.0,3.0,1,True,2026-04-24 22:09:13.186774,0.0,False
483,324,3,cancelled,monthly,2025-09-02,2025-11-01,19.0,0.0,,Too expensive,2026-04-24 22:09:13.186774,Hive Ops,Healthcare,small,US,United States,America/Los_Angeles,barbara.williams@hiveops.com,Barbara Williams,2024-10-19,event,True,,,,2026-04-24 22:09:13.186774,2026-04-24 22:09:13.186774,Starter Plus,starter,19.0,190.0,25.0,20.0,10,True,2026-04-24 22:09:13.186774,19.0,False
484,324,7,active,annual,2025-11-01,,165.83,0.0,,,2026-04-24 22:09:13.186774,Hive Ops,Healthcare,small,US,United States,America/Los_Angeles,barbara.williams@hiveops.com,Barbara Williams,2024-10-19,event,True,,,,2026-04-24 22:09:13.186774,2026-04-24 22:09:13.186774,Enterprise Custom,enterprise,199.0,1990.0,,,500,True,2026-04-24 22:09:13.186774,199.0,False
485,325,4,active,monthly,2025-01-31,,39.0,0.0,2025-02-14,,2026-04-24 22:09:13.186774,Trek Tech,Technology,small,SG,Singapore,Asia/Singapore,ashley.santos@gmail.com,Ashley Santos,2025-01-31,organic,True,,,7.0,2026-04-24 22:09:13.186774,2026-04-24 22:09:13.186774,Professional,professional,39.0,390.0,50.0,50.0,25,True,2026-04-24 22:09:13.186774,39.0,False
486,326,2,expired,annual,2023-07-14,2024-01-12,10.0,0.0,2023-07-28,,2026-04-24 22:09:13.186774,NexusAnalytics,Legal,small,DE,Germany,Europe/Berlin,robert.wilson@hotmail.com,Robert Wilson,2023-07-14,paid_ads,False,2024-09-02 10:33:28,Integration issues,,2026-04-24 22:09:13.186774,2026-04-24 22:09:13.186774,Starter,starter,12.0,120.0,15.0,10.0,5,True,2026-04-24 22:09:13.186774,12.0,True
487,326,4,cancelled,monthly,2024-01-12,2024-11-30,39.0,0.0,,Not using it,2026-04-24 22:09:13.186774,NexusAnalytics,Legal,small,DE,Germany,Europe/Berlin,robert.wilson@hotmail.com,Robert Wilson,2023-07-14,paid_ads,False,2024-09-02 10:33:28,Integration issues,,2026-04-24 22:09:13.186774,2026-04-24 22:09:13.186774,Professional,professional,39.0,390.0,50.0,50.0,25,True,2026-04-24 22:09:13.186774,39.0,True
488,326,3,cancelled,annual,2024-11-30,2024-09-02,15.83,0.0,,Missing features,2026-04-24 22:09:13.186774,NexusAnalytics,Legal,small,DE,Germany,Europe/Berlin,robert.wilson@hotmail.com,Robert Wilson,2023-07-14,paid_ads,False,2024-09-02 10:33:28,Integration issues,,2026-04-24 22:09:13.186774,2026-04-24 22:09:13.186774,Starter Plus,starter,19.0,190.0,25.0,20.0,10,True,2026-04-24 22:09:13.186774,19.0,True
489,327,2,expired,monthly,2023-06-20,2024-03-23,12.0,0.0,2023-07-04,Company reorganization,2026-04-24 22:09:13.186774,JadePro,Legal,small,SG,Singapore,Asia/Singapore,andrew.thompson@startup.co,Andrew Thompson,2023-06-20,paid_ads,True,,,7.0,2026-04-24 22:09:13.186774,2026-04-24 22:09:13.186774,Starter,starter,12.0,120.0,15.0,10.0,5,True,2026-04-24 22:09:13.186774,12.0,False
490,327,5,paused,monthly,2024-03-23,,59.0,0.0,,,2026-04-24 22:09:13.186774,JadePro,Legal,small,SG,Singapore,Asia/Singapore,andrew.thompson@startup.co,Andrew Thompson,2023-06-20,paid_ads,True,,,7.0,2026-04-24 22:09:13.186774,2026-04-24 22:09:13.186774,Professional Plus,professional,59.0,590.0,100.0,100.0,50,True,2026-04-24 22:09:13.186774,59.0,False
491,328,3,active,monthly,2024-07-30,,19.0,0.0,2024-08-13,,2026-04-24 22:09:13.186774,IrisGroup,Marketing,small,JP,Japan,Asia/Tokyo,charles.white@company.io,Charles White,2024-07-30,event,True,,,8.0,2026-04-24 22:09:13.186774,2026-04-24 22:09:13.186774,Starter Plus,starter,19.0,190.0,25.0,20.0,10,True,2026-04-24 22:09:13.186774,19.0,False
492,329,1,active,monthly,2023-08-08,,0.0,0.0,,,2026-04-24 22:09:13.186774,ZenLabs,Education,medium,US,United States,America/New_York,dorothy.rodriguez@protonmail.com,Dorothy Rodriguez,2023-08-08,event,True,,,9.0,2026-04-24 22:09:13.186774,2026-04-24 22:09:13.186774,Free,free,0.0,0.0,5.0,3.0,1,True,2026-04-24 22:09:13.186774,0.0,False
493,330,1,active,monthly,2024-08-19,,0.0,0.0,,,2026-04-24 22:09:13.186774,JadeDev,Telecommunications,medium,US,United States,America/Los_Angeles,michael.williams@protonmail.com,Michael Williams,2024-08-19,organic,True,,,6.0,2026-04-24 22:09:13.186774,2026-04-24 22:09:13.186774,Free,free,0.0,0.0,5.0,3.0,1,True,2026-04-24 22:09:13.186774,0.0,False
494,331,4,active,monthly,2025-04-07,,39.0,0.0,2025-04-21,,2026-04-24 22:09:13.186774,UnitWorks,Finance,medium,FR,France,Europe/Paris,carlos.torres@unitworks.com,Carlos Torres,2025-04-07,organic,True,,,2.0,2026-04-24 22:09:13.186774,2026-04-24 22:09:13.186774,Professional,professional,39.0,390.0,50.0,50.0,25,True,2026-04-24 22:09:13.186774,39.0,False
495,332,1,cancelled,monthly,2024-06-20,2025-09-12,0.0,0.0,,Not using it,2026-04-24 22:09:13.186774,WaveCorp,Retail,small,GB,United Kingdom,Europe/London,ahmed.adams@wavecorp.com,Ahmed Adams,2024-06-20,partner,False,2025-09-12 09:01:10,Integration issues,3.0,2026-04-24 22:09:13.186774,2026-04-24 22:09:13.186774,Free,free,0.0,0.0,5.0,3.0,1,True,2026-04-24 22:09:13.186774,0.0,True
496,333,2,cancelled,monthly,2024-05-02,2025-02-24,10.8,10.0,2024-05-16,Not using it,2026-04-24 22:09:13.186774,ZenHQ,Real Estate,medium,US,United States,America/Chicago,joseph.ramirez@yahoo.com,Joseph Ramirez,2024-05-02,referral,True,,,7.0,2026-04-24 22:09:13.186774,2026-04-24 22:09:13.186774,Starter,starter,12.0,120.0,15.0,10.0,5,True,2026-04-24 22:09:13.186774,12.0,False
497,333,1,active,monthly,2025-02-24,,0.0,10.0,,,2026-04-24 22:09:13.186774,ZenHQ,Real Estate,medium,US,United States,America/Chicago,joseph.ramirez@yahoo.com,Joseph Ramirez,2024-05-02,referral,True,,,7.0,2026-04-24 22:09:13.186774,2026-04-24 22:09:13.186774,Free,free,0.0,0.0,5.0,3.0,1,True,2026-04-24 22:09:13.186774,0.0,False
498,334,4,cancelled,annual,2024-09-22,2025-07-29,32.5,0.0,2024-10-06,Too expensive,2026-04-24 22:09:13.186774,ZenDev,Legal,small,US,United States,America/Los_Angeles,donald.scott@corp.net,Donald Scott,2024-09-22,event,True,,,5.0,2026-04-24 22:09:13.186774,2026-04-24 22:09:13.186774,Professional,professional,39.0,390.0,50.0,50.0,25,True,2026-04-24 22:09:13.186774,39.0,False
499,334,4,active,annual,2025-07-29,,32.5,0.0,,,2026-04-24 22:09:13.186774,ZenDev,Legal,small,US,United States,America/Los_Angeles,donald.scott@corp.net,Donald Scott,2024-09-22,event,True,,,5.0,2026-04-24 22:09:13.186774,2026-04-24 22:09:13.186774,Professional,professional,39.0,390.0,50.0,50.0,25,True,2026-04-24 22:09:13.186774,39.0,False
500,335,5,cancelled,monthly,2024-08-31,2024-12-26,53.1,10.0,2024-09-14,Company reorganization,2026-04-24 22:09:13.186774,ZealCorp,Telecommunications,medium,US,United States,America/Chicago,linda.nelson@hotmail.com,Linda Nelson,2024-08-31,paid_ads,True,,,,2026-04-24 22:09:13.186774,2026-04-24 22:09:13.186774,Professional Plus,professional,59.0,590.0,100.0,100.0,50,True,2026-04-24 22:09:13.186774,59.0,False
501,335,5,active,annual,2024-12-26,,49.17,0.0,,,2026-04-24 22:09:13.186774,ZealCorp,Telecommunications,medium,US,United States,America/Chicago,linda.nelson@hotmail.com,Linda Nelson,2024-08-31,paid_ads,True,,,,2026-04-24 22:09:13.186774,2026-04-24 22:09:13.186774,Professional Plus,professional,59.0,590.0,100.0,100.0,50,True,2026-04-24 22:09:13.186774,59.0,False
502,336,6,active,monthly,2023-06-09,,99.0,0.0,2023-06-23,,2026-04-24 22:09:13.186774,WaveGroup,Insurance,medium,BR,Brazil,America/Sao_Paulo,Elizabeth.Lewis@hotmail.com,Elizabeth Lewis,2023-06-09,referral,True,,,,2026-04-24 22:09:13.186774,2026-04-24 22:09:13.186774,Enterprise,enterprise,99.0,990.0,500.0,,100,True,2026-04-24 22:09:13.186774,99.0,False
503,337,3,active,annual,2023-12-06,,15.83,0.0,2023-12-20,,2026-04-24 22:09:13.186774,Nexus Digital,Retail,enterprise,DE,Germany,Europe/Berlin,james.perez@enterprise.com,James Perez,2023-12-06,event,True,,,5.0,2026-04-24 22:09:13.186774,2026-04-24 22:09:13.186774,Starter Plus,starter,19.0,190.0,25.0,20.0,10,True,2026-04-24 22:09:13.186774,19.0,False
504,338,6,cancelled,annual,2023-06-24,2024-05-30,70.12,15.0,2023-07-08,Switched competitor,2026-04-24 22:09:13.186774,JadeIO,Finance,large,FR,France,Europe/Paris,wei.johnson@jadeio.com,Wei Johnson,2023-06-24,event,False,2024-05-30 18:29:28,,,2026-04-24 22:09:13.186774,2026-04-24 22:09:13.186774,Enterprise,enterprise,99.0,990.0,500.0,,100,True,2026-04-24 22:09:13.186774,99.0,True
505,339,2,expired,annual,2023-01-20,2023-08-05,10.0,0.0,2023-02-03,,2026-04-24 22:09:13.186774,DataHQ,Technology,small,AU,Australia,Australia/Sydney,wei.moore@company.io,Wei Moore,2023-01-20,organic,True,,,,2026-04-24 22:09:13.186774,2026-04-24 22:09:13.186774,Starter,starter,12.0,120.0,15.0,10.0,5,True,2026-04-24 22:09:13.186774,12.0,False
506,339,3,active,monthly,2023-08-05,,16.15,15.0,,,2026-04-24 22:09:13.186774,DataHQ,Technology,small,AU,Australia,Australia/Sydney,wei.moore@company.io,Wei Moore,2023-01-20,organic,True,,,,2026-04-24 22:09:13.186774,2026-04-24 22:09:13.186774,Starter Plus,starter,19.0,190.0,25.0,20.0,10,True,2026-04-24 22:09:13.186774,19.0,False
507,340,1,active,monthly,2024-07-28,,0.0,0.0,,,2026-04-24 22:09:13.186774,OrbitLogic,Legal,small,IN,India,Asia/Kolkata,ashley.hill@tech.dev,Ashley Hill,2024-07-28,event,True,,,5.0,2026-04-24 22:09:13.186774,2026-04-24 22:09:13.186774,Free,free,0.0,0.0,5.0,3.0,1,True,2026-04-24 22:09:13.186774,0.0,False
508,341,2,active,annual,2023-03-05,,10.0,0.0,2023-03-19,,2026-04-24 22:09:13.186774,VertexIO,Finance,small,IN,India,Asia/Kolkata,fatima.thompson@tech.dev,Fatima Thompson,2023-03-05,organic,True,,,,2026-04-24 22:09:13.186774,2026-04-24 22:09:13.186774,Starter,starter,12.0,120.0,15.0,10.0,5,True,2026-04-24 22:09:13.186774,12.0,False
509,342,2,expired,monthly,2024-08-09,2025-01-06,10.8,10.0,2024-08-23,,2026-04-24 22:09:13.186774,Vertex Logic,Logistics,small,US,United States,America/Chicago,olga.harris@hotmail.com,Olga Harris,2024-08-09,partner,False,2025-05-08 15:14:12,Integration issues,3.0,2026-04-24 22:09:13.186774,2026-04-24 22:09:13.186774,Starter,starter,12.0,120.0,15.0,10.0,5,True,2026-04-24 22:09:13.186774,12.0,True
510,342,2,cancelled,annual,2025-01-06,2025-05-08,10.0,0.0,,Budget cuts,2026-04-24 22:09:13.186774,Vertex Logic,Logistics,small,US,United States,America/Chicago,olga.harris@hotmail.com,Olga Harris,2024-08-09,partner,False,2025-05-08 15:14:12,Integration issues,3.0,2026-04-24 22:09:13.186774,2026-04-24 22:09:13.186774,Starter,starter,12.0,120.0,15.0,10.0,5,True,2026-04-24 22:09:13.186774,12.0,True
511,343,1,active,annual,2024-03-16,,0.0,0.0,,,2026-04-24 22:09:13.186774,PeakDigital,Logistics,enterprise,GB,United Kingdom,Europe/London,kenji.rodriguez@tech.dev,Kenji Rodriguez,2024-03-16,paid_ads,True,,,,2026-04-24 22:09:13.186774,2026-04-24 22:09:13.186774,Free,free,0.0,0.0,5.0,3.0,1,True,2026-04-24 22:09:13.186774,0.0,False
512,344,1,paused,monthly,2025-02-22,,0.0,10.0,,,2026-04-24 22:09:13.186774,PeakVentures,Marketing,small,JP,Japan,Asia/Tokyo,paul.patel@yahoo.com,Paul Patel,2025-02-22,organic,True,,,,2026-04-24 22:09:13.186774,2026-04-24 22:09:13.186774,Free,free,0.0,0.0,5.0,3.0,1,True,2026-04-24 22:09:13.186774,0.0,False
513,345,4,active,monthly,2023-08-25,,39.0,0.0,2023-09-08,,2026-04-24 22:09:13.186774,Zeal Software,Healthcare,small,US,United States,America/Los_Angeles,mary.kim@corp.net,Mary Kim,2023-08-25,referral,True,,,1.0,2026-04-24 22:09:13.186774,2026-04-24 22:09:13.186774,Professional,professional,39.0,390.0,50.0,50.0,25,True,2026-04-24 22:09:13.186774,39.0,False
514,346,1,cancelled,annual,2023-05-21,2024-06-05,0.0,0.0,,Company reorganization,2026-04-24 22:09:13.186774,SageHub,Media,enterprise,BR,Brazil,America/Sao_Paulo,donald.rivera@startup.co,Donald Rivera,2023-05-21,event,False,2024-06-05 12:04:16,Too expensive,10.0,2026-04-24 22:09:13.186774,2026-04-24 22:09:13.186774,Free,free,0.0,0.0,5.0,3.0,1,True,2026-04-24 22:09:13.186774,0.0,True
515,347,4,active,monthly,2023-11-29,,39.0,0.0,2023-12-13,,2026-04-24 22:09:13.186774,ArcPlatform,E-commerce,enterprise,GB,United Kingdom,Europe/London,robert.lopez@corp.net,Robert Lopez,2023-11-29,organic,True,,,,2026-04-24 22:09:13.186774,2026-04-24 22:09:13.186774,Professional,professional,39.0,390.0,50.0,50.0,25,True,2026-04-24 22:09:13.186774,39.0,False
516,348,1,active,annual,2024-04-07,,0.0,0.0,,,2026-04-24 22:09:13.186774,Vine Logic,Legal,small,AU,Australia,Australia/Sydney,donna.chen@gmail.com,Donna Chen,2024-04-07,partner,True,,,,2026-04-24 22:09:13.186774,2026-04-24 22:09:13.186774,Free,free,0.0,0.0,5.0,3.0,1,True,2026-04-24 22:09:13.186774,0.0,False
517,349,4,expired,monthly,2024-02-12,2024-12-23,39.0,0.0,2024-02-26,Switched competitor,2026-04-24 22:09:13.186774,HiveDynamics,Legal,small,JP,Japan,Asia/Tokyo,matthew.king@hotmail.com,Matthew King,2024-02-12,event,True,,,,2026-04-24 22:09:13.186774,2026-04-24 22:09:13.186774,Professional,professional,39.0,390.0,50.0,50.0,25,True,2026-04-24 22:09:13.186774,39.0,False
518,349,6,active,monthly,2024-12-23,,99.0,0.0,,,2026-04-24 22:09:13.186774,HiveDynamics,Legal,small,JP,Japan,Asia/Tokyo,matthew.king@hotmail.com,Matthew King,2024-02-12,event,True,,,,2026-04-24 22:09:13.186774,2026-04-24 22:09:13.186774,Enterprise,enterprise,99.0,990.0,500.0,,100,True,2026-04-24 22:09:13.186774,99.0,False
519,350,1,cancelled,annual,2023-04-26,2024-04-07,0.0,0.0,,Missing features,2026-04-24 22:09:13.186774,DriftSolutions,Real Estate,small,FR,France,Europe/Paris,dorothy.martinez@outlook.com,Dorothy Martinez,2023-04-26,organic,False,2025-09-20 19:32:00,No longer needed,2.0,2026-04-24 22:09:13.186774,2026-04-24 22:09:13.186774,Free,free,0.0,0.0,5.0,3.0,1,True,2026-04-24 22:09:13.186774,0.0,True
520,350,4,cancelled,monthly,2024-04-07,2025-09-20,39.0,0.0,,Switched competitor,2026-04-24 22:09:13.186774,DriftSolutions,Real Estate,small,FR,France,Europe/Paris,dorothy.martinez@outlook.com,Dorothy Martinez,2023-04-26,organic,False,2025-09-20 19:32:00,No longer needed,2.0,2026-04-24 22:09:13.186774,2026-04-24 22:09:13.186774,Professional,professional,39.0,390.0,50.0,50.0,25,True,2026-04-24 22:09:13.186774,39.0,True
521,351,1,expired,monthly,2023-05-07,2023-09-04,0.0,0.0,,Budget cuts,2026-04-24 22:09:13.186774,LunaHQ,Legal,small,CA,Canada,America/Toronto,jennifer.taylor@yahoo.com,Jennifer Taylor,2023-05-07,organic,False,2025-05-04 02:47:14,,3.0,2026-04-24 22:09:13.186774,2026-04-24 22:09:13.186774,Free,free,0.0,0.0,5.0,3.0,1,True,2026-04-24 22:09:13.186774,0.0,True
522,351,2,cancelled,annual,2023-09-04,2025-05-04,10.0,0.0,,Not using it,2026-04-24 22:09:13.186774,LunaHQ,Legal,small,CA,Canada,America/Toronto,jennifer.taylor@yahoo.com,Jennifer Taylor,2023-05-07,organic,False,2025-05-04 02:47:14,,3.0,2026-04-24 22:09:13.186774,2026-04-24 22:09:13.186774,Starter,starter,12.0,120.0,15.0,10.0,5,True,2026-04-24 22:09:13.186774,12.0,True
523,352,1,cancelled,monthly,2025-06-02,2025-07-30,0.0,0.0,,Missing features,2026-04-24 22:09:13.186774,UnitDev,Finance,medium,JP,Japan,Asia/Tokyo,matthew.williams@corp.net,Matthew Williams,2025-06-02,organic,False,2025-07-30 01:55:09,No longer needed,,2026-04-24 22:09:13.186774,2026-04-24 22:09:13.186774,Free,free,0.0,0.0,5.0,3.0,1,True,2026-04-24 22:09:13.186774,0.0,True
524,353,1,active,annual,2025-02-22,,0.0,0.0,,,2026-04-24 22:09:13.186774,ArcCloud,Insurance,medium,DE,Germany,Europe/Berlin,aisha.lopez@arccloud.com,Aisha Lopez,2025-02-22,organic,True,,,9.0,2026-04-24 22:09:13.186774,2026-04-24 22:09:13.186774,Free,free,0.0,0.0,5.0,3.0,1,True,2026-04-24 22:09:13.186774,0.0,False
525,354,3,active,monthly,2024-07-24,,19.0,0.0,2024-08-07,,2026-04-24 22:09:13.186774,Link Ops,Consulting,medium,AU,Australia,Australia/Sydney,mark.garcia+test@protonmail.com,Mark Garcia,2024-07-24,organic,True,,,5.0,2026-04-24 22:09:13.186774,2026-04-24 22:09:13.186774,Starter Plus,starter,19.0,190.0,25.0,20.0,10,True,2026-04-24 22:09:13.186774,19.0,False
526,355,3,active,monthly,2023-06-15,,19.0,0.0,2023-06-29,,2026-04-24 22:09:13.186774,Cloud Ops,Real Estate,enterprise,BR,Brazil,America/Sao_Paulo,karen.perez@startup.co,Karen Perez,2023-06-15,paid_ads,True,,,,2026-04-24 22:09:13.186774,2026-04-24 22:09:13.186774,Starter Plus,starter,19.0,190.0,25.0,20.0,10,True,2026-04-24 22:09:13.186774,19.0,False
527,356,5,active,monthly,2025-05-13,,59.0,0.0,2025-05-27,,2026-04-24 22:09:13.186774,DriftPro,Telecommunications,small,US,United States,America/Chicago,lars.martin@outlook.com,Lars Martin,2025-05-13,event,True,,,4.0,2026-04-24 22:09:13.186774,2026-04-24 22:09:13.186774,Professional Plus,professional,59.0,590.0,100.0,100.0,50,True,2026-04-24 22:09:13.186774,59.0,False
528,357,1,active,monthly,2024-05-10,,0.0,10.0,,,2026-04-24 22:09:13.186774,VertexDev,E-commerce,large,GB,United Kingdom,Europe/London,donna.brown@tech.dev,Donna Brown,2024-05-10,event,True,,,,2026-04-24 22:09:13.186774,2026-04-24 22:09:13.186774,Free,free,0.0,0.0,5.0,3.0,1,True,2026-04-24 22:09:13.186774,0.0,False
529,358,4,active,monthly,2024-10-09,,39.0,0.0,2024-10-23,,2026-04-24 22:09:13.186774,BeamGroup,Education,medium,BR,Brazil,America/Sao_Paulo,donna.thompson@enterprise.com,Donna Thompson,2024-10-09,partner,True,,,,2026-04-24 22:09:13.186774,2026-04-24 22:09:13.186774,Professional,professional,39.0,390.0,50.0,50.0,25,True,2026-04-24 22:09:13.186774,39.0,False
530,359,2,active,annual,2024-02-29,,10.0,0.0,2024-03-14,,2026-04-24 22:09:13.186774,TrekCloud,Technology,small,US,United States,America/New_York,sandra.green@hotmail.com,Sandra Green,2024-02-29,partner,True,,,8.0,2026-04-24 22:09:13.186774,2026-04-24 22:09:13.186774,Starter,starter,12.0,120.0,15.0,10.0,5,True,2026-04-24 22:09:13.186774,12.0,False
531,360,4,expired,annual,2023-12-16,2024-02-22,32.5,0.0,2023-12-30,Switched competitor,2026-04-24 22:09:13.186774,Sync Analytics,Insurance,small,DE,Germany,Europe/Berlin,karen.allen@outlook.com,Karen Allen,2023-12-16,paid_ads,True,,,10.0,2026-04-24 22:09:13.186774,2026-04-24 22:09:13.186774,Professional,professional,39.0,390.0,50.0,50.0,25,True,2026-04-24 22:09:13.186774,39.0,False
532,360,6,active,annual,2024-02-22,,82.5,0.0,,,2026-04-24 22:09:13.186774,Sync Analytics,Insurance,small,DE,Germany,Europe/Berlin,karen.allen@outlook.com,Karen Allen,2023-12-16,paid_ads,True,,,10.0,2026-04-24 22:09:13.186774,2026-04-24 22:09:13.186774,Enterprise,enterprise,99.0,990.0,500.0,,100,True,2026-04-24 22:09:13.186774,99.0,False
533,361,4,active,annual,2025-07-02,,32.5,0.0,2025-07-16,,2026-04-24 22:09:13.186774,MetaWorks,Telecommunications,large,CA,Canada,America/Toronto,Donald.Tanaka@yahoo.com,Donald Tanaka,2025-07-02,referral,True,,,,2026-04-24 22:09:13.186774,2026-04-24 22:09:13.186774,Professional,professional,39.0,390.0,50.0,50.0,25,True,2026-04-24 22:09:13.186774,39.0,False
534,362,3,active,annual,2025-06-28,,15.83,0.0,2025-07-12,,2026-04-24 22:09:13.186774,Hive Cloud,Real Estate,large,SG,Singapore,Asia/Singapore,charles.scott@company.io,Charles Scott,2025-06-28,organic,True,,,4.0,2026-04-24 22:09:13.186774,2026-04-24 22:09:13.186774,Starter Plus,starter,19.0,190.0,25.0,20.0,10,True,2026-04-24 22:09:13.186774,19.0,False
535,363,2,active,monthly,2023-11-19,,12.0,0.0,2023-12-03,,2026-04-24 22:09:13.186774,VertexLogic,Retail,small,BR,Brazil,America/Sao_Paulo,joshua.harris@protonmail.com,Joshua Harris,2023-11-19,partner,True,,,3.0,2026-04-24 22:09:13.186774,2026-04-24 22:09:13.186774,Starter,starter,12.0,120.0,15.0,10.0,5,True,2026-04-24 22:09:13.186774,12.0,False
536,364,4,expired,annual,2023-12-15,2024-04-30,32.5,0.0,2023-12-29,Switched competitor,2026-04-24 22:09:13.186774,LunaSystems,Technology,enterprise,GB,United Kingdom,Europe/London,jennifer.lewis@tech.dev,Jennifer Lewis,2023-12-15,event,True,,,,2026-04-24 22:09:13.186774,2026-04-24 22:09:13.186774,Professional,professional,39.0,390.0,50.0,50.0,25,True,2026-04-24 22:09:13.186774,39.0,False
537,364,2,expired,monthly,2024-04-30,2024-12-24,12.0,0.0,,Budget cuts,2026-04-24 22:09:13.186774,LunaSystems,Technology,enterprise,GB,United Kingdom,Europe/London,jennifer.lewis@tech.dev,Jennifer Lewis,2023-12-15,event,True,,,,2026-04-24 22:09:13.186774,2026-04-24 22:09:13.186774,Starter,starter,12.0,120.0,15.0,10.0,5,True,2026-04-24 22:09:13.186774,12.0,False
538,364,4,active,monthly,2024-12-24,,39.0,0.0,,,2026-04-24 22:09:13.186774,LunaSystems,Technology,enterprise,GB,United Kingdom,Europe/London,jennifer.lewis@tech.dev,Jennifer Lewis,2023-12-15,event,True,,,,2026-04-24 22:09:13.186774,2026-04-24 22:09:13.186774,Professional,professional,39.0,390.0,50.0,50.0,25,True,2026-04-24 22:09:13.186774,39.0,False
539,365,2,active,annual,2023-11-15,,10.0,0.0,2023-11-29,,2026-04-24 22:09:13.186774,Grid Dev,Logistics,small,GB,United Kingdom,Europe/London,olga.williams@griddev.com,Olga Williams,2023-11-15,referral,True,,,,2026-04-24 22:09:13.186774,2026-04-24 22:09:13.186774,Starter,starter,12.0,120.0,15.0,10.0,5,True,2026-04-24 22:09:13.186774,12.0,False
540,366,1,cancelled,annual,2023-07-17,2024-05-03,0.0,0.0,,Switched competitor,2026-04-24 22:09:13.186774,VertexHQ,Healthcare,medium,SG,Singapore,Asia/Singapore,Ahmed.Martin@hotmail.com,Ahmed Martin,2023-07-17,referral,True,,,9.0,2026-04-24 22:09:13.186774,2026-04-24 22:09:13.186774,Free,free,0.0,0.0,5.0,3.0,1,True,2026-04-24 22:09:13.186774,0.0,False
541,366,5,cancelled,monthly,2024-05-03,2025-02-08,59.0,0.0,,Missing features,2026-04-24 22:09:13.186774,VertexHQ,Healthcare,medium,SG,Singapore,Asia/Singapore,Ahmed.Martin@hotmail.com,Ahmed Martin,2023-07-17,referral,True,,,9.0,2026-04-24 22:09:13.186774,2026-04-24 22:09:13.186774,Professional Plus,professional,59.0,590.0,100.0,100.0,50,True,2026-04-24 22:09:13.186774,59.0,False
542,366,2,active,monthly,2025-02-08,,12.0,0.0,,,2026-04-24 22:09:13.186774,VertexHQ,Healthcare,medium,SG,Singapore,Asia/Singapore,Ahmed.Martin@hotmail.com,Ahmed Martin,2023-07-17,referral,True,,,9.0,2026-04-24 22:09:13.186774,2026-04-24 22:09:13.186774,Starter,starter,12.0,120.0,15.0,10.0,5,True,2026-04-24 22:09:13.186774,12.0,False
543,367,4,cancelled,monthly,2024-12-22,2025-07-26,35.1,10.0,2025-01-05,Not using it,2026-04-24 22:09:13.186774,Hub Labs,Real Estate,medium,JP,Japan,Asia/Tokyo,michael.wilson@hublabs.com,Michael Wilson,2024-12-22,event,True,,,4.0,2026-04-24 22:09:13.186774,2026-04-24 22:09:13.186774,Professional,professional,39.0,390.0,50.0,50.0,25,True,2026-04-24 22:09:13.186774,39.0,False
544,367,1,active,annual,2025-07-26,,0.0,0.0,,,2026-04-24 22:09:13.186774,Hub Labs,Real Estate,medium,JP,Japan,Asia/Tokyo,michael.wilson@hublabs.com,Michael Wilson,2024-12-22,event,True,,,4.0,2026-04-24 22:09:13.186774,2026-04-24 22:09:13.186774,Free,free,0.0,0.0,5.0,3.0,1,True,2026-04-24 22:09:13.186774,0.0,False
545,368,3,active,monthly,2023-07-03,,19.0,0.0,2023-07-17,,2026-04-24 22:09:13.186774,NexusWorks,Technology,small,US,United States,America/New_York,donald.baker@outlook.com,Donald Baker,2023-07-03,referral,True,,,,2026-04-24 22:09:13.186774,2026-04-24 22:09:13.186774,Starter Plus,starter,19.0,190.0,25.0,20.0,10,True,2026-04-24 22:09:13.186774,19.0,False
546,369,2,active,monthly,2023-11-14,,12.0,0.0,2023-11-28,,2026-04-24 22:09:13.186774,MetaNet,Insurance,medium,US,United States,America/Chicago,priya.kim@metanet.com,Priya Kim,2023-11-14,referral,True,,,,2026-04-24 22:09:13.186774,2026-04-24 22:09:13.186774,Starter,starter,12.0,120.0,15.0,10.0,5,True,2026-04-24 22:09:13.186774,12.0,False
547,370,2,cancelled,monthly,2024-05-01,2025-06-06,12.0,0.0,2024-05-15,Missing features,2026-04-24 22:09:13.186774,Xenon Logic,Finance,large,SG,Singapore,Asia/Singapore,lisa.muller@xenonlogic.com,Lisa Muller,2024-05-01,event,False,2025-06-06 18:43:17,Not enough users,,2026-04-24 22:09:13.186774,2026-04-24 22:09:13.186774,Starter,starter,12.0,120.0,15.0,10.0,5,True,2026-04-24 22:09:13.186774,12.0,True
548,371,1,active,annual,2025-03-22,,0.0,0.0,,,2026-04-24 22:09:13.186774,ZealStudio,Finance,medium,US,United States,America/Chicago,betty.ivanov@tech.dev,Betty Ivanov,2025-03-22,partner,True,,,8.0,2026-04-24 22:09:13.186774,2026-04-24 22:09:13.186774,Free,free,0.0,0.0,5.0,3.0,1,True,2026-04-24 22:09:13.186774,0.0,False
549,372,4,active,annual,2023-12-17,,32.5,0.0,2023-12-31,,2026-04-24 22:09:13.186774,NexusPlatform,Consulting,medium,US,United States,America/Chicago,lisa.wilson@startup.co,Lisa Wilson,2023-12-17,referral,True,,,8.0,2026-04-24 22:09:13.186774,2026-04-24 22:09:13.186774,Professional,professional,39.0,390.0,50.0,50.0,25,True,2026-04-24 22:09:13.186774,39.0,False
550,373,6,active,monthly,2025-09-05,,99.0,0.0,2025-09-19,,2026-04-24 22:09:13.186774,VineNet,Consulting,small,BR,Brazil,America/Sao_Paulo,joshua.robinson@enterprise.com,Joshua Robinson,2025-09-05,organic,True,,,8.0,2026-04-24 22:09:13.186774,2026-04-24 22:09:13.186774,Enterprise,enterprise,99.0,990.0,500.0,,100,True,2026-04-24 22:09:13.186774,99.0,False
551,374,1,cancelled,monthly,2024-11-07,2025-07-01,0.0,10.0,,Missing features,2026-04-24 22:09:13.186774,UltraIO,Technology,small,GB,United Kingdom,Europe/London,sofia.rodriguez@gmail.com,Sofia Rodriguez,2024-11-07,partner,False,2025-07-01 07:39:47,Poor support experience,4.0,2026-04-24 22:09:13.186774,2026-04-24 22:09:13.186774,Free,free,0.0,0.0,5.0,3.0,1,True,2026-04-24 22:09:13.186774,0.0,True
552,375,1,expired,monthly,2024-02-18,2025-01-22,0.0,0.0,,Not using it,2026-04-24 22:09:13.186774,TidalVentures,Logistics,small,AU,Australia,Australia/Sydney,yuki.thompson@corp.net,Yuki Thompson,2024-02-18,organic,True,,,,2026-04-24 22:09:13.186774,2026-04-24 22:09:13.186774,Free,free,0.0,0.0,5.0,3.0,1,True,2026-04-24 22:09:13.186774,0.0,False
553,375,6,cancelled,monthly,2025-01-22,2025-06-17,99.0,0.0,,Switched competitor,2026-04-24 22:09:13.186774,TidalVentures,Logistics,small,AU,Australia,Australia/Sydney,yuki.thompson@corp.net,Yuki Thompson,2024-02-18,organic,True,,,,2026-04-24 22:09:13.186774,2026-04-24 22:09:13.186774,Enterprise,enterprise,99.0,990.0,500.0,,100,True,2026-04-24 22:09:13.186774,99.0,False
554,375,5,active,annual,2025-06-17,,44.25,10.0,,,2026-04-24 22:09:13.186774,TidalVentures,Logistics,small,AU,Australia,Australia/Sydney,yuki.thompson@corp.net,Yuki Thompson,2024-02-18,organic,True,,,,2026-04-24 22:09:13.186774,2026-04-24 22:09:13.186774,Professional Plus,professional,59.0,590.0,100.0,100.0,50,True,2026-04-24 22:09:13.186774,59.0,False
555,376,1,active,monthly,2024-12-20,,0.0,0.0,,,2026-04-24 22:09:13.186774,XenonDynamics,Technology,large,JP,Japan,Asia/Tokyo,sofia.thompson@gmail.com,Sofia Thompson,2024-12-20,organic,True,,,,2026-04-24 22:09:13.186774,2026-04-24 22:09:13.186774,Free,free,0.0,0.0,5.0,3.0,1,True,2026-04-24 22:09:13.186774,0.0,False
556,377,2,active,monthly,2023-06-07,,10.8,10.0,2023-06-21,,2026-04-24 22:09:13.186774,ZenLogic,E-commerce,large,US,United States,America/Los_Angeles,donald.rodriguez@company.io,Donald Rodriguez,2023-06-07,paid_ads,True,,,,2026-04-24 22:09:13.186774,2026-04-24 22:09:13.186774,Starter,starter,12.0,120.0,15.0,10.0,5,True,2026-04-24 22:09:13.186774,12.0,False
557,378,3,cancelled,monthly,2025-07-04,2025-09-16,19.0,0.0,2025-07-18,Budget cuts,2026-04-24 22:09:13.186774,Bolt Digital,Legal,medium,SG,Singapore,Asia/Singapore,margaret.rodriguez@startup.co,Margaret Rodriguez,2025-07-04,organic,True,,,,2026-04-24 22:09:13.186774,2026-04-24 22:09:13.186774,Starter Plus,starter,19.0,190.0,25.0,20.0,10,True,2026-04-24 22:09:13.186774,19.0,False
558,378,5,active,annual,2025-09-16,,49.17,0.0,,,2026-04-24 22:09:13.186774,Bolt Digital,Legal,medium,SG,Singapore,Asia/Singapore,margaret.rodriguez@startup.co,Margaret Rodriguez,2025-07-04,organic,True,,,,2026-04-24 22:09:13.186774,2026-04-24 22:09:13.186774,Professional Plus,professional,59.0,590.0,100.0,100.0,50,True,2026-04-24 22:09:13.186774,59.0,False
559,379,6,active,monthly,2023-10-03,,84.15,15.0,2023-10-17,,2026-04-24 22:09:13.186774,BeamDynamics,Manufacturing,small,GB,United Kingdom,Europe/London,barbara.ramirez@hotmail.com,Barbara Ramirez,2023-10-03,organic,True,,,7.0,2026-04-24 22:09:13.186774,2026-04-24 22:09:13.186774,Enterprise,enterprise,99.0,990.0,500.0,,100,True,2026-04-24 22:09:13.186774,99.0,False
560,380,1,cancelled,monthly,2023-03-22,2023-09-08,0.0,0.0,,Switched competitor,2026-04-24 22:09:13.186774,KeenIO,Healthcare,medium,CA,Canada,America/Toronto,carlos.garcia@protonmail.com,Carlos Garcia,2023-03-22,partner,True,,,,2026-04-24 22:09:13.186774,2026-04-24 22:09:13.186774,Free,free,0.0,0.0,5.0,3.0,1,True,2026-04-24 22:09:13.186774,0.0,False
561,380,5,expired,monthly,2023-09-08,2024-01-01,59.0,0.0,,Switched competitor,2026-04-24 22:09:13.186774,KeenIO,Healthcare,medium,CA,Canada,America/Toronto,carlos.garcia@protonmail.com,Carlos Garcia,2023-03-22,partner,True,,,,2026-04-24 22:09:13.186774,2026-04-24 22:09:13.186774,Professional Plus,professional,59.0,590.0,100.0,100.0,50,True,2026-04-24 22:09:13.186774,59.0,False
562,380,3,active,monthly,2024-01-01,,19.0,0.0,,,2026-04-24 22:09:13.186774,KeenIO,Healthcare,medium,CA,Canada,America/Toronto,carlos.garcia@protonmail.com,Carlos Garcia,2023-03-22,partner,True,,,,2026-04-24 22:09:13.186774,2026-04-24 22:09:13.186774,Starter Plus,starter,19.0,190.0,25.0,20.0,10,True,2026-04-24 22:09:13.186774,19.0,False
563,381,1,active,annual,2024-07-01,,0.0,0.0,,,2026-04-24 22:09:13.186774,EchoStack,Logistics,small,SG,Singapore,Asia/Singapore,aisha.wright@gmail.com,Aisha Wright,2024-07-01,referral,True,,,7.0,2026-04-24 22:09:13.186774,2026-04-24 22:09:13.186774,Free,free,0.0,0.0,5.0,3.0,1,True,2026-04-24 22:09:13.186774,0.0,False
564,382,1,cancelled,annual,2024-08-09,2025-06-13,0.0,20.0,,Not using it,2026-04-24 22:09:13.186774,Cloud Net,Telecommunications,medium,FR,France,Europe/Paris,karen.patel@enterprise.com,Karen Patel,2024-08-09,organic,False,2025-04-22 14:40:26,,,2026-04-24 22:09:13.186774,2026-04-24 22:09:13.186774,Free,free,0.0,0.0,5.0,3.0,1,True,2026-04-24 22:09:13.186774,0.0,True
565,382,1,cancelled,monthly,2025-06-13,2025-10-30,0.0,0.0,,Too expensive,2026-04-24 22:09:13.186774,Cloud Net,Telecommunications,medium,FR,France,Europe/Paris,karen.patel@enterprise.com,Karen Patel,2024-08-09,organic,False,2025-04-22 14:40:26,,,2026-04-24 22:09:13.186774,2026-04-24 22:09:13.186774,Free,free,0.0,0.0,5.0,3.0,1,True,2026-04-24 22:09:13.186774,0.0,True
566,382,5,cancelled,monthly,2025-10-30,2025-04-22,53.1,10.0,,Company reorganization,2026-04-24 22:09:13.186774,Cloud Net,Telecommunications,medium,FR,France,Europe/Paris,karen.patel@enterprise.com,Karen Patel,2024-08-09,organic,False,2025-04-22 14:40:26,,,2026-04-24 22:09:13.186774,2026-04-24 22:09:13.186774,Professional Plus,professional,59.0,590.0,100.0,100.0,50,True,2026-04-24 22:09:13.186774,59.0,True
567,383,3,active,annual,2023-04-25,,12.67,20.0,2023-05-09,,2026-04-24 22:09:13.186774,Glow Tech,Retail,enterprise,DE,Germany,Europe/Berlin,thomas.rodriguez@glowtech.com,Thomas Rodriguez,2023-04-25,paid_ads,True,,,,2026-04-24 22:09:13.186774,2026-04-24 22:09:13.186774,Starter Plus,starter,19.0,190.0,25.0,20.0,10,True,2026-04-24 22:09:13.186774,19.0,False
568,384,5,cancelled,monthly,2023-03-28,2023-09-19,59.0,0.0,2023-04-11,Not using it,2026-04-24 22:09:13.186774,QuestHQ,Finance,small,FR,France,Europe/Paris,jessica.young@gmail.com,Jessica Young,2023-03-28,referral,True,,,9.0,2026-04-24 22:09:13.186774,2026-04-24 22:09:13.186774,Professional Plus,professional,59.0,590.0,100.0,100.0,50,True,2026-04-24 22:09:13.186774,59.0,False
569,384,7,active,annual,2023-09-19,,165.83,0.0,,,2026-04-24 22:09:13.186774,QuestHQ,Finance,small,FR,France,Europe/Paris,jessica.young@gmail.com,Jessica Young,2023-03-28,referral,True,,,9.0,2026-04-24 22:09:13.186774,2026-04-24 22:09:13.186774,Enterprise Custom,enterprise,199.0,1990.0,,,500,True,2026-04-24 22:09:13.186774,199.0,False
570,385,5,expired,annual,2023-09-28,2024-05-18,49.17,0.0,2023-10-12,Missing features,2026-04-24 22:09:13.186774,WarpCorp,E-commerce,large,CA,Canada,America/Toronto,olga.green@warpcorp.com,Olga Green,2023-09-28,organic,True,,,4.0,2026-04-24 22:09:13.186774,2026-04-24 22:09:13.186774,Professional Plus,professional,59.0,590.0,100.0,100.0,50,True,2026-04-24 22:09:13.186774,59.0,False
571,385,2,cancelled,annual,2024-05-18,2024-10-29,10.0,0.0,,Switched competitor,2026-04-24 22:09:13.186774,WarpCorp,E-commerce,large,CA,Canada,America/Toronto,olga.green@warpcorp.com,Olga Green,2023-09-28,organic,True,,,4.0,2026-04-24 22:09:13.186774,2026-04-24 22:09:13.186774,Starter,starter,12.0,120.0,15.0,10.0,5,True,2026-04-24 22:09:13.186774,12.0,False
572,385,6,active,monthly,2024-10-29,,99.0,0.0,,,2026-04-24 22:09:13.186774,WarpCorp,E-commerce,large,CA,Canada,America/Toronto,olga.green@warpcorp.com,Olga Green,2023-09-28,organic,True,,,4.0,2026-04-24 22:09:13.186774,2026-04-24 22:09:13.186774,Enterprise,enterprise,99.0,990.0,500.0,,100,True,2026-04-24 22:09:13.186774,99.0,False
573,386,3,cancelled,monthly,2024-03-21,2025-04-03,19.0,0.0,2024-04-04,Missing features,2026-04-24 22:09:13.186774,EchoCloud,Insurance,medium,GB,United Kingdom,Europe/London,matthew.baker@yahoo.com,Matthew Baker,2024-03-21,organic,False,2025-04-03 14:37:22,Budget cuts,,2026-04-24 22:09:13.186774,2026-04-24 22:09:13.186774,Starter Plus,starter,19.0,190.0,25.0,20.0,10,True,2026-04-24 22:09:13.186774,19.0,True
574,387,1,expired,monthly,2024-08-21,2025-06-11,0.0,0.0,,Too expensive,2026-04-24 22:09:13.186774,GridDynamics,Retail,medium,BR,Brazil,America/Sao_Paulo,raj.moore@outlook.com,Raj Moore,2024-08-21,partner,True,,,,2026-04-24 22:09:13.186774,2026-04-24 22:09:13.186774,Free,free,0.0,0.0,5.0,3.0,1,True,2026-04-24 22:09:13.186774,0.0,False
575,387,6,active,monthly,2025-06-11,,99.0,0.0,,,2026-04-24 22:09:13.186774,GridDynamics,Retail,medium,BR,Brazil,America/Sao_Paulo,raj.moore@outlook.com,Raj Moore,2024-08-21,partner,True,,,,2026-04-24 22:09:13.186774,2026-04-24 22:09:13.186774,Enterprise,enterprise,99.0,990.0,500.0,,100,True,2026-04-24 22:09:13.186774,99.0,False
576,388,1,cancelled,monthly,2024-06-21,2025-07-02,0.0,0.0,,Budget cuts,2026-04-24 22:09:13.186774,MetaDev,Legal,small,IN,India,Asia/Kolkata,kimberly.smith@gmail.com,Kimberly Smith,2024-06-21,partner,False,2025-07-02 08:57:54,Company closed,1.0,2026-04-24 22:09:13.186774,2026-04-24 22:09:13.186774,Free,free,0.0,0.0,5.0,3.0,1,True,2026-04-24 22:09:13.186774,0.0,True
577,389,1,cancelled,monthly,2024-09-11,2025-06-22,0.0,0.0,,Too expensive,2026-04-24 22:09:13.186774,CloudLabs,Technology,medium,SG,Singapore,Asia/Singapore,dmitri.wilson@cloudlabs.com,Dmitri Wilson,2024-09-11,paid_ads,False,2025-06-22 22:02:28,,,2026-04-24 22:09:13.186774,2026-04-24 22:09:13.186774,Free,free,0.0,0.0,5.0,3.0,1,True,2026-04-24 22:09:13.186774,0.0,True
578,390,2,expired,annual,2025-03-10,2025-07-17,10.0,0.0,2025-03-24,Too expensive,2026-04-24 22:09:13.186774,Sync HQ,Logistics,small,SG,Singapore,Asia/Singapore,sandra.moore@company.io,Sandra Moore,2025-03-10,event,False,2025-05-03 05:29:33,Budget cuts,10.0,2026-04-24 22:09:13.186774,2026-04-24 22:09:13.186774,Starter,starter,12.0,120.0,15.0,10.0,5,True,2026-04-24 22:09:13.186774,12.0,True
579,390,2,cancelled,monthly,2025-07-17,2025-10-18,12.0,0.0,,Switched competitor,2026-04-24 22:09:13.186774,Sync HQ,Logistics,small,SG,Singapore,Asia/Singapore,sandra.moore@company.io,Sandra Moore,2025-03-10,event,False,2025-05-03 05:29:33,Budget cuts,10.0,2026-04-24 22:09:13.186774,2026-04-24 22:09:13.186774,Starter,starter,12.0,120.0,15.0,10.0,5,True,2026-04-24 22:09:13.186774,12.0,True
580,390,4,cancelled,annual,2025-10-18,2025-05-03,32.5,0.0,,Missing features,2026-04-24 22:09:13.186774,Sync HQ,Logistics,small,SG,Singapore,Asia/Singapore,sandra.moore@company.io,Sandra Moore,2025-03-10,event,False,2025-05-03 05:29:33,Budget cuts,10.0,2026-04-24 22:09:13.186774,2026-04-24 22:09:13.186774,Professional,professional,39.0,390.0,50.0,50.0,25,True,2026-04-24 22:09:13.186774,39.0,True
581,391,6,expired,monthly,2023-08-12,2024-01-28,99.0,0.0,2023-08-26,,2026-04-24 22:09:13.186774,QuarkSolutions,Consulting,small,BR,Brazil,America/Sao_Paulo,betty.lopez@tech.dev,Betty Lopez,2023-08-12,event,True,,,7.0,2026-04-24 22:09:13.186774,2026-04-24 22:09:13.186774,Enterprise,enterprise,99.0,990.0,500.0,,100,True,2026-04-24 22:09:13.186774,99.0,False
582,391,5,active,monthly,2024-01-28,,59.0,0.0,,,2026-04-24 22:09:13.186774,QuarkSolutions,Consulting,small,BR,Brazil,America/Sao_Paulo,betty.lopez@tech.dev,Betty Lopez,2023-08-12,event,True,,,7.0,2026-04-24 22:09:13.186774,2026-04-24 22:09:13.186774,Professional Plus,professional,59.0,590.0,100.0,100.0,50,True,2026-04-24 22:09:13.186774,59.0,False
583,392,1,expired,annual,2023-09-30,2024-06-10,0.0,0.0,,,2026-04-24 22:09:13.186774,Keen Pro,Education,enterprise,CA,Canada,America/Toronto,mary.young@gmail.com,Mary Young,2023-09-30,referral,False,2024-07-12 04:29:34,Budget cuts,3.0,2026-04-24 22:09:13.186774,2026-04-24 22:09:13.186774,Free,free,0.0,0.0,5.0,3.0,1,True,2026-04-24 22:09:13.186774,0.0,True
584,392,4,cancelled,monthly,2024-06-10,2024-07-12,39.0,0.0,,,2026-04-24 22:09:13.186774,Keen Pro,Education,enterprise,CA,Canada,America/Toronto,mary.young@gmail.com,Mary Young,2023-09-30,referral,False,2024-07-12 04:29:34,Budget cuts,3.0,2026-04-24 22:09:13.186774,2026-04-24 22:09:13.186774,Professional,professional,39.0,390.0,50.0,50.0,25,True,2026-04-24 22:09:13.186774,39.0,True
585,393,1,active,annual,2024-07-02,,0.0,0.0,,,2026-04-24 22:09:13.186774,EchoCorp,Legal,enterprise,US,United States,America/Chicago,Paul.Anderson@echocorp.com,Paul Anderson,2024-07-02,organic,True,,,8.0,2026-04-24 22:09:13.186774,2026-04-24 22:09:13.186774,Free,free,0.0,0.0,5.0,3.0,1,True,2026-04-24 22:09:13.186774,0.0,False
586,394,1,expired,annual,2023-06-30,2023-11-29,0.0,0.0,,,2026-04-24 22:09:13.186774,DataStack,Logistics,small,IN,India,Asia/Kolkata,paul.perez@protonmail.com,Paul Perez,2023-06-30,partner,True,,,,2026-04-24 22:09:13.186774,2026-04-24 22:09:13.186774,Free,free,0.0,0.0,5.0,3.0,1,True,2026-04-24 22:09:13.186774,0.0,False
587,394,4,active,monthly,2023-11-29,,39.0,0.0,,,2026-04-24 22:09:13.186774,DataStack,Logistics,small,IN,India,Asia/Kolkata,paul.perez@protonmail.com,Paul Perez,2023-06-30,partner,True,,,,2026-04-24 22:09:13.186774,2026-04-24 22:09:13.186774,Professional,professional,39.0,390.0,50.0,50.0,25,True,2026-04-24 22:09:13.186774,39.0,False
588,395,1,expired,monthly,2023-07-17,2023-10-27,0.0,0.0,,Budget cuts,2026-04-24 22:09:13.186774,TidalNet,Healthcare,large,FR,France,Europe/Paris,daniel.young@tidalnet.com,Daniel Young,2023-07-17,event,False,2024-08-20 11:22:12,Not enough users,6.0,2026-04-24 22:09:13.186774,2026-04-24 22:09:13.186774,Free,free,0.0,0.0,5.0,3.0,1,True,2026-04-24 22:09:13.186774,0.0,True
589,395,1,cancelled,annual,2023-10-27,2024-01-08,0.0,0.0,,Too expensive,2026-04-24 22:09:13.186774,TidalNet,Healthcare,large,FR,France,Europe/Paris,daniel.young@tidalnet.com,Daniel Young,2023-07-17,event,False,2024-08-20 11:22:12,Not enough users,6.0,2026-04-24 22:09:13.186774,2026-04-24 22:09:13.186774,Free,free,0.0,0.0,5.0,3.0,1,True,2026-04-24 22:09:13.186774,0.0,True
590,395,6,cancelled,monthly,2024-01-08,2024-08-20,89.1,10.0,,Missing features,2026-04-24 22:09:13.186774,TidalNet,Healthcare,large,FR,France,Europe/Paris,daniel.young@tidalnet.com,Daniel Young,2023-07-17,event,False,2024-08-20 11:22:12,Not enough users,6.0,2026-04-24 22:09:13.186774,2026-04-24 22:09:13.186774,Enterprise,enterprise,99.0,990.0,500.0,,100,True,2026-04-24 22:09:13.186774,99.0,True
591,396,4,active,annual,2024-11-25,,32.5,0.0,2024-12-09,,2026-04-24 22:09:13.186774,Data Works,Insurance,large,US,United States,America/New_York,betty.davis@tech.dev,Betty Davis,2024-11-25,partner,True,,,9.0,2026-04-24 22:09:13.186774,2026-04-24 22:09:13.186774,Professional,professional,39.0,390.0,50.0,50.0,25,True,2026-04-24 22:09:13.186774,39.0,False
592,397,1,cancelled,annual,2024-10-09,2025-07-26,0.0,0.0,,Too expensive,2026-04-24 22:09:13.186774,EdgeAI,Consulting,large,US,United States,America/New_York,Donald.Flores@edgeai.com,Donald Flores,2024-10-09,referral,False,2025-03-07 08:35:29,,4.0,2026-04-24 22:09:13.186774,2026-04-24 22:09:13.186774,Free,free,0.0,0.0,5.0,3.0,1,True,2026-04-24 22:09:13.186774,0.0,True
593,397,5,expired,annual,2025-07-26,2025-10-06,44.25,10.0,,Not using it,2026-04-24 22:09:13.186774,EdgeAI,Consulting,large,US,United States,America/New_York,Donald.Flores@edgeai.com,Donald Flores,2024-10-09,referral,False,2025-03-07 08:35:29,,4.0,2026-04-24 22:09:13.186774,2026-04-24 22:09:13.186774,Professional Plus,professional,59.0,590.0,100.0,100.0,50,True,2026-04-24 22:09:13.186774,59.0,True
594,397,4,cancelled,annual,2025-10-06,2025-03-07,32.5,0.0,,Missing features,2026-04-24 22:09:13.186774,EdgeAI,Consulting,large,US,United States,America/New_York,Donald.Flores@edgeai.com,Donald Flores,2024-10-09,referral,False,2025-03-07 08:35:29,,4.0,2026-04-24 22:09:13.186774,2026-04-24 22:09:13.186774,Professional,professional,39.0,390.0,50.0,50.0,25,True,2026-04-24 22:09:13.186774,39.0,True
595,398,2,active,annual,2023-11-26,,10.0,0.0,2023-12-10,,2026-04-24 22:09:13.186774,Meta Corp,Marketing,enterprise,FR,France,Europe/Paris,fatima.sanchez@corp.net,Fatima Sanchez,2023-11-26,organic,True,,,,2026-04-24 22:09:13.186774,2026-04-24 22:09:13.186774,Starter,starter,12.0,120.0,15.0,10.0,5,True,2026-04-24 22:09:13.186774,12.0,False
596,399,1,active,monthly,2025-08-05,,0.0,0.0,,,2026-04-24 22:09:13.186774,LinkSolutions,Healthcare,small,US,United States,America/Los_Angeles,priya.clark@yahoo.com,Priya Clark,2025-08-05,organic,True,,,9.0,2026-04-24 22:09:13.186774,2026-04-24 22:09:13.186774,Free,free,0.0,0.0,5.0,3.0,1,True,2026-04-24 22:09:13.186774,0.0,False
597,400,5,active,monthly,2025-03-22,,59.0,0.0,2025-04-05,,2026-04-24 22:09:13.186774,Flux Tech,Technology,small,US,United States,America/Los_Angeles,jennifer.rivera@startup.co,Jennifer Rivera,2025-03-22,partner,True,,,,2026-04-24 22:09:13.186774,2026-04-24 22:09:13.186774,Professional Plus,professional,59.0,590.0,100.0,100.0,50,True,2026-04-24 22:09:13.186774,59.0,False
598,401,3,active,annual,2024-10-04,,15.83,0.0,2024-10-18,,2026-04-24 22:09:13.186774,Core Corp,E-commerce,small,BR,Brazil,America/Sao_Paulo,carlos.williams@corp.net,Carlos Williams,2024-10-04,partner,True,,,7.0,2026-04-24 22:09:13.186774,2026-04-24 22:09:13.186774,Starter Plus,starter,19.0,190.0,25.0,20.0,10,True,2026-04-24 22:09:13.186774,19.0,False
599,402,3,active,annual,2024-11-06,,15.83,0.0,2024-11-20,,2026-04-24 22:09:13.186774,MetaSystems,Healthcare,medium,IN,India,Asia/Kolkata,kenji.kim@enterprise.com,Kenji Kim,2024-11-06,paid_ads,True,,,3.0,2026-04-24 22:09:13.186774,2026-04-24 22:09:13.186774,Starter Plus,starter,19.0,190.0,25.0,20.0,10,True,2026-04-24 22:09:13.186774,19.0,False
600,403,6,cancelled,annual,2025-04-04,2025-07-01,82.5,0.0,2025-04-18,,2026-04-24 22:09:13.186774,RiftIO,Finance,large,US,United States,America/New_York,patricia.adams@protonmail.com,Patricia Adams,2025-04-04,organic,True,,,3.0,2026-04-24 22:09:13.186774,2026-04-24 22:09:13.186774,Enterprise,enterprise,99.0,990.0,500.0,,100,True,2026-04-24 22:09:13.186774,99.0,False
601,403,6,expired,annual,2025-07-01,2025-09-26,82.5,0.0,,Budget cuts,2026-04-24 22:09:13.186774,RiftIO,Finance,large,US,United States,America/New_York,patricia.adams@protonmail.com,Patricia Adams,2025-04-04,organic,True,,,3.0,2026-04-24 22:09:13.186774,2026-04-24 22:09:13.186774,Enterprise,enterprise,99.0,990.0,500.0,,100,True,2026-04-24 22:09:13.186774,99.0,False
602,403,4,active,monthly,2025-09-26,,39.0,0.0,,,2026-04-24 22:09:13.186774,RiftIO,Finance,large,US,United States,America/New_York,patricia.adams@protonmail.com,Patricia Adams,2025-04-04,organic,True,,,3.0,2026-04-24 22:09:13.186774,2026-04-24 22:09:13.186774,Professional,professional,39.0,390.0,50.0,50.0,25,True,2026-04-24 22:09:13.186774,39.0,False
603,404,3,cancelled,monthly,2024-11-24,2025-04-11,19.0,0.0,2024-12-08,Budget cuts,2026-04-24 22:09:13.186774,Bolt IO,Media,small,US,United States,America/Chicago,jessica.patel@startup.co,Jessica Patel,2024-11-24,partner,True,,,3.0,2026-04-24 22:09:13.186774,2026-04-24 22:09:13.186774,Starter Plus,starter,19.0,190.0,25.0,20.0,10,True,2026-04-24 22:09:13.186774,19.0,False
604,404,2,active,annual,2025-04-11,,10.0,0.0,,,2026-04-24 22:09:13.186774,Bolt IO,Media,small,US,United States,America/Chicago,jessica.patel@startup.co,Jessica Patel,2024-11-24,partner,True,,,3.0,2026-04-24 22:09:13.186774,2026-04-24 22:09:13.186774,Starter,starter,12.0,120.0,15.0,10.0,5,True,2026-04-24 22:09:13.186774,12.0,False
605,405,1,paused,monthly,2025-08-08,,0.0,25.0,,,2026-04-24 22:09:13.186774,GridPlatform,Retail,small,AU,Australia,Australia/Sydney,joseph.jones@gridplatform.com,Joseph Jones,2025-08-08,referral,True,,,7.0,2026-04-24 22:09:13.186774,2026-04-24 22:09:13.186774,Free,free,0.0,0.0,5.0,3.0,1,True,2026-04-24 22:09:13.186774,0.0,False
606,406,5,cancelled,monthly,2024-04-21,2024-08-07,59.0,0.0,2024-05-05,Not using it,2026-04-24 22:09:13.186774,UnitSoftware,Education,small,IN,India,Asia/Kolkata,david.williams@unitsoftware.com,David Williams,2024-04-21,event,True,,,6.0,2026-04-24 22:09:13.186774,2026-04-24 22:09:13.186774,Professional Plus,professional,59.0,590.0,100.0,100.0,50,True,2026-04-24 22:09:13.186774,59.0,False
607,406,5,active,monthly,2024-08-07,,59.0,0.0,,,2026-04-24 22:09:13.186774,UnitSoftware,Education,small,IN,India,Asia/Kolkata,david.williams@unitsoftware.com,David Williams,2024-04-21,event,True,,,6.0,2026-04-24 22:09:13.186774,2026-04-24 22:09:13.186774,Professional Plus,professional,59.0,590.0,100.0,100.0,50,True,2026-04-24 22:09:13.186774,59.0,False
608,407,3,active,monthly,2023-08-10,,17.1,10.0,2023-08-24,,2026-04-24 22:09:13.186774,MistSolutions,Logistics,medium,US,United States,America/Los_Angeles,andrew.scott@tech.dev,Andrew Scott,2023-08-10,event,True,,,,2026-04-24 22:09:13.186774,2026-04-24 22:09:13.186774,Starter Plus,starter,19.0,190.0,25.0,20.0,10,True,2026-04-24 22:09:13.186774,19.0,False
609,408,3,active,monthly,2025-07-24,,19.0,0.0,2025-08-07,,2026-04-24 22:09:13.186774,AcmePro,Retail,small,GB,United Kingdom,Europe/London,charles.ramirez@corp.net,Charles Ramirez,2025-07-24,organic,True,,,10.0,2026-04-24 22:09:13.186774,2026-04-24 22:09:13.186774,Starter Plus,starter,19.0,190.0,25.0,20.0,10,True,2026-04-24 22:09:13.186774,19.0,False
610,409,1,cancelled,annual,2023-09-04,2025-05-10,0.0,0.0,,Too expensive,2026-04-24 22:09:13.186774,EchoPro,Technology,medium,JP,Japan,Asia/Tokyo,betty.walker@outlook.com,Betty Walker,2023-09-04,organic,False,2025-05-10 22:24:15,Too expensive,,2026-04-24 22:09:13.186774,2026-04-24 22:09:13.186774,Free,free,0.0,0.0,5.0,3.0,1,True,2026-04-24 22:09:13.186774,0.0,True
611,410,2,active,annual,2025-02-04,,9.0,10.0,2025-02-18,,2026-04-24 22:09:13.186774,NovaDigital,E-commerce,large,US,United States,America/Chicago,mary.walker@enterprise.com,Mary Walker,2025-02-04,referral,True,,,,2026-04-24 22:09:13.186774,2026-04-24 22:09:13.186774,Starter,starter,12.0,120.0,15.0,10.0,5,True,2026-04-24 22:09:13.186774,12.0,False
612,411,2,cancelled,annual,2024-12-08,2025-02-26,10.0,0.0,2024-12-22,,2026-04-24 22:09:13.186774,ZealDigital,Manufacturing,small,IN,India,Asia/Kolkata,aisha.robinson+test@outlook.com,Aisha Robinson,2024-12-08,event,True,,,7.0,2026-04-24 22:09:13.186774,2026-04-24 22:09:13.186774,Starter,starter,12.0,120.0,15.0,10.0,5,True,2026-04-24 22:09:13.186774,12.0,False
613,411,3,active,monthly,2025-02-26,,19.0,0.0,,,2026-04-24 22:09:13.186774,ZealDigital,Manufacturing,small,IN,India,Asia/Kolkata,aisha.robinson+test@outlook.com,Aisha Robinson,2024-12-08,event,True,,,7.0,2026-04-24 22:09:13.186774,2026-04-24 22:09:13.186774,Starter Plus,starter,19.0,190.0,25.0,20.0,10,True,2026-04-24 22:09:13.186774,19.0,False
614,412,4,active,monthly,2025-07-20,,39.0,0.0,2025-08-03,,2026-04-24 22:09:13.186774,SageGroup,Insurance,small,SG,Singapore,Asia/Singapore,jennifer.flores@gmail.com,Jennifer Flores,2025-07-20,referral,True,,,,2026-04-24 22:09:13.186774,2026-04-24 22:09:13.186774,Professional,professional,39.0,390.0,50.0,50.0,25,True,2026-04-24 22:09:13.186774,39.0,False
615,413,1,cancelled,monthly,2023-12-09,2024-03-12,0.0,0.0,,,2026-04-24 22:09:13.186774,YieldStudio,Technology,small,IN,India,Asia/Kolkata,barbara.adams@yieldstudio.com,Barbara Adams,2023-12-09,partner,True,,,7.0,2026-04-24 22:09:13.186774,2026-04-24 22:09:13.186774,Free,free,0.0,0.0,5.0,3.0,1,True,2026-04-24 22:09:13.186774,0.0,False
616,413,5,active,monthly,2024-03-12,,59.0,0.0,,,2026-04-24 22:09:13.186774,YieldStudio,Technology,small,IN,India,Asia/Kolkata,barbara.adams@yieldstudio.com,Barbara Adams,2023-12-09,partner,True,,,7.0,2026-04-24 22:09:13.186774,2026-04-24 22:09:13.186774,Professional Plus,professional,59.0,590.0,100.0,100.0,50,True,2026-04-24 22:09:13.186774,59.0,False
617,414,2,cancelled,annual,2025-04-29,2025-10-13,10.0,0.0,2025-05-13,Too expensive,2026-04-24 22:09:13.186774,UltraStudio,Media,large,AU,Australia,Australia/Sydney,sarah.brown@enterprise.com,Sarah Brown,2025-04-29,event,False,2025-10-13 20:01:32,Outgrew the platform,,2026-04-24 22:09:13.186774,2026-04-24 22:09:13.186774,Starter,starter,12.0,120.0,15.0,10.0,5,True,2026-04-24 22:09:13.186774,12.0,True
618,415,4,cancelled,monthly,2025-09-06,2025-10-13,39.0,0.0,2025-09-20,Not using it,2026-04-24 22:09:13.186774,CoreGroup,Logistics,large,US,United States,America/Chicago,richard.robinson@yahoo.com,Richard Robinson,2025-09-06,paid_ads,False,2025-10-13 23:57:59,Poor support experience,0.0,2026-04-24 22:09:13.186774,2026-04-24 22:09:13.186774,Professional,professional,39.0,390.0,50.0,50.0,25,True,2026-04-24 22:09:13.186774,39.0,True
619,416,6,expired,monthly,2024-10-22,2025-10-11,99.0,0.0,2024-11-05,Company reorganization,2026-04-24 22:09:13.186774,NovaDev,Technology,small,AU,Australia,Australia/Sydney,fatima.wright@startup.co,Fatima Wright,2024-10-22,organic,False,2025-02-02 10:10:23,Switched to competitor,6.0,2026-04-24 22:09:13.186774,2026-04-24 22:09:13.186774,Enterprise,enterprise,99.0,990.0,500.0,,100,True,2026-04-24 22:09:13.186774,99.0,True
620,416,4,expired,annual,2025-10-11,2025-12-11,32.5,0.0,,Not using it,2026-04-24 22:09:13.186774,NovaDev,Technology,small,AU,Australia,Australia/Sydney,fatima.wright@startup.co,Fatima Wright,2024-10-22,organic,False,2025-02-02 10:10:23,Switched to competitor,6.0,2026-04-24 22:09:13.186774,2026-04-24 22:09:13.186774,Professional,professional,39.0,390.0,50.0,50.0,25,True,2026-04-24 22:09:13.186774,39.0,True
621,416,4,cancelled,annual,2025-12-11,2025-02-02,32.5,0.0,,Switched competitor,2026-04-24 22:09:13.186774,NovaDev,Technology,small,AU,Australia,Australia/Sydney,fatima.wright@startup.co,Fatima Wright,2024-10-22,organic,False,2025-02-02 10:10:23,Switched to competitor,6.0,2026-04-24 22:09:13.186774,2026-04-24 22:09:13.186774,Professional,professional,39.0,390.0,50.0,50.0,25,True,2026-04-24 22:09:13.186774,39.0,True
622,417,2,cancelled,monthly,2023-11-08,2024-05-11,12.0,0.0,2023-11-22,Company reorganization,2026-04-24 22:09:13.186774,ArcVentures,Logistics,enterprise,IN,India,Asia/Kolkata,ashley.nguyen@tech.dev,Ashley Nguyen,2023-11-08,event,True,,,,2026-04-24 22:09:13.186774,2026-04-24 22:09:13.186774,Starter,starter,12.0,120.0,15.0,10.0,5,True,2026-04-24 22:09:13.186774,12.0,False
623,417,3,expired,monthly,2024-05-11,2025-03-06,19.0,0.0,,Not using it,2026-04-24 22:09:13.186774,ArcVentures,Logistics,enterprise,IN,India,Asia/Kolkata,ashley.nguyen@tech.dev,Ashley Nguyen,2023-11-08,event,True,,,,2026-04-24 22:09:13.186774,2026-04-24 22:09:13.186774,Starter Plus,starter,19.0,190.0,25.0,20.0,10,True,2026-04-24 22:09:13.186774,19.0,False
624,417,4,active,monthly,2025-03-06,,39.0,0.0,,,2026-04-24 22:09:13.186774,ArcVentures,Logistics,enterprise,IN,India,Asia/Kolkata,ashley.nguyen@tech.dev,Ashley Nguyen,2023-11-08,event,True,,,,2026-04-24 22:09:13.186774,2026-04-24 22:09:13.186774,Professional,professional,39.0,390.0,50.0,50.0,25,True,2026-04-24 22:09:13.186774,39.0,False
625,418,3,cancelled,annual,2023-04-30,2024-10-02,12.67,20.0,2023-05-14,Too expensive,2026-04-24 22:09:13.186774,KiteGroup,Legal,medium,DE,Germany,Europe/Berlin,barbara.lopez@yahoo.com,Barbara Lopez,2023-04-30,paid_ads,False,2024-10-02 20:40:00,Integration issues,1.0,2026-04-24 22:09:13.186774,2026-04-24 22:09:13.186774,Starter Plus,starter,19.0,190.0,25.0,20.0,10,True,2026-04-24 22:09:13.186774,19.0,True
626,419,1,active,monthly,2025-08-08,,0.0,0.0,,,2026-04-24 22:09:13.186774,JetStudio,Finance,medium,DE,Germany,Europe/Berlin,linda.johnson@yahoo.com,Linda Johnson,2025-08-08,organic,True,,,9.0,2026-04-24 22:09:13.186774,2026-04-24 22:09:13.186774,Free,free,0.0,0.0,5.0,3.0,1,True,2026-04-24 22:09:13.186774,0.0,False
627,420,1,active,annual,2025-01-19,,0.0,0.0,,,2026-04-24 22:09:13.186774,Sync Hub,Real Estate,large,US,United States,America/Los_Angeles,hassan.torres@company.io,Hassan Torres,2025-01-19,referral,True,,,8.0,2026-04-24 22:09:13.186774,2026-04-24 22:09:13.186774,Free,free,0.0,0.0,5.0,3.0,1,True,2026-04-24 22:09:13.186774,0.0,False
628,421,3,active,monthly,2023-08-16,,19.0,0.0,2023-08-30,,2026-04-24 22:09:13.186774,TidalLabs,Retail,small,CA,Canada,America/Toronto,daniel.garcia@hotmail.com,Daniel Garcia,2023-08-16,partner,True,,,,2026-04-24 22:09:13.186774,2026-04-24 22:09:13.186774,Starter Plus,starter,19.0,190.0,25.0,20.0,10,True,2026-04-24 22:09:13.186774,19.0,False
629,422,1,cancelled,annual,2025-08-24,2025-10-25,0.0,20.0,,Not using it,2026-04-24 22:09:13.186774,BoltTech,Consulting,large,SG,Singapore,Asia/Singapore,jennifer.allen@corp.net,Jennifer Allen,2025-08-24,organic,False,2025-10-25 08:50:20,Company closed,5.0,2026-04-24 22:09:13.186774,2026-04-24 22:09:13.186774,Free,free,0.0,0.0,5.0,3.0,1,True,2026-04-24 22:09:13.186774,0.0,True
630,423,3,expired,annual,2023-10-23,2024-01-13,15.83,0.0,2023-11-06,Budget cuts,2026-04-24 22:09:13.186774,SyncStudio,Consulting,enterprise,JP,Japan,Asia/Tokyo,jennifer.wilson@startup.co,Jennifer Wilson,2023-10-23,organic,False,2025-06-09 10:54:57,Budget cuts,,2026-04-24 22:09:13.186774,2026-04-24 22:09:13.186774,Starter Plus,starter,19.0,190.0,25.0,20.0,10,True,2026-04-24 22:09:13.186774,19.0,True
631,423,2,expired,annual,2024-01-13,2024-05-02,10.0,0.0,,Company reorganization,2026-04-24 22:09:13.186774,SyncStudio,Consulting,enterprise,JP,Japan,Asia/Tokyo,jennifer.wilson@startup.co,Jennifer Wilson,2023-10-23,organic,False,2025-06-09 10:54:57,Budget cuts,,2026-04-24 22:09:13.186774,2026-04-24 22:09:13.186774,Starter,starter,12.0,120.0,15.0,10.0,5,True,2026-04-24 22:09:13.186774,12.0,True
632,423,7,cancelled,annual,2024-05-02,2025-06-09,165.83,0.0,,Too expensive,2026-04-24 22:09:13.186774,SyncStudio,Consulting,enterprise,JP,Japan,Asia/Tokyo,jennifer.wilson@startup.co,Jennifer Wilson,2023-10-23,organic,False,2025-06-09 10:54:57,Budget cuts,,2026-04-24 22:09:13.186774,2026-04-24 22:09:13.186774,Enterprise Custom,enterprise,199.0,1990.0,,,500,True,2026-04-24 22:09:13.186774,199.0,True
633,424,4,expired,annual,2023-04-01,2023-09-23,32.5,0.0,2023-04-15,Not using it,2026-04-24 22:09:13.186774,IonVentures,Finance,small,DE,Germany,Europe/Berlin,donald.king@corp.net,Donald King,2023-04-01,paid_ads,False,2024-06-28 14:26:18,Budget cuts,3.0,2026-04-24 22:09:13.186774,2026-04-24 22:09:13.186774,Professional,professional,39.0,390.0,50.0,50.0,25,True,2026-04-24 22:09:13.186774,39.0,True
634,424,5,cancelled,annual,2023-09-23,2024-06-28,44.25,10.0,,Missing features,2026-04-24 22:09:13.186774,IonVentures,Finance,small,DE,Germany,Europe/Berlin,donald.king@corp.net,Donald King,2023-04-01,paid_ads,False,2024-06-28 14:26:18,Budget cuts,3.0,2026-04-24 22:09:13.186774,2026-04-24 22:09:13.186774,Professional Plus,professional,59.0,590.0,100.0,100.0,50,True,2026-04-24 22:09:13.186774,59.0,True
635,425,6,active,monthly,2025-01-27,,99.0,0.0,2025-02-10,,2026-04-24 22:09:13.186774,MetaSolutions,Education,medium,CA,Canada,America/Toronto,john.ivanov@protonmail.com,John Ivanov,2025-01-27,event,True,,,0.0,2026-04-24 22:09:13.186774,2026-04-24 22:09:13.186774,Enterprise,enterprise,99.0,990.0,500.0,,100,True,2026-04-24 22:09:13.186774,99.0,False
636,426,2,active,annual,2025-02-22,,10.0,0.0,2025-03-08,,2026-04-24 22:09:13.186774,TidalStack,Consulting,small,SG,Singapore,Asia/Singapore,wei.jackson@tidalstack.com,Wei Jackson,2025-02-22,referral,True,,,,2026-04-24 22:09:13.186774,2026-04-24 22:09:13.186774,Starter,starter,12.0,120.0,15.0,10.0,5,True,2026-04-24 22:09:13.186774,12.0,False
637,427,3,cancelled,annual,2023-09-23,2023-12-07,15.83,0.0,2023-10-07,Missing features,2026-04-24 22:09:13.186774,EchoVentures,Education,large,SG,Singapore,Asia/Singapore,donald.hall@echoventures.com,Donald Hall,2023-09-23,paid_ads,False,2023-12-07 10:42:46,No longer needed,7.0,2026-04-24 22:09:13.186774,2026-04-24 22:09:13.186774,Starter Plus,starter,19.0,190.0,25.0,20.0,10,True,2026-04-24 22:09:13.186774,19.0,True
638,428,2,cancelled,monthly,2024-10-05,2025-06-18,10.2,15.0,2024-10-19,Company reorganization,2026-04-24 22:09:13.186774,Xenon Corp,Logistics,small,US,United States,America/New_York,christopher.jackson@tech.dev,Christopher Jackson,2024-10-05,organic,False,2024-12-10 16:53:04,Integration issues,,2026-04-24 22:09:13.186774,2026-04-24 22:09:13.186774,Starter,starter,12.0,120.0,15.0,10.0,5,True,2026-04-24 22:09:13.186774,12.0,True
639,428,6,cancelled,annual,2025-06-18,2024-12-10,82.5,0.0,,Too expensive,2026-04-24 22:09:13.186774,Xenon Corp,Logistics,small,US,United States,America/New_York,christopher.jackson@tech.dev,Christopher Jackson,2024-10-05,organic,False,2024-12-10 16:53:04,Integration issues,,2026-04-24 22:09:13.186774,2026-04-24 22:09:13.186774,Enterprise,enterprise,99.0,990.0,500.0,,100,True,2026-04-24 22:09:13.186774,99.0,True
640,429,2,active,annual,2024-06-14,,10.0,0.0,2024-06-28,,2026-04-24 22:09:13.186774,UltraOps,Education,large,FR,France,Europe/Paris,carlos.white@ultraops.com,Carlos White,2024-06-14,organic,True,,,,2026-04-24 22:09:13.186774,2026-04-24 22:09:13.186774,Starter,starter,12.0,120.0,15.0,10.0,5,True,2026-04-24 22:09:13.186774,12.0,False
641,430,2,active,monthly,2024-12-30,,12.0,0.0,2025-01-13,,2026-04-24 22:09:13.186774,Jet Dev,E-commerce,enterprise,GB,United Kingdom,Europe/London,mei.scott@tech.dev,Mei Scott,2024-12-30,referral,True,,,,2026-04-24 22:09:13.186774,2026-04-24 22:09:13.186774,Starter,starter,12.0,120.0,15.0,10.0,5,True,2026-04-24 22:09:13.186774,12.0,False
642,431,3,active,annual,2025-06-30,,15.83,0.0,2025-07-14,,2026-04-24 22:09:13.186774,ArcHQ,Healthcare,enterprise,US,United States,America/Los_Angeles,mary.walker@yahoo.com,Mary Walker,2025-06-30,paid_ads,True,,,10.0,2026-04-24 22:09:13.186774,2026-04-24 22:09:13.186774,Starter Plus,starter,19.0,190.0,25.0,20.0,10,True,2026-04-24 22:09:13.186774,19.0,False
643,432,2,active,annual,2024-03-11,,9.0,10.0,2024-03-25,,2026-04-24 22:09:13.186774,Hub Platform,Finance,enterprise,FR,France,Europe/Paris,elizabeth.hall@yahoo.com,Elizabeth Hall,2024-03-11,referral,True,,,,2026-04-24 22:09:13.186774,2026-04-24 22:09:13.186774,Starter,starter,12.0,120.0,15.0,10.0,5,True,2026-04-24 22:09:13.186774,12.0,False
644,433,1,expired,annual,2025-07-19,2025-09-23,0.0,0.0,,,2026-04-24 22:09:13.186774,BoltHub,Manufacturing,small,GB,United Kingdom,Europe/London,michael.williams@gmail.com,Michael Williams,2025-07-19,referral,True,,,8.0,2026-04-24 22:09:13.186774,2026-04-24 22:09:13.186774,Free,free,0.0,0.0,5.0,3.0,1,True,2026-04-24 22:09:13.186774,0.0,False
645,433,3,cancelled,monthly,2025-09-23,2025-11-22,19.0,0.0,,,2026-04-24 22:09:13.186774,BoltHub,Manufacturing,small,GB,United Kingdom,Europe/London,michael.williams@gmail.com,Michael Williams,2025-07-19,referral,True,,,8.0,2026-04-24 22:09:13.186774,2026-04-24 22:09:13.186774,Starter Plus,starter,19.0,190.0,25.0,20.0,10,True,2026-04-24 22:09:13.186774,19.0,False
646,433,5,active,monthly,2025-11-22,,59.0,0.0,,,2026-04-24 22:09:13.186774,BoltHub,Manufacturing,small,GB,United Kingdom,Europe/London,michael.williams@gmail.com,Michael Williams,2025-07-19,referral,True,,,8.0,2026-04-24 22:09:13.186774,2026-04-24 22:09:13.186774,Professional Plus,professional,59.0,590.0,100.0,100.0,50,True,2026-04-24 22:09:13.186774,59.0,False
647,434,6,active,annual,2023-06-14,,82.5,0.0,2023-06-28,,2026-04-24 22:09:13.186774,Meta Solutions,Logistics,small,US,United States,America/New_York,jennifer.martinez@corp.net,Jennifer Martinez,2023-06-14,partner,True,,,,2026-04-24 22:09:13.186774,2026-04-24 22:09:13.186774,Enterprise,enterprise,99.0,990.0,500.0,,100,True,2026-04-24 22:09:13.186774,99.0,False
648,435,3,cancelled,monthly,2025-01-12,2025-05-05,19.0,0.0,2025-01-26,Not using it,2026-04-24 22:09:13.186774,Link Hub,Technology,medium,GB,United Kingdom,Europe/London,yuki.gonzalez@linkhub.com,Yuki Gonzalez,2025-01-12,referral,False,2025-05-05 02:46:04,Outgrew the platform,,2026-04-24 22:09:13.186774,2026-04-24 22:09:13.186774,Starter Plus,starter,19.0,190.0,25.0,20.0,10,True,2026-04-24 22:09:13.186774,19.0,True
649,436,1,cancelled,annual,2023-11-18,2024-03-12,0.0,0.0,,Missing features,2026-04-24 22:09:13.186774,CoreOps,Finance,enterprise,IN,India,Asia/Kolkata,matthew.ramirez@outlook.com,Matthew Ramirez,2023-11-18,event,False,2024-03-12 16:26:32,Outgrew the platform,6.0,2026-04-24 22:09:13.186774,2026-04-24 22:09:13.186774,Free,free,0.0,0.0,5.0,3.0,1,True,2026-04-24 22:09:13.186774,0.0,True
650,437,1,active,monthly,2024-02-22,,0.0,0.0,,,2026-04-24 22:09:13.186774,Ultra IO,Healthcare,medium,DE,Germany,Europe/Berlin,sandra.hill@enterprise.com,Sandra Hill,2024-02-22,partner,True,,,,2026-04-24 22:09:13.186774,2026-04-24 22:09:13.186774,Free,free,0.0,0.0,5.0,3.0,1,True,2026-04-24 22:09:13.186774,0.0,False
651,438,1,expired,annual,2023-03-29,2023-10-28,0.0,0.0,,Budget cuts,2026-04-24 22:09:13.186774,EdgeIO,Marketing,small,US,United States,America/New_York,fatima.young@tech.dev,Fatima Young,2023-03-29,referral,False,2024-12-31 07:38:17,Budget cuts,,2026-04-24 22:09:13.186774,2026-04-24 22:09:13.186774,Free,free,0.0,0.0,5.0,3.0,1,True,2026-04-24 22:09:13.186774,0.0,True
652,438,2,cancelled,monthly,2023-10-28,2024-12-31,9.0,25.0,,,2026-04-24 22:09:13.186774,EdgeIO,Marketing,small,US,United States,America/New_York,fatima.young@tech.dev,Fatima Young,2023-03-29,referral,False,2024-12-31 07:38:17,Budget cuts,,2026-04-24 22:09:13.186774,2026-04-24 22:09:13.186774,Starter,starter,12.0,120.0,15.0,10.0,5,True,2026-04-24 22:09:13.186774,12.0,True
653,439,3,expired,annual,2025-02-23,2025-08-23,15.83,0.0,2025-03-09,Budget cuts,2026-04-24 22:09:13.186774,Meta Works,E-commerce,medium,AU,Australia,Australia/Sydney,linda.anderson@protonmail.com,Linda Anderson,2025-02-23,organic,True,,,9.0,2026-04-24 22:09:13.186774,2026-04-24 22:09:13.186774,Starter Plus,starter,19.0,190.0,25.0,20.0,10,True,2026-04-24 22:09:13.186774,19.0,False
654,439,4,active,monthly,2025-08-23,,39.0,0.0,,,2026-04-24 22:09:13.186774,Meta Works,E-commerce,medium,AU,Australia,Australia/Sydney,linda.anderson@protonmail.com,Linda Anderson,2025-02-23,organic,True,,,9.0,2026-04-24 22:09:13.186774,2026-04-24 22:09:13.186774,Professional,professional,39.0,390.0,50.0,50.0,25,True,2026-04-24 22:09:13.186774,39.0,False
655,440,6,expired,annual,2023-08-25,2024-08-16,82.5,0.0,2023-09-08,Too expensive,2026-04-24 22:09:13.186774,WaveIO,Manufacturing,medium,JP,Japan,Asia/Tokyo,sarah.martinez@protonmail.com,Sarah Martinez,2023-08-25,organic,True,,,3.0,2026-04-24 22:09:13.186774,2026-04-24 22:09:13.186774,Enterprise,enterprise,99.0,990.0,500.0,,100,True,2026-04-24 22:09:13.186774,99.0,False
656,440,5,cancelled,annual,2024-08-16,2025-05-06,49.17,0.0,,Budget cuts,2026-04-24 22:09:13.186774,WaveIO,Manufacturing,medium,JP,Japan,Asia/Tokyo,sarah.martinez@protonmail.com,Sarah Martinez,2023-08-25,organic,True,,,3.0,2026-04-24 22:09:13.186774,2026-04-24 22:09:13.186774,Professional Plus,professional,59.0,590.0,100.0,100.0,50,True,2026-04-24 22:09:13.186774,59.0,False
657,440,7,active,monthly,2025-05-06,,199.0,0.0,,,2026-04-24 22:09:13.186774,WaveIO,Manufacturing,medium,JP,Japan,Asia/Tokyo,sarah.martinez@protonmail.com,Sarah Martinez,2023-08-25,organic,True,,,3.0,2026-04-24 22:09:13.186774,2026-04-24 22:09:13.186774,Enterprise Custom,enterprise,199.0,1990.0,,,500,True,2026-04-24 22:09:13.186774,199.0,False
658,441,1,active,monthly,2025-03-22,,0.0,10.0,,,2026-04-24 22:09:13.186774,LunaLogic,Marketing,small,DE,Germany,Europe/Berlin,donna.flores@tech.dev,Donna Flores,2025-03-22,event,True,,,7.0,2026-04-24 22:09:13.186774,2026-04-24 22:09:13.186774,Free,free,0.0,0.0,5.0,3.0,1,True,2026-04-24 22:09:13.186774,0.0,False
659,442,4,active,monthly,2024-07-24,,39.0,0.0,2024-08-07,,2026-04-24 22:09:13.186774,Warp AI,Manufacturing,small,AU,Australia,Australia/Sydney,mark.lee@warpai.com,Mark Lee,2024-07-24,paid_ads,True,,,,2026-04-24 22:09:13.186774,2026-04-24 22:09:13.186774,Professional,professional,39.0,390.0,50.0,50.0,25,True,2026-04-24 22:09:13.186774,39.0,False
660,443,2,active,annual,2024-05-02,,8.5,15.0,2024-05-16,,2026-04-24 22:09:13.186774,Trek Logic,Consulting,enterprise,US,United States,America/Chicago,andrew.baker@tech.dev,Andrew Baker,2024-05-02,event,True,,,2.0,2026-04-24 22:09:13.186774,2026-04-24 22:09:13.186774,Starter,starter,12.0,120.0,15.0,10.0,5,True,2026-04-24 22:09:13.186774,12.0,False
661,444,4,expired,annual,2024-08-20,2025-06-10,32.5,0.0,2024-09-03,Switched competitor,2026-04-24 22:09:13.186774,NexusOps,Education,small,US,United States,America/New_York,Mary.Nguyen@company.io,Mary Nguyen,2024-08-20,organic,False,2025-06-11 01:28:57,Budget cuts,2.0,2026-04-24 22:09:13.186774,2026-04-24 22:09:13.186774,Professional,professional,39.0,390.0,50.0,50.0,25,True,2026-04-24 22:09:13.186774,39.0,True
662,444,1,cancelled,monthly,2025-06-10,2025-06-11,0.0,0.0,,Company reorganization,2026-04-24 22:09:13.186774,NexusOps,Education,small,US,United States,America/New_York,Mary.Nguyen@company.io,Mary Nguyen,2024-08-20,organic,False,2025-06-11 01:28:57,Budget cuts,2.0,2026-04-24 22:09:13.186774,2026-04-24 22:09:13.186774,Free,free,0.0,0.0,5.0,3.0,1,True,2026-04-24 22:09:13.186774,0.0,True
663,445,1,cancelled,monthly,2023-06-23,2023-11-12,0.0,0.0,,Too expensive,2026-04-24 22:09:13.186774,Pulse Platform,E-commerce,large,DE,Germany,Europe/Berlin,emily.garcia@pulseplatform.com,Emily Garcia,2023-06-23,organic,False,2024-12-10 14:31:01,Too expensive,7.0,2026-04-24 22:09:13.186774,2026-04-24 22:09:13.186774,Free,free,0.0,0.0,5.0,3.0,1,True,2026-04-24 22:09:13.186774,0.0,True
664,445,7,cancelled,monthly,2023-11-12,2024-12-10,199.0,0.0,,Too expensive,2026-04-24 22:09:13.186774,Pulse Platform,E-commerce,large,DE,Germany,Europe/Berlin,emily.garcia@pulseplatform.com,Emily Garcia,2023-06-23,organic,False,2024-12-10 14:31:01,Too expensive,7.0,2026-04-24 22:09:13.186774,2026-04-24 22:09:13.186774,Enterprise Custom,enterprise,199.0,1990.0,,,500,True,2026-04-24 22:09:13.186774,199.0,True
665,446,2,cancelled,monthly,2024-11-22,2025-06-27,10.2,15.0,2024-12-06,,2026-04-24 22:09:13.186774,RushLabs,Real Estate,small,IN,India,Asia/Kolkata,matthew.torres@rushlabs.com,Matthew Torres,2024-11-22,organic,True,,,9.0,2026-04-24 22:09:13.186774,2026-04-24 22:09:13.186774,Starter,starter,12.0,120.0,15.0,10.0,5,True,2026-04-24 22:09:13.186774,12.0,False
666,446,1,active,monthly,2025-06-27,,0.0,0.0,,,2026-04-24 22:09:13.186774,RushLabs,Real Estate,small,IN,India,Asia/Kolkata,matthew.torres@rushlabs.com,Matthew Torres,2024-11-22,organic,True,,,9.0,2026-04-24 22:09:13.186774,2026-04-24 22:09:13.186774,Free,free,0.0,0.0,5.0,3.0,1,True,2026-04-24 22:09:13.186774,0.0,False
667,447,2,active,monthly,2024-02-16,,12.0,0.0,2024-03-01,,2026-04-24 22:09:13.186774,Beam Software,Consulting,large,US,United States,America/Chicago,dmitri.wright@protonmail.com,Dmitri Wright,2024-02-16,referral,True,,,,2026-04-24 22:09:13.186774,2026-04-24 22:09:13.186774,Starter,starter,12.0,120.0,15.0,10.0,5,True,2026-04-24 22:09:13.186774,12.0,False
668,448,2,active,annual,2023-11-04,,10.0,0.0,2023-11-18,,2026-04-24 22:09:13.186774,Vertex Analytics,Healthcare,medium,JP,Japan,Asia/Tokyo,donald.ramirez@protonmail.com,Donald Ramirez,2023-11-04,organic,True,,,5.0,2026-04-24 22:09:13.186774,2026-04-24 22:09:13.186774,Starter,starter,12.0,120.0,15.0,10.0,5,True,2026-04-24 22:09:13.186774,12.0,False
669,449,2,cancelled,annual,2023-08-07,2023-12-17,10.0,0.0,2023-08-21,Too expensive,2026-04-24 22:09:13.186774,QuarkGroup,Logistics,enterprise,JP,Japan,Asia/Tokyo,barbara.johnson@yahoo.com,Barbara Johnson,2023-08-07,referral,True,,,,2026-04-24 22:09:13.186774,2026-04-24 22:09:13.186774,Starter,starter,12.0,120.0,15.0,10.0,5,True,2026-04-24 22:09:13.186774,12.0,False
670,449,1,active,annual,2023-12-17,,0.0,0.0,,,2026-04-24 22:09:13.186774,QuarkGroup,Logistics,enterprise,JP,Japan,Asia/Tokyo,barbara.johnson@yahoo.com,Barbara Johnson,2023-08-07,referral,True,,,,2026-04-24 22:09:13.186774,2026-04-24 22:09:13.186774,Free,free,0.0,0.0,5.0,3.0,1,True,2026-04-24 22:09:13.186774,0.0,False
671,450,2,cancelled,annual,2023-09-04,2025-03-19,8.5,15.0,2023-09-18,Not using it,2026-04-24 22:09:13.186774,RushStack,Real Estate,enterprise,AU,Australia,Australia/Sydney,andrew.patel@company.io,Andrew Patel,2023-09-04,organic,False,2025-03-19 07:02:29,,2.0,2026-04-24 22:09:13.186774,2026-04-24 22:09:13.186774,Starter,starter,12.0,120.0,15.0,10.0,5,True,2026-04-24 22:09:13.186774,12.0,True
672,451,1,cancelled,monthly,2023-07-16,2024-12-09,0.0,0.0,,Too expensive,2026-04-24 22:09:13.186774,Arc Analytics,Retail,small,SG,Singapore,Asia/Singapore,william.taylor@arcanalytics.com,William Taylor,2023-07-16,organic,False,2024-12-09 09:47:29,Not enough users,10.0,2026-04-24 22:09:13.186774,2026-04-24 22:09:13.186774,Free,free,0.0,0.0,5.0,3.0,1,True,2026-04-24 22:09:13.186774,0.0,True
673,452,3,expired,monthly,2023-02-26,2023-12-12,15.2,20.0,2023-03-12,Budget cuts,2026-04-24 22:09:13.186774,Rush Digital,Technology,small,DE,Germany,Europe/Berlin,wei.scott@enterprise.com,Wei Scott,2023-02-26,referral,True,,,8.0,2026-04-24 22:09:13.186774,2026-04-24 22:09:13.186774,Starter Plus,starter,19.0,190.0,25.0,20.0,10,True,2026-04-24 22:09:13.186774,19.0,False
674,452,4,cancelled,monthly,2023-12-12,2024-03-28,31.2,20.0,,Budget cuts,2026-04-24 22:09:13.186774,Rush Digital,Technology,small,DE,Germany,Europe/Berlin,wei.scott@enterprise.com,Wei Scott,2023-02-26,referral,True,,,8.0,2026-04-24 22:09:13.186774,2026-04-24 22:09:13.186774,Professional,professional,39.0,390.0,50.0,50.0,25,True,2026-04-24 22:09:13.186774,39.0,False
675,452,1,active,monthly,2024-03-28,,0.0,20.0,,,2026-04-24 22:09:13.186774,Rush Digital,Technology,small,DE,Germany,Europe/Berlin,wei.scott@enterprise.com,Wei Scott,2023-02-26,referral,True,,,8.0,2026-04-24 22:09:13.186774,2026-04-24 22:09:13.186774,Free,free,0.0,0.0,5.0,3.0,1,True,2026-04-24 22:09:13.186774,0.0,False
676,453,3,expired,monthly,2025-08-13,2025-10-23,19.0,0.0,2025-08-27,Budget cuts,2026-04-24 22:09:13.186774,ArcStudio,Telecommunications,small,AU,Australia,Australia/Sydney,dmitri.patel@corp.net,Dmitri Patel,2025-08-13,partner,False,2025-10-06 10:45:19,Not enough users,,2026-04-24 22:09:13.186774,2026-04-24 22:09:13.186774,Starter Plus,starter,19.0,190.0,25.0,20.0,10,True,2026-04-24 22:09:13.186774,19.0,True
677,453,6,cancelled,annual,2025-10-23,2025-12-23,82.5,0.0,,Switched competitor,2026-04-24 22:09:13.186774,ArcStudio,Telecommunications,small,AU,Australia,Australia/Sydney,dmitri.patel@corp.net,Dmitri Patel,2025-08-13,partner,False,2025-10-06 10:45:19,Not enough users,,2026-04-24 22:09:13.186774,2026-04-24 22:09:13.186774,Enterprise,enterprise,99.0,990.0,500.0,,100,True,2026-04-24 22:09:13.186774,99.0,True
678,453,5,cancelled,monthly,2025-12-23,2025-10-06,59.0,0.0,,Company reorganization,2026-04-24 22:09:13.186774,ArcStudio,Telecommunications,small,AU,Australia,Australia/Sydney,dmitri.patel@corp.net,Dmitri Patel,2025-08-13,partner,False,2025-10-06 10:45:19,Not enough users,,2026-04-24 22:09:13.186774,2026-04-24 22:09:13.186774,Professional Plus,professional,59.0,590.0,100.0,100.0,50,True,2026-04-24 22:09:13.186774,59.0,True
679,454,6,cancelled,monthly,2023-04-20,2024-03-04,99.0,0.0,2023-05-04,Company reorganization,2026-04-24 22:09:13.186774,MistSystems,Marketing,small,BR,Brazil,America/Sao_Paulo,ahmed.harris@startup.co,Ahmed Harris,2023-04-20,organic,False,2024-07-19 11:51:59,Not enough users,7.0,2026-04-24 22:09:13.186774,2026-04-24 22:09:13.186774,Enterprise,enterprise,99.0,990.0,500.0,,100,True,2026-04-24 22:09:13.186774,99.0,True
680,454,1,cancelled,monthly,2024-03-04,2024-07-19,0.0,0.0,,Budget cuts,2026-04-24 22:09:13.186774,MistSystems,Marketing,small,BR,Brazil,America/Sao_Paulo,ahmed.harris@startup.co,Ahmed Harris,2023-04-20,organic,False,2024-07-19 11:51:59,Not enough users,7.0,2026-04-24 22:09:13.186774,2026-04-24 22:09:13.186774,Free,free,0.0,0.0,5.0,3.0,1,True,2026-04-24 22:09:13.186774,0.0,True
681,455,4,active,annual,2023-01-22,,32.5,0.0,2023-02-05,,2026-04-24 22:09:13.186774,HubWorks,Consulting,large,GB,United Kingdom,Europe/London,sarah.muller@company.io,Sarah Muller,2023-01-22,organic,True,,,,2026-04-24 22:09:13.186774,2026-04-24 22:09:13.186774,Professional,professional,39.0,390.0,50.0,50.0,25,True,2026-04-24 22:09:13.186774,39.0,False
682,456,1,cancelled,monthly,2024-12-02,2025-04-02,0.0,0.0,,Too expensive,2026-04-24 22:09:13.186774,VineOps,Technology,large,SG,Singapore,Asia/Singapore,jessica.taylor@company.io,Jessica Taylor,2024-12-02,organic,False,2025-04-02 19:14:20,Not enough users,8.0,2026-04-24 22:09:13.186774,2026-04-24 22:09:13.186774,Free,free,0.0,0.0,5.0,3.0,1,True,2026-04-24 22:09:13.186774,0.0,True
683,457,1,active,annual,2023-10-08,,0.0,0.0,,,2026-04-24 22:09:13.186774,Warp Platform,Education,small,US,United States,America/Los_Angeles,mark.green@startup.co,Mark Green,2023-10-08,referral,True,,,,2026-04-24 22:09:13.186774,2026-04-24 22:09:13.186774,Free,free,0.0,0.0,5.0,3.0,1,True,2026-04-24 22:09:13.186774,0.0,False
684,458,2,active,monthly,2025-01-16,,12.0,0.0,2025-01-30,,2026-04-24 22:09:13.186774,VertexNet,Telecommunications,enterprise,US,United States,America/Chicago,sofia.hernandez@company.io,Sofia Hernandez,2025-01-16,referral,True,,,,2026-04-24 22:09:13.186774,2026-04-24 22:09:13.186774,Starter,starter,12.0,120.0,15.0,10.0,5,True,2026-04-24 22:09:13.186774,12.0,False
685,459,6,active,annual,2023-11-09,,82.5,0.0,2023-11-23,,2026-04-24 22:09:13.186774,SageLabs,Logistics,large,US,United States,America/Los_Angeles,aisha.lewis@startup.co,Aisha Lewis,2023-11-09,paid_ads,True,,,4.0,2026-04-24 22:09:13.186774,2026-04-24 22:09:13.186774,Enterprise,enterprise,99.0,990.0,500.0,,100,True,2026-04-24 22:09:13.186774,99.0,False
686,460,2,expired,monthly,2025-03-29,2025-10-20,12.0,0.0,2025-04-12,Too expensive,2026-04-24 22:09:13.186774,MistOps,Marketing,medium,CA,Canada,America/Toronto,kenji.chen@corp.net,Kenji Chen,2025-03-29,organic,True,,,7.0,2026-04-24 22:09:13.186774,2026-04-24 22:09:13.186774,Starter,starter,12.0,120.0,15.0,10.0,5,True,2026-04-24 22:09:13.186774,12.0,False
687,460,4,active,annual,2025-10-20,,32.5,0.0,,,2026-04-24 22:09:13.186774,MistOps,Marketing,medium,CA,Canada,America/Toronto,kenji.chen@corp.net,Kenji Chen,2025-03-29,organic,True,,,7.0,2026-04-24 22:09:13.186774,2026-04-24 22:09:13.186774,Professional,professional,39.0,390.0,50.0,50.0,25,True,2026-04-24 22:09:13.186774,39.0,False
688,461,5,active,monthly,2024-09-24,,59.0,0.0,2024-10-08,,2026-04-24 22:09:13.186774,Bolt Dynamics,Logistics,medium,SG,Singapore,Asia/Singapore,joseph.garcia@boltdynamics.com,Joseph Garcia,2024-09-24,organic,True,,,3.0,2026-04-24 22:09:13.186774,2026-04-24 22:09:13.186774,Professional Plus,professional,59.0,590.0,100.0,100.0,50,True,2026-04-24 22:09:13.186774,59.0,False
689,462,3,active,annual,2025-06-01,,15.83,0.0,2025-06-15,,2026-04-24 22:09:13.186774,Trek Dev,Manufacturing,enterprise,CA,Canada,America/Toronto,sofia.baker@hotmail.com,Sofia Baker,2025-06-01,organic,True,,,9.0,2026-04-24 22:09:13.186774,2026-04-24 22:09:13.186774,Starter Plus,starter,19.0,190.0,25.0,20.0,10,True,2026-04-24 22:09:13.186774,19.0,False
690,463,2,active,annual,2025-09-26,,10.0,0.0,2025-10-10,,2026-04-24 22:09:13.186774,IonCorp,Real Estate,small,DE,Germany,Europe/Berlin,olga.baker@ioncorp.com,Olga Baker,2025-09-26,partner,True,,,,2026-04-24 22:09:13.186774,2026-04-24 22:09:13.186774,Starter,starter,12.0,120.0,15.0,10.0,5,True,2026-04-24 22:09:13.186774,12.0,False
691,464,4,active,monthly,2023-04-08,,39.0,0.0,2023-04-22,,2026-04-24 22:09:13.186774,Ion Works,Legal,medium,SG,Singapore,Asia/Singapore,susan.rivera@corp.net,Susan Rivera,2023-04-08,referral,True,,,10.0,2026-04-24 22:09:13.186774,2026-04-24 22:09:13.186774,Professional,professional,39.0,390.0,50.0,50.0,25,True,2026-04-24 22:09:13.186774,39.0,False
692,465,3,expired,annual,2025-07-02,2025-10-24,11.88,25.0,2025-07-16,,2026-04-24 22:09:13.186774,MistNet,Technology,small,DE,Germany,Europe/Berlin,steven.flores@mistnet.com,Steven Flores,2025-07-02,referral,True,,,6.0,2026-04-24 22:09:13.186774,2026-04-24 22:09:13.186774,Starter Plus,starter,19.0,190.0,25.0,20.0,10,True,2026-04-24 22:09:13.186774,19.0,False
693,465,6,active,monthly,2025-10-24,,99.0,0.0,,,2026-04-24 22:09:13.186774,MistNet,Technology,small,DE,Germany,Europe/Berlin,steven.flores@mistnet.com,Steven Flores,2025-07-02,referral,True,,,6.0,2026-04-24 22:09:13.186774,2026-04-24 22:09:13.186774,Enterprise,enterprise,99.0,990.0,500.0,,100,True,2026-04-24 22:09:13.186774,99.0,False
694,466,3,active,monthly,2025-05-04,,19.0,0.0,2025-05-18,,2026-04-24 22:09:13.186774,Ultra Net,Media,medium,US,United States,America/Los_Angeles,thomas.davis@enterprise.com,Thomas Davis,2025-05-04,event,True,,,7.0,2026-04-24 22:09:13.186774,2026-04-24 22:09:13.186774,Starter Plus,starter,19.0,190.0,25.0,20.0,10,True,2026-04-24 22:09:13.186774,19.0,False
695,467,2,active,monthly,2025-08-03,,12.0,0.0,2025-08-17,,2026-04-24 22:09:13.186774,NexusHub,Media,small,AU,Australia,Australia/Sydney,william.lee@yahoo.com,William Lee,2025-08-03,organic,True,,,,2026-04-24 22:09:13.186774,2026-04-24 22:09:13.186774,Starter,starter,12.0,120.0,15.0,10.0,5,True,2026-04-24 22:09:13.186774,12.0,False
696,468,4,active,monthly,2025-05-16,,39.0,0.0,2025-05-30,,2026-04-24 22:09:13.186774,Drift Corp,Healthcare,medium,US,United States,America/New_York,mark.thompson@enterprise.com,Mark Thompson,2025-05-16,partner,True,,,6.0,2026-04-24 22:09:13.186774,2026-04-24 22:09:13.186774,Professional,professional,39.0,390.0,50.0,50.0,25,True,2026-04-24 22:09:13.186774,39.0,False
697,469,2,cancelled,monthly,2024-08-07,2024-11-15,12.0,0.0,2024-08-21,Company reorganization,2026-04-24 22:09:13.186774,SyncSolutions,Legal,medium,DE,Germany,Europe/Berlin,andrew.nelson@gmail.com,Andrew Nelson,2024-08-07,referral,False,2024-11-04 16:19:00,Missing features,,2026-04-24 22:09:13.186774,2026-04-24 22:09:13.186774,Starter,starter,12.0,120.0,15.0,10.0,5,True,2026-04-24 22:09:13.186774,12.0,True
698,469,5,cancelled,annual,2024-11-15,2024-11-04,49.17,0.0,,Budget cuts,2026-04-24 22:09:13.186774,SyncSolutions,Legal,medium,DE,Germany,Europe/Berlin,andrew.nelson@gmail.com,Andrew Nelson,2024-08-07,referral,False,2024-11-04 16:19:00,Missing features,,2026-04-24 22:09:13.186774,2026-04-24 22:09:13.186774,Professional Plus,professional,59.0,590.0,100.0,100.0,50,True,2026-04-24 22:09:13.186774,59.0,True
699,470,1,active,annual,2025-09-05,,0.0,0.0,,,2026-04-24 22:09:13.186774,Rift Systems,Manufacturing,small,BR,Brazil,America/Sao_Paulo,michael.santos+nimbus@enterprise.com,Michael Santos,2025-09-05,organic,True,,,,2026-04-24 22:09:13.186774,2026-04-24 22:09:13.186774,Free,free,0.0,0.0,5.0,3.0,1,True,2026-04-24 22:09:13.186774,0.0,False
700,471,2,active,monthly,2023-10-17,,12.0,0.0,2023-10-31,,2026-04-24 22:09:13.186774,CloudStack,Consulting,small,FR,France,Europe/Paris,olga.tanaka@gmail.com,Olga Tanaka,2023-10-17,organic,True,,,2.0,2026-04-24 22:09:13.186774,2026-04-24 22:09:13.186774,Starter,starter,12.0,120.0,15.0,10.0,5,True,2026-04-24 22:09:13.186774,12.0,False
701,472,4,active,annual,2025-09-04,,26.0,20.0,2025-09-18,,2026-04-24 22:09:13.186774,Pulse Hub,Retail,medium,US,United States,America/Chicago,mary.wilson@protonmail.com,Mary Wilson,2025-09-04,organic,True,,,7.0,2026-04-24 22:09:13.186774,2026-04-24 22:09:13.186774,Professional,professional,39.0,390.0,50.0,50.0,25,True,2026-04-24 22:09:13.186774,39.0,False
702,473,3,active,monthly,2024-02-02,,19.0,0.0,2024-02-16,,2026-04-24 22:09:13.186774,VineCloud,Real Estate,small,IN,India,Asia/Kolkata,wei.miller@enterprise.com,Wei Miller,2024-02-02,organic,True,,,7.0,2026-04-24 22:09:13.186774,2026-04-24 22:09:13.186774,Starter Plus,starter,19.0,190.0,25.0,20.0,10,True,2026-04-24 22:09:13.186774,19.0,False
703,474,2,active,annual,2024-06-23,,10.0,0.0,2024-07-07,,2026-04-24 22:09:13.186774,Onyx Corp,Healthcare,small,JP,Japan,Asia/Tokyo,lisa.robinson@yahoo.com,Lisa Robinson,2024-06-23,organic,True,,,6.0,2026-04-24 22:09:13.186774,2026-04-24 22:09:13.186774,Starter,starter,12.0,120.0,15.0,10.0,5,True,2026-04-24 22:09:13.186774,12.0,False
704,475,1,cancelled,monthly,2024-06-06,2025-01-19,0.0,10.0,,Budget cuts,2026-04-24 22:09:13.186774,IonOps,Retail,small,JP,Japan,Asia/Tokyo,margaret.jackson@gmail.com,Margaret Jackson,2024-06-06,event,True,,,8.0,2026-04-24 22:09:13.186774,2026-04-24 22:09:13.186774,Free,free,0.0,0.0,5.0,3.0,1,True,2026-04-24 22:09:13.186774,0.0,False
705,475,5,paused,annual,2025-01-19,,49.17,0.0,,,2026-04-24 22:09:13.186774,IonOps,Retail,small,JP,Japan,Asia/Tokyo,margaret.jackson@gmail.com,Margaret Jackson,2024-06-06,event,True,,,8.0,2026-04-24 22:09:13.186774,2026-04-24 22:09:13.186774,Professional Plus,professional,59.0,590.0,100.0,100.0,50,True,2026-04-24 22:09:13.186774,59.0,False
706,476,2,cancelled,monthly,2023-02-16,2024-06-22,12.0,0.0,2023-03-02,Budget cuts,2026-04-24 22:09:13.186774,WaveAnalytics,Insurance,medium,US,United States,America/New_York,linda.chen@yahoo.com,Linda Chen,2023-02-16,referral,False,2024-06-22 09:06:13,Company closed,3.0,2026-04-24 22:09:13.186774,2026-04-24 22:09:13.186774,Starter,starter,12.0,120.0,15.0,10.0,5,True,2026-04-24 22:09:13.186774,12.0,True
707,477,2,active,monthly,2024-05-03,,12.0,0.0,2024-05-17,,2026-04-24 22:09:13.186774,Vine Group,Education,enterprise,SG,Singapore,Asia/Singapore,michael.ramirez+work@gmail.com,Michael Ramirez,2024-05-03,referral,True,,,8.0,2026-04-24 22:09:13.186774,2026-04-24 22:09:13.186774,Starter,starter,12.0,120.0,15.0,10.0,5,True,2026-04-24 22:09:13.186774,12.0,False
708,478,2,cancelled,monthly,2023-01-15,2023-03-10,12.0,0.0,2023-01-29,Not using it,2026-04-24 22:09:13.186774,TidalGroup,Real Estate,small,FR,France,Europe/Paris,fatima.hall@tidalgroup.com,Fatima Hall,2023-01-15,organic,False,2023-03-10 16:14:41,,,2026-04-24 22:09:13.186774,2026-04-24 22:09:13.186774,Starter,starter,12.0,120.0,15.0,10.0,5,True,2026-04-24 22:09:13.186774,12.0,True
709,479,5,expired,annual,2024-04-19,2024-12-02,49.17,0.0,2024-05-03,Budget cuts,2026-04-24 22:09:13.186774,NovaIO,Logistics,small,AU,Australia,Australia/Sydney,dmitri.green@outlook.com,Dmitri Green,2024-04-19,referral,False,2025-04-11 16:23:55,Too expensive,8.0,2026-04-24 22:09:13.186774,2026-04-24 22:09:13.186774,Professional Plus,professional,59.0,590.0,100.0,100.0,50,True,2026-04-24 22:09:13.186774,59.0,True
710,479,7,cancelled,monthly,2024-12-02,2025-04-11,199.0,0.0,,Switched competitor,2026-04-24 22:09:13.186774,NovaIO,Logistics,small,AU,Australia,Australia/Sydney,dmitri.green@outlook.com,Dmitri Green,2024-04-19,referral,False,2025-04-11 16:23:55,Too expensive,8.0,2026-04-24 22:09:13.186774,2026-04-24 22:09:13.186774,Enterprise Custom,enterprise,199.0,1990.0,,,500,True,2026-04-24 22:09:13.186774,199.0,True
711,480,6,active,monthly,2024-09-02,,99.0,0.0,2024-09-16,,2026-04-24 22:09:13.186774,Zen AI,Marketing,small,US,United States,America/Chicago,aisha.rivera@enterprise.com,Aisha Rivera,2024-09-02,organic,True,,,,2026-04-24 22:09:13.186774,2026-04-24 22:09:13.186774,Enterprise,enterprise,99.0,990.0,500.0,,100,True,2026-04-24 22:09:13.186774,99.0,False
712,481,5,cancelled,monthly,2024-03-08,2024-09-30,59.0,0.0,2024-03-22,Company reorganization,2026-04-24 22:09:13.186774,FluxLogic,Real Estate,large,BR,Brazil,America/Sao_Paulo,fatima.ivanov@gmail.com,Fatima Ivanov,2024-03-08,organic,True,,,6.0,2026-04-24 22:09:13.186774,2026-04-24 22:09:13.186774,Professional Plus,professional,59.0,590.0,100.0,100.0,50,True,2026-04-24 22:09:13.186774,59.0,False
713,481,4,cancelled,monthly,2024-09-30,2025-02-07,33.15,15.0,,Budget cuts,2026-04-24 22:09:13.186774,FluxLogic,Real Estate,large,BR,Brazil,America/Sao_Paulo,fatima.ivanov@gmail.com,Fatima Ivanov,2024-03-08,organic,True,,,6.0,2026-04-24 22:09:13.186774,2026-04-24 22:09:13.186774,Professional,professional,39.0,390.0,50.0,50.0,25,True,2026-04-24 22:09:13.186774,39.0,False
714,481,6,active,monthly,2025-02-07,,99.0,0.0,,,2026-04-24 22:09:13.186774,FluxLogic,Real Estate,large,BR,Brazil,America/Sao_Paulo,fatima.ivanov@gmail.com,Fatima Ivanov,2024-03-08,organic,True,,,6.0,2026-04-24 22:09:13.186774,2026-04-24 22:09:13.186774,Enterprise,enterprise,99.0,990.0,500.0,,100,True,2026-04-24 22:09:13.186774,99.0,False
715,482,1,cancelled,monthly,2024-03-24,2024-08-15,0.0,0.0,,Not using it,2026-04-24 22:09:13.186774,EchoSystems,Logistics,small,CA,Canada,America/Toronto,Carlos.Ramirez@hotmail.com,Carlos Ramirez,2024-03-24,organic,True,,,10.0,2026-04-24 22:09:13.186774,2026-04-24 22:09:13.186774,Free,free,0.0,0.0,5.0,3.0,1,True,2026-04-24 22:09:13.186774,0.0,False
716,482,4,active,monthly,2024-08-15,,39.0,0.0,,,2026-04-24 22:09:13.186774,EchoSystems,Logistics,small,CA,Canada,America/Toronto,Carlos.Ramirez@hotmail.com,Carlos Ramirez,2024-03-24,organic,True,,,10.0,2026-04-24 22:09:13.186774,2026-04-24 22:09:13.186774,Professional,professional,39.0,390.0,50.0,50.0,25,True,2026-04-24 22:09:13.186774,39.0,False
717,483,1,cancelled,monthly,2023-10-17,2024-05-03,0.0,0.0,,Too expensive,2026-04-24 22:09:13.186774,IonCloud,Manufacturing,medium,SG,Singapore,Asia/Singapore,raj.chen@yahoo.com,Raj Chen,2023-10-17,paid_ads,True,,,7.0,2026-04-24 22:09:13.186774,2026-04-24 22:09:13.186774,Free,free,0.0,0.0,5.0,3.0,1,True,2026-04-24 22:09:13.186774,0.0,False
718,483,5,expired,monthly,2024-05-03,2025-05-03,59.0,0.0,,Missing features,2026-04-24 22:09:13.186774,IonCloud,Manufacturing,medium,SG,Singapore,Asia/Singapore,raj.chen@yahoo.com,Raj Chen,2023-10-17,paid_ads,True,,,7.0,2026-04-24 22:09:13.186774,2026-04-24 22:09:13.186774,Professional Plus,professional,59.0,590.0,100.0,100.0,50,True,2026-04-24 22:09:13.186774,59.0,False
719,483,5,active,monthly,2025-05-03,,59.0,0.0,,,2026-04-24 22:09:13.186774,IonCloud,Manufacturing,medium,SG,Singapore,Asia/Singapore,raj.chen@yahoo.com,Raj Chen,2023-10-17,paid_ads,True,,,7.0,2026-04-24 22:09:13.186774,2026-04-24 22:09:13.186774,Professional Plus,professional,59.0,590.0,100.0,100.0,50,True,2026-04-24 22:09:13.186774,59.0,False
720,484,1,expired,monthly,2023-06-28,2023-10-21,0.0,0.0,,Company reorganization,2026-04-24 22:09:13.186774,GridCorp,Consulting,small,GB,United Kingdom,Europe/London,Susan.Scott+nimbus@company.io,Susan Scott,2023-06-28,organic,True,,,,2026-04-24 22:09:13.186774,2026-04-24 22:09:13.186774,Free,free,0.0,0.0,5.0,3.0,1,True,2026-04-24 22:09:13.186774,0.0,False
721,484,6,cancelled,monthly,2023-10-21,2024-03-24,89.1,10.0,,Company reorganization,2026-04-24 22:09:13.186774,GridCorp,Consulting,small,GB,United Kingdom,Europe/London,Susan.Scott+nimbus@company.io,Susan Scott,2023-06-28,organic,True,,,,2026-04-24 22:09:13.186774,2026-04-24 22:09:13.186774,Enterprise,enterprise,99.0,990.0,500.0,,100,True,2026-04-24 22:09:13.186774,99.0,False
722,484,3,active,annual,2024-03-24,,15.83,0.0,,,2026-04-24 22:09:13.186774,GridCorp,Consulting,small,GB,United Kingdom,Europe/London,Susan.Scott+nimbus@company.io,Susan Scott,2023-06-28,organic,True,,,,2026-04-24 22:09:13.186774,2026-04-24 22:09:13.186774,Starter Plus,starter,19.0,190.0,25.0,20.0,10,True,2026-04-24 22:09:13.186774,19.0,False
723,485,3,expired,monthly,2025-02-27,2025-10-12,19.0,0.0,2025-03-13,Too expensive,2026-04-24 22:09:13.186774,EdgeWorks,Real Estate,small,US,United States,America/Chicago,kimberly.anderson@company.io,Kimberly Anderson,2025-02-27,referral,True,,,4.0,2026-04-24 22:09:13.186774,2026-04-24 22:09:13.186774,Starter Plus,starter,19.0,190.0,25.0,20.0,10,True,2026-04-24 22:09:13.186774,19.0,False
724,485,5,active,annual,2025-10-12,,49.17,0.0,,,2026-04-24 22:09:13.186774,EdgeWorks,Real Estate,small,US,United States,America/Chicago,kimberly.anderson@company.io,Kimberly Anderson,2025-02-27,referral,True,,,4.0,2026-04-24 22:09:13.186774,2026-04-24 22:09:13.186774,Professional Plus,professional,59.0,590.0,100.0,100.0,50,True,2026-04-24 22:09:13.186774,59.0,False
725,486,6,cancelled,annual,2025-05-28,2025-08-08,82.5,0.0,2025-06-11,,2026-04-24 22:09:13.186774,TrekAI,Consulting,enterprise,CA,Canada,America/Toronto,dmitri.kim@corp.net,Dmitri Kim,2025-05-28,organic,True,,,,2026-04-24 22:09:13.186774,2026-04-24 22:09:13.186774,Enterprise,enterprise,99.0,990.0,500.0,,100,True,2026-04-24 22:09:13.186774,99.0,False
726,486,6,active,monthly,2025-08-08,,99.0,0.0,,,2026-04-24 22:09:13.186774,TrekAI,Consulting,enterprise,CA,Canada,America/Toronto,dmitri.kim@corp.net,Dmitri Kim,2025-05-28,organic,True,,,,2026-04-24 22:09:13.186774,2026-04-24 22:09:13.186774,Enterprise,enterprise,99.0,990.0,500.0,,100,True,2026-04-24 22:09:13.186774,99.0,False
727,487,3,cancelled,annual,2023-04-12,2024-11-27,15.83,0.0,2023-04-26,Company reorganization,2026-04-24 22:09:13.186774,Hub Software,Telecommunications,small,US,United States,America/Los_Angeles,olga.jackson@enterprise.com,Olga Jackson,2023-04-12,referral,False,2024-11-27 01:05:41,Company closed,,2026-04-24 22:09:13.186774,2026-04-24 22:09:13.186774,Starter Plus,starter,19.0,190.0,25.0,20.0,10,True,2026-04-24 22:09:13.186774,19.0,True
728,488,1,active,monthly,2023-09-30,,0.0,0.0,,,2026-04-24 22:09:13.186774,MetaHQ,Insurance,enterprise,US,United States,America/New_York,jessica.santos@tech.dev,Jessica Santos,2023-09-30,organic,True,,,,2026-04-24 22:09:13.186774,2026-04-24 22:09:13.186774,Free,free,0.0,0.0,5.0,3.0,1,True,2026-04-24 22:09:13.186774,0.0,False
729,489,1,active,annual,2024-06-12,,0.0,15.0,,,2026-04-24 22:09:13.186774,Warp Hub,Media,medium,GB,United Kingdom,Europe/London,david.tanaka@enterprise.com,David Tanaka,2024-06-12,paid_ads,True,,,1.0,2026-04-24 22:09:13.186774,2026-04-24 22:09:13.186774,Free,free,0.0,0.0,5.0,3.0,1,True,2026-04-24 22:09:13.186774,0.0,False
730,490,1,cancelled,monthly,2025-02-16,2025-05-12,0.0,0.0,,Company reorganization,2026-04-24 22:09:13.186774,ZealLabs,Media,small,US,United States,America/Chicago,lisa.lee@zeallabs.com,Lisa Lee,2025-02-16,event,False,2025-05-15 14:58:31,Integration issues,4.0,2026-04-24 22:09:13.186774,2026-04-24 22:09:13.186774,Free,free,0.0,0.0,5.0,3.0,1,True,2026-04-24 22:09:13.186774,0.0,True
731,490,7,cancelled,monthly,2025-05-12,2025-05-15,199.0,0.0,,Missing features,2026-04-24 22:09:13.186774,ZealLabs,Media,small,US,United States,America/Chicago,lisa.lee@zeallabs.com,Lisa Lee,2025-02-16,event,False,2025-05-15 14:58:31,Integration issues,4.0,2026-04-24 22:09:13.186774,2026-04-24 22:09:13.186774,Enterprise Custom,enterprise,199.0,1990.0,,,500,True,2026-04-24 22:09:13.186774,199.0,True
732,491,2,cancelled,monthly,2024-09-17,2025-09-03,12.0,0.0,2024-10-01,Missing features,2026-04-24 22:09:13.186774,ArcLogic,Legal,medium,DE,Germany,Europe/Berlin,olga.chen@protonmail.com,Olga Chen,2024-09-17,referral,True,,,,2026-04-24 22:09:13.186774,2026-04-24 22:09:13.186774,Starter,starter,12.0,120.0,15.0,10.0,5,True,2026-04-24 22:09:13.186774,12.0,False
733,491,1,paused,annual,2025-09-03,,0.0,0.0,,,2026-04-24 22:09:13.186774,ArcLogic,Legal,medium,DE,Germany,Europe/Berlin,olga.chen@protonmail.com,Olga Chen,2024-09-17,referral,True,,,,2026-04-24 22:09:13.186774,2026-04-24 22:09:13.186774,Free,free,0.0,0.0,5.0,3.0,1,True,2026-04-24 22:09:13.186774,0.0,False
734,492,2,expired,annual,2024-02-04,2024-07-22,10.0,0.0,2024-02-18,Not using it,2026-04-24 22:09:13.186774,NexusGroup,Legal,small,SG,Singapore,Asia/Singapore,betty.singh@gmail.com,Betty Singh,2024-02-04,paid_ads,True,,,,2026-04-24 22:09:13.186774,2026-04-24 22:09:13.186774,Starter,starter,12.0,120.0,15.0,10.0,5,True,2026-04-24 22:09:13.186774,12.0,False
735,492,2,active,monthly,2024-07-22,,10.8,10.0,,,2026-04-24 22:09:13.186774,NexusGroup,Legal,small,SG,Singapore,Asia/Singapore,betty.singh@gmail.com,Betty Singh,2024-02-04,paid_ads,True,,,,2026-04-24 22:09:13.186774,2026-04-24 22:09:13.186774,Starter,starter,12.0,120.0,15.0,10.0,5,True,2026-04-24 22:09:13.186774,12.0,False
736,493,4,cancelled,monthly,2025-05-02,2025-08-09,39.0,0.0,2025-05-16,Switched competitor,2026-04-24 22:09:13.186774,Flow Dev,Media,small,JP,Japan,Asia/Tokyo,lisa.kim+test@corp.net,Lisa Kim,2025-05-02,referral,True,,,,2026-04-24 22:09:13.186774,2026-04-24 22:09:13.186774,Professional,professional,39.0,390.0,50.0,50.0,25,True,2026-04-24 22:09:13.186774,39.0,False
737,493,4,active,monthly,2025-08-09,,39.0,0.0,,,2026-04-24 22:09:13.186774,Flow Dev,Media,small,JP,Japan,Asia/Tokyo,lisa.kim+test@corp.net,Lisa Kim,2025-05-02,referral,True,,,,2026-04-24 22:09:13.186774,2026-04-24 22:09:13.186774,Professional,professional,39.0,390.0,50.0,50.0,25,True,2026-04-24 22:09:13.186774,39.0,False
738,494,2,expired,annual,2024-08-09,2024-11-29,10.0,0.0,2024-08-23,Missing features,2026-04-24 22:09:13.186774,UnitAI,Education,large,JP,Japan,Asia/Tokyo,Daniel.Davis@outlook.com,Daniel Davis,2024-08-09,partner,True,,,10.0,2026-04-24 22:09:13.186774,2026-04-24 22:09:13.186774,Starter,starter,12.0,120.0,15.0,10.0,5,True,2026-04-24 22:09:13.186774,12.0,False
739,494,1,active,monthly,2024-11-29,,0.0,0.0,,,2026-04-24 22:09:13.186774,UnitAI,Education,large,JP,Japan,Asia/Tokyo,Daniel.Davis@outlook.com,Daniel Davis,2024-08-09,partner,True,,,10.0,2026-04-24 22:09:13.186774,2026-04-24 22:09:13.186774,Free,free,0.0,0.0,5.0,3.0,1,True,2026-04-24 22:09:13.186774,0.0,False
740,495,4,active,monthly,2025-04-22,,39.0,0.0,2025-05-06,,2026-04-24 22:09:13.186774,Trek Ventures,Logistics,small,FR,France,Europe/Paris,matthew.king@tech.dev,Matthew King,2025-04-22,organic,True,,,4.0,2026-04-24 22:09:13.186774,2026-04-24 22:09:13.186774,Professional,professional,39.0,390.0,50.0,50.0,25,True,2026-04-24 22:09:13.186774,39.0,False
741,496,3,active,monthly,2024-02-09,,19.0,0.0,2024-02-23,,2026-04-24 22:09:13.186774,Beam Digital,Consulting,small,CA,Canada,America/Toronto,robert.white@tech.dev,Robert White,2024-02-09,referral,True,,,8.0,2026-04-24 22:09:13.186774,2026-04-24 22:09:13.186774,Starter Plus,starter,19.0,190.0,25.0,20.0,10,True,2026-04-24 22:09:13.186774,19.0,False
742,497,1,cancelled,annual,2024-02-23,2025-01-05,0.0,0.0,,Budget cuts,2026-04-24 22:09:13.186774,HiveSystems,Consulting,medium,US,United States,America/New_York,ahmed.hernandez@outlook.com,Ahmed Hernandez,2024-02-23,referral,False,2025-01-05 01:34:54,Integration issues,3.0,2026-04-24 22:09:13.186774,2026-04-24 22:09:13.186774,Free,free,0.0,0.0,5.0,3.0,1,True,2026-04-24 22:09:13.186774,0.0,True
743,498,2,cancelled,annual,2025-07-04,2025-09-04,10.0,0.0,2025-07-18,Switched competitor,2026-04-24 22:09:13.186774,XenonCloud,Education,small,CA,Canada,America/Toronto,mary.muller@xenoncloud.com,Mary Muller,2025-07-04,referral,True,,,5.0,2026-04-24 22:09:13.186774,2026-04-24 22:09:13.186774,Starter,starter,12.0,120.0,15.0,10.0,5,True,2026-04-24 22:09:13.186774,12.0,False
744,498,7,expired,annual,2025-09-04,2025-11-03,165.83,0.0,,Too expensive,2026-04-24 22:09:13.186774,XenonCloud,Education,small,CA,Canada,America/Toronto,mary.muller@xenoncloud.com,Mary Muller,2025-07-04,referral,True,,,5.0,2026-04-24 22:09:13.186774,2026-04-24 22:09:13.186774,Enterprise Custom,enterprise,199.0,1990.0,,,500,True,2026-04-24 22:09:13.186774,199.0,False
745,498,4,active,monthly,2025-11-03,,39.0,0.0,,,2026-04-24 22:09:13.186774,XenonCloud,Education,small,CA,Canada,America/Toronto,mary.muller@xenoncloud.com,Mary Muller,2025-07-04,referral,True,,,5.0,2026-04-24 22:09:13.186774,2026-04-24 22:09:13.186774,Professional,professional,39.0,390.0,50.0,50.0,25,True,2026-04-24 22:09:13.186774,39.0,False
746,499,2,active,monthly,2024-05-01,,12.0,0.0,2024-05-15,,2026-04-24 22:09:13.186774,AcmeSystems,Healthcare,enterprise,US,United States,America/New_York,anthony.walker@company.io,Anthony Walker,2024-05-01,paid_ads,True,,,,2026-04-24 22:09:13.186774,2026-04-24 22:09:13.186774,Starter,starter,12.0,120.0,15.0,10.0,5,True,2026-04-24 22:09:13.186774,12.0,False
747,500,5,active,annual,2024-11-11,,49.17,0.0,2024-11-25,,2026-04-24 22:09:13.186774,WarpDigital,Consulting,enterprise,CA,Canada,America/Toronto,wei.lewis@outlook.com,Wei Lewis,2024-11-11,organic,True,,,10.0,2026-04-24 22:09:13.186774,2026-04-24 22:09:13.186774,Professional Plus,professional,59.0,590.0,100.0,100.0,50,True,2026-04-24 22:09:13.186774,59.0,False
748,501,1,cancelled,monthly,2023-03-29,2025-08-16,0.0,10.0,,Not using it,2026-04-24 22:09:13.186774,Flow Solutions,Legal,small,BR,Brazil,America/Sao_Paulo,aisha.muller@outlook.com,Aisha Muller,2023-03-29,partner,False,2025-08-16 17:02:52,Integration issues,,2026-04-24 22:09:13.186774,2026-04-24 22:09:13.186774,Free,free,0.0,0.0,5.0,3.0,1,True,2026-04-24 22:09:13.186774,0.0,True
749,502,1,active,annual,2024-12-23,,0.0,20.0,,,2026-04-24 22:09:13.186774,WarpIO,Technology,small,SG,Singapore,Asia/Singapore,paul.lopez@hotmail.com,Paul Lopez,2024-12-23,organic,True,,,3.0,2026-04-24 22:09:13.186774,2026-04-24 22:09:13.186774,Free,free,0.0,0.0,5.0,3.0,1,True,2026-04-24 22:09:13.186774,0.0,False
750,503,2,expired,annual,2024-07-08,2025-06-24,10.0,0.0,2024-07-22,Budget cuts,2026-04-24 22:09:13.186774,Bolt Works,Manufacturing,small,AU,Australia,Australia/Sydney,mary.king@outlook.com,Mary King,2024-07-08,event,False,2024-11-26 20:59:35,No longer needed,0.0,2026-04-24 22:09:13.186774,2026-04-24 22:09:13.186774,Starter,starter,12.0,120.0,15.0,10.0,5,True,2026-04-24 22:09:13.186774,12.0,True
751,503,2,expired,monthly,2025-06-24,2025-09-24,9.6,20.0,,Too expensive,2026-04-24 22:09:13.186774,Bolt Works,Manufacturing,small,AU,Australia,Australia/Sydney,mary.king@outlook.com,Mary King,2024-07-08,event,False,2024-11-26 20:59:35,No longer needed,0.0,2026-04-24 22:09:13.186774,2026-04-24 22:09:13.186774,Starter,starter,12.0,120.0,15.0,10.0,5,True,2026-04-24 22:09:13.186774,12.0,True
752,503,4,cancelled,monthly,2025-09-24,2024-11-26,39.0,0.0,,Not using it,2026-04-24 22:09:13.186774,Bolt Works,Manufacturing,small,AU,Australia,Australia/Sydney,mary.king@outlook.com,Mary King,2024-07-08,event,False,2024-11-26 20:59:35,No longer needed,0.0,2026-04-24 22:09:13.186774,2026-04-24 22:09:13.186774,Professional,professional,39.0,390.0,50.0,50.0,25,True,2026-04-24 22:09:13.186774,39.0,True
753,504,3,expired,annual,2023-09-22,2024-06-26,15.83,0.0,2023-10-06,Switched competitor,2026-04-24 22:09:13.186774,Nexus Works,Finance,small,FR,France,Europe/Paris,patricia.martin@startup.co,Patricia Martin,2023-09-22,referral,True,,,,2026-04-24 22:09:13.186774,2026-04-24 22:09:13.186774,Starter Plus,starter,19.0,190.0,25.0,20.0,10,True,2026-04-24 22:09:13.186774,19.0,False
754,504,6,active,monthly,2024-06-26,,89.1,10.0,,,2026-04-24 22:09:13.186774,Nexus Works,Finance,small,FR,France,Europe/Paris,patricia.martin@startup.co,Patricia Martin,2023-09-22,referral,True,,,,2026-04-24 22:09:13.186774,2026-04-24 22:09:13.186774,Enterprise,enterprise,99.0,990.0,500.0,,100,True,2026-04-24 22:09:13.186774,99.0,False
755,505,1,paused,monthly,2024-07-20,,0.0,0.0,,,2026-04-24 22:09:13.186774,Mist Ventures,E-commerce,medium,JP,Japan,Asia/Tokyo,priya.allen@gmail.com,Priya Allen,2024-07-20,partner,True,,,7.0,2026-04-24 22:09:13.186774,2026-04-24 22:09:13.186774,Free,free,0.0,0.0,5.0,3.0,1,True,2026-04-24 22:09:13.186774,0.0,False
756,506,2,cancelled,monthly,2024-04-01,2025-09-06,12.0,0.0,2024-04-15,Switched competitor,2026-04-24 22:09:13.186774,BoltAnalytics,Real Estate,large,US,United States,America/Chicago,jessica.kim@protonmail.com,Jessica Kim,2024-04-01,organic,False,2025-09-06 20:09:08,Outgrew the platform,10.0,2026-04-24 22:09:13.186774,2026-04-24 22:09:13.186774,Starter,starter,12.0,120.0,15.0,10.0,5,True,2026-04-24 22:09:13.186774,12.0,True
757,507,3,cancelled,annual,2025-09-22,2025-10-22,14.25,10.0,2025-10-06,,2026-04-24 22:09:13.186774,IrisSolutions,Media,medium,JP,Japan,Asia/Tokyo,Mark.Williams@corp.net,Mark Williams,2025-09-22,organic,False,2025-10-22 17:31:38,Not enough users,1.0,2026-04-24 22:09:13.186774,2026-04-24 22:09:13.186774,Starter Plus,starter,19.0,190.0,25.0,20.0,10,True,2026-04-24 22:09:13.186774,19.0,True
758,508,5,active,monthly,2025-01-12,,50.15,15.0,2025-01-26,,2026-04-24 22:09:13.186774,Glow Cloud,Technology,small,FR,France,Europe/Paris,paul.torres@outlook.com,Paul Torres,2025-01-12,organic,True,,,7.0,2026-04-24 22:09:13.186774,2026-04-24 22:09:13.186774,Professional Plus,professional,59.0,590.0,100.0,100.0,50,True,2026-04-24 22:09:13.186774,59.0,False
759,509,4,expired,monthly,2023-05-17,2024-03-25,39.0,0.0,2023-05-31,Budget cuts,2026-04-24 22:09:13.186774,WarpNet,E-commerce,large,IN,India,Asia/Kolkata,lisa.wilson@gmail.com,Lisa Wilson,2023-05-17,organic,True,,,7.0,2026-04-24 22:09:13.186774,2026-04-24 22:09:13.186774,Professional,professional,39.0,390.0,50.0,50.0,25,True,2026-04-24 22:09:13.186774,39.0,False
760,509,5,cancelled,annual,2024-03-25,2024-08-20,49.17,0.0,,Switched competitor,2026-04-24 22:09:13.186774,WarpNet,E-commerce,large,IN,India,Asia/Kolkata,lisa.wilson@gmail.com,Lisa Wilson,2023-05-17,organic,True,,,7.0,2026-04-24 22:09:13.186774,2026-04-24 22:09:13.186774,Professional Plus,professional,59.0,590.0,100.0,100.0,50,True,2026-04-24 22:09:13.186774,59.0,False
761,509,5,active,monthly,2024-08-20,,59.0,0.0,,,2026-04-24 22:09:13.186774,WarpNet,E-commerce,large,IN,India,Asia/Kolkata,lisa.wilson@gmail.com,Lisa Wilson,2023-05-17,organic,True,,,7.0,2026-04-24 22:09:13.186774,2026-04-24 22:09:13.186774,Professional Plus,professional,59.0,590.0,100.0,100.0,50,True,2026-04-24 22:09:13.186774,59.0,False
762,510,2,active,annual,2025-07-02,,10.0,0.0,2025-07-16,,2026-04-24 22:09:13.186774,RiftSolutions,Telecommunications,large,FR,France,Europe/Paris,ashley.kim@outlook.com,Ashley Kim,2025-07-02,referral,True,,,,2026-04-24 22:09:13.186774,2026-04-24 22:09:13.186774,Starter,starter,12.0,120.0,15.0,10.0,5,True,2026-04-24 22:09:13.186774,12.0,False
763,511,1,cancelled,monthly,2025-08-16,2025-09-15,0.0,0.0,,,2026-04-24 22:09:13.186774,WaveLogic,Marketing,medium,US,United States,America/Los_Angeles,dmitri.singh@outlook.com,Dmitri Singh,2025-08-16,event,False,2025-09-15 10:54:32,Missing features,,2026-04-24 22:09:13.186774,2026-04-24 22:09:13.186774,Free,free,0.0,0.0,5.0,3.0,1,True,2026-04-24 22:09:13.186774,0.0,True
764,512,2,active,annual,2023-02-07,,8.5,15.0,2023-02-21,,2026-04-24 22:09:13.186774,RiftNet,Healthcare,enterprise,BR,Brazil,America/Sao_Paulo,aisha.martin@enterprise.com,Aisha Martin,2023-02-07,partner,True,,,,2026-04-24 22:09:13.186774,2026-04-24 22:09:13.186774,Starter,starter,12.0,120.0,15.0,10.0,5,True,2026-04-24 22:09:13.186774,12.0,False
765,513,1,active,annual,2025-01-26,,0.0,0.0,,,2026-04-24 22:09:13.186774,AcmeSoftware,Logistics,medium,US,United States,America/Chicago,kenji.moore@tech.dev,Kenji Moore,2025-01-26,paid_ads,True,,,,2026-04-24 22:09:13.186774,2026-04-24 22:09:13.186774,Free,free,0.0,0.0,5.0,3.0,1,True,2026-04-24 22:09:13.186774,0.0,False
766,514,4,active,monthly,2024-12-10,,39.0,0.0,2024-12-24,,2026-04-24 22:09:13.186774,Edge Digital,Education,medium,GB,United Kingdom,Europe/London,dorothy.patel@gmail.com,Dorothy Patel,2024-12-10,referral,True,,,,2026-04-24 22:09:13.186774,2026-04-24 22:09:13.186774,Professional,professional,39.0,390.0,50.0,50.0,25,True,2026-04-24 22:09:13.186774,39.0,False
767,515,1,cancelled,annual,2024-06-13,2025-03-13,0.0,0.0,,Company reorganization,2026-04-24 22:09:13.186774,AcmeCorp,Logistics,small,IN,India,Asia/Kolkata,margaret.clark@enterprise.com,Margaret Clark,2024-06-13,partner,True,,,,2026-04-24 22:09:13.186774,2026-04-24 22:09:13.186774,Free,free,0.0,0.0,5.0,3.0,1,True,2026-04-24 22:09:13.186774,0.0,False
768,515,6,expired,monthly,2025-03-13,2025-05-13,99.0,0.0,,Switched competitor,2026-04-24 22:09:13.186774,AcmeCorp,Logistics,small,IN,India,Asia/Kolkata,margaret.clark@enterprise.com,Margaret Clark,2024-06-13,partner,True,,,,2026-04-24 22:09:13.186774,2026-04-24 22:09:13.186774,Enterprise,enterprise,99.0,990.0,500.0,,100,True,2026-04-24 22:09:13.186774,99.0,False
769,515,4,active,annual,2025-05-13,,32.5,0.0,,,2026-04-24 22:09:13.186774,AcmeCorp,Logistics,small,IN,India,Asia/Kolkata,margaret.clark@enterprise.com,Margaret Clark,2024-06-13,partner,True,,,,2026-04-24 22:09:13.186774,2026-04-24 22:09:13.186774,Professional,professional,39.0,390.0,50.0,50.0,25,True,2026-04-24 22:09:13.186774,39.0,False
770,516,1,cancelled,monthly,2025-01-25,2025-06-06,0.0,0.0,,Not using it,2026-04-24 22:09:13.186774,DataAnalytics,Media,medium,IN,India,Asia/Kolkata,james.sanchez@corp.net,James Sanchez,2025-01-25,referral,True,,,,2026-04-24 22:09:13.186774,2026-04-24 22:09:13.186774,Free,free,0.0,0.0,5.0,3.0,1,True,2026-04-24 22:09:13.186774,0.0,False
771,516,5,active,annual,2025-06-06,,41.79,15.0,,,2026-04-24 22:09:13.186774,DataAnalytics,Media,medium,IN,India,Asia/Kolkata,james.sanchez@corp.net,James Sanchez,2025-01-25,referral,True,,,,2026-04-24 22:09:13.186774,2026-04-24 22:09:13.186774,Professional Plus,professional,59.0,590.0,100.0,100.0,50,True,2026-04-24 22:09:13.186774,59.0,False
772,517,2,expired,monthly,2023-09-11,2024-09-07,12.0,0.0,2023-09-25,Company reorganization,2026-04-24 22:09:13.186774,Tidal Tech,Logistics,large,US,United States,America/Chicago,mary.walker+test@company.io,Mary Walker,2023-09-11,organic,False,2024-04-13 03:20:15,Company closed,,2026-04-24 22:09:13.186774,2026-04-24 22:09:13.186774,Starter,starter,12.0,120.0,15.0,10.0,5,True,2026-04-24 22:09:13.186774,12.0,True
773,517,4,cancelled,monthly,2024-09-07,2025-02-18,39.0,0.0,,Not using it,2026-04-24 22:09:13.186774,Tidal Tech,Logistics,large,US,United States,America/Chicago,mary.walker+test@company.io,Mary Walker,2023-09-11,organic,False,2024-04-13 03:20:15,Company closed,,2026-04-24 22:09:13.186774,2026-04-24 22:09:13.186774,Professional,professional,39.0,390.0,50.0,50.0,25,True,2026-04-24 22:09:13.186774,39.0,True
774,517,6,cancelled,monthly,2025-02-18,2024-04-13,99.0,0.0,,Not using it,2026-04-24 22:09:13.186774,Tidal Tech,Logistics,large,US,United States,America/Chicago,mary.walker+test@company.io,Mary Walker,2023-09-11,organic,False,2024-04-13 03:20:15,Company closed,,2026-04-24 22:09:13.186774,2026-04-24 22:09:13.186774,Enterprise,enterprise,99.0,990.0,500.0,,100,True,2026-04-24 22:09:13.186774,99.0,True
775,518,2,cancelled,annual,2023-03-04,2024-01-04,10.0,0.0,2023-03-18,Budget cuts,2026-04-24 22:09:13.186774,HivePlatform,Insurance,medium,BR,Brazil,America/Sao_Paulo,mark.kim@hiveplatform.com,Mark Kim,2023-03-04,referral,True,,,10.0,2026-04-24 22:09:13.186774,2026-04-24 22:09:13.186774,Starter,starter,12.0,120.0,15.0,10.0,5,True,2026-04-24 22:09:13.186774,12.0,False
776,518,3,active,monthly,2024-01-04,,19.0,0.0,,,2026-04-24 22:09:13.186774,HivePlatform,Insurance,medium,BR,Brazil,America/Sao_Paulo,mark.kim@hiveplatform.com,Mark Kim,2023-03-04,referral,True,,,10.0,2026-04-24 22:09:13.186774,2026-04-24 22:09:13.186774,Starter Plus,starter,19.0,190.0,25.0,20.0,10,True,2026-04-24 22:09:13.186774,19.0,False
777,519,2,active,monthly,2023-10-29,,12.0,0.0,2023-11-12,,2026-04-24 22:09:13.186774,IonAI,Consulting,small,DE,Germany,Europe/Berlin,donna.green@gmail.com,Donna Green,2023-10-29,organic,True,,,8.0,2026-04-24 22:09:13.186774,2026-04-24 22:09:13.186774,Starter,starter,12.0,120.0,15.0,10.0,5,True,2026-04-24 22:09:13.186774,12.0,False
778,520,4,active,annual,2024-10-28,,32.5,0.0,2024-11-11,,2026-04-24 22:09:13.186774,OrbitGroup,Real Estate,small,CA,Canada,America/Toronto,matthew.robinson@orbitgroup.com,Matthew Robinson,2024-10-28,referral,True,,,,2026-04-24 22:09:13.186774,2026-04-24 22:09:13.186774,Professional,professional,39.0,390.0,50.0,50.0,25,True,2026-04-24 22:09:13.186774,39.0,False
779,521,4,expired,monthly,2023-05-10,2023-10-04,39.0,0.0,2023-05-24,Budget cuts,2026-04-24 22:09:13.186774,HiveWorks,Healthcare,small,US,United States,America/New_York,joshua.rivera@hotmail.com,Joshua Rivera,2023-05-10,referral,True,,,7.0,2026-04-24 22:09:13.186774,2026-04-24 22:09:13.186774,Professional,professional,39.0,390.0,50.0,50.0,25,True,2026-04-24 22:09:13.186774,39.0,False
780,521,2,active,annual,2023-10-04,,10.0,0.0,,,2026-04-24 22:09:13.186774,HiveWorks,Healthcare,small,US,United States,America/New_York,joshua.rivera@hotmail.com,Joshua Rivera,2023-05-10,referral,True,,,7.0,2026-04-24 22:09:13.186774,2026-04-24 22:09:13.186774,Starter,starter,12.0,120.0,15.0,10.0,5,True,2026-04-24 22:09:13.186774,12.0,False
781,522,5,expired,annual,2025-09-20,2025-11-20,49.17,0.0,2025-10-04,Company reorganization,2026-04-24 22:09:13.186774,GlowStack,Education,medium,JP,Japan,Asia/Tokyo,lars.martinez@company.io,Lars Martinez,2025-09-20,organic,False,2025-10-27 02:48:46,,,2026-04-24 22:09:13.186774,2026-04-24 22:09:13.186774,Professional Plus,professional,59.0,590.0,100.0,100.0,50,True,2026-04-24 22:09:13.186774,59.0,True
782,522,4,cancelled,monthly,2025-11-20,2025-10-27,35.1,10.0,,Budget cuts,2026-04-24 22:09:13.186774,GlowStack,Education,medium,JP,Japan,Asia/Tokyo,lars.martinez@company.io,Lars Martinez,2025-09-20,organic,False,2025-10-27 02:48:46,,,2026-04-24 22:09:13.186774,2026-04-24 22:09:13.186774,Professional,professional,39.0,390.0,50.0,50.0,25,True,2026-04-24 22:09:13.186774,39.0,True
783,523,2,cancelled,monthly,2023-12-16,2025-01-18,12.0,0.0,2023-12-30,Missing features,2026-04-24 22:09:13.186774,PulseDev,Media,enterprise,US,United States,America/New_York,margaret.thompson@hotmail.com,Margaret Thompson,2023-12-16,referral,False,2025-01-18 12:09:28,,,2026-04-24 22:09:13.186774,2026-04-24 22:09:13.186774,Starter,starter,12.0,120.0,15.0,10.0,5,True,2026-04-24 22:09:13.186774,12.0,True
784,524,1,cancelled,monthly,2025-07-31,2025-09-20,0.0,0.0,,Too expensive,2026-04-24 22:09:13.186774,LinkVentures,Real Estate,small,AU,Australia,Australia/Sydney,lisa.hernandez@gmail.com,Lisa Hernandez,2025-07-31,partner,False,2025-09-20 15:41:10,,4.0,2026-04-24 22:09:13.186774,2026-04-24 22:09:13.186774,Free,free,0.0,0.0,5.0,3.0,1,True,2026-04-24 22:09:13.186774,0.0,True
785,525,4,expired,annual,2024-03-26,2025-02-27,32.5,0.0,2024-04-09,Missing features,2026-04-24 22:09:13.186774,VertexPro,Manufacturing,small,US,United States,America/New_York,nancy.smith@vertexpro.com,Nancy Smith,2024-03-26,partner,False,2025-07-23 21:59:08,,10.0,2026-04-24 22:09:13.186774,2026-04-24 22:09:13.186774,Professional,professional,39.0,390.0,50.0,50.0,25,True,2026-04-24 22:09:13.186774,39.0,True
786,525,2,expired,monthly,2025-02-27,2025-05-10,12.0,0.0,,Company reorganization,2026-04-24 22:09:13.186774,VertexPro,Manufacturing,small,US,United States,America/New_York,nancy.smith@vertexpro.com,Nancy Smith,2024-03-26,partner,False,2025-07-23 21:59:08,,10.0,2026-04-24 22:09:13.186774,2026-04-24 22:09:13.186774,Starter,starter,12.0,120.0,15.0,10.0,5,True,2026-04-24 22:09:13.186774,12.0,True
787,525,6,cancelled,annual,2025-05-10,2025-07-23,82.5,0.0,,Switched competitor,2026-04-24 22:09:13.186774,VertexPro,Manufacturing,small,US,United States,America/New_York,nancy.smith@vertexpro.com,Nancy Smith,2024-03-26,partner,False,2025-07-23 21:59:08,,10.0,2026-04-24 22:09:13.186774,2026-04-24 22:09:13.186774,Enterprise,enterprise,99.0,990.0,500.0,,100,True,2026-04-24 22:09:13.186774,99.0,True
788,526,1,active,monthly,2023-01-22,,0.0,10.0,,,2026-04-24 22:09:13.186774,Quark Pro,Finance,small,JP,Japan,Asia/Tokyo,jessica.lopez@protonmail.com,Jessica Lopez,2023-01-22,referral,True,,,8.0,2026-04-24 22:09:13.186774,2026-04-24 22:09:13.186774,Free,free,0.0,0.0,5.0,3.0,1,True,2026-04-24 22:09:13.186774,0.0,False
789,527,5,active,annual,2025-06-18,,49.17,0.0,2025-07-02,,2026-04-24 22:09:13.186774,VertexSoftware,E-commerce,small,IN,India,Asia/Kolkata,wei.hernandez@corp.net,Wei Hernandez,2025-06-18,paid_ads,True,,,10.0,2026-04-24 22:09:13.186774,2026-04-24 22:09:13.186774,Professional Plus,professional,59.0,590.0,100.0,100.0,50,True,2026-04-24 22:09:13.186774,59.0,False
790,528,1,cancelled,annual,2024-08-24,2025-05-09,0.0,0.0,,Company reorganization,2026-04-24 22:09:13.186774,MetaSoftware,Legal,small,IN,India,Asia/Kolkata,joshua.ramirez@gmail.com,Joshua Ramirez,2024-08-24,event,False,2025-05-09 11:57:49,,1.0,2026-04-24 22:09:13.186774,2026-04-24 22:09:13.186774,Free,free,0.0,0.0,5.0,3.0,1,True,2026-04-24 22:09:13.186774,0.0,True
791,529,1,cancelled,annual,2024-06-04,2024-09-11,0.0,0.0,,Missing features,2026-04-24 22:09:13.186774,IonDev,Telecommunications,medium,GB,United Kingdom,Europe/London,olga.garcia@iondev.com,Olga Garcia,2024-06-04,organic,True,,,,2026-04-24 22:09:13.186774,2026-04-24 22:09:13.186774,Free,free,0.0,0.0,5.0,3.0,1,True,2026-04-24 22:09:13.186774,0.0,False
792,529,2,active,annual,2024-09-11,,10.0,0.0,,,2026-04-24 22:09:13.186774,IonDev,Telecommunications,medium,GB,United Kingdom,Europe/London,olga.garcia@iondev.com,Olga Garcia,2024-06-04,organic,True,,,,2026-04-24 22:09:13.186774,2026-04-24 22:09:13.186774,Starter,starter,12.0,120.0,15.0,10.0,5,True,2026-04-24 22:09:13.186774,12.0,False
793,530,2,active,monthly,2024-02-15,,9.0,25.0,2024-02-29,,2026-04-24 22:09:13.186774,FluxDev,Marketing,large,IN,India,Asia/Kolkata,dorothy.hall@enterprise.com,Dorothy Hall,2024-02-15,organic,True,,,,2026-04-24 22:09:13.186774,2026-04-24 22:09:13.186774,Starter,starter,12.0,120.0,15.0,10.0,5,True,2026-04-24 22:09:13.186774,12.0,False
794,531,1,active,monthly,2025-05-12,,0.0,0.0,,,2026-04-24 22:09:13.186774,NovaPlatform,Consulting,enterprise,GB,United Kingdom,Europe/London,betty.wilson@corp.net,Betty Wilson,2025-05-12,referral,True,,,4.0,2026-04-24 22:09:13.186774,2026-04-24 22:09:13.186774,Free,free,0.0,0.0,5.0,3.0,1,True,2026-04-24 22:09:13.186774,0.0,False
795,532,2,active,annual,2024-01-12,,10.0,0.0,2024-01-26,,2026-04-24 22:09:13.186774,SyncHQ,E-commerce,medium,US,United States,America/New_York,sandra.allen@enterprise.com,Sandra Allen,2024-01-12,paid_ads,True,,,7.0,2026-04-24 22:09:13.186774,2026-04-24 22:09:13.186774,Starter,starter,12.0,120.0,15.0,10.0,5,True,2026-04-24 22:09:13.186774,12.0,False
796,533,2,cancelled,annual,2023-04-11,2024-11-20,8.0,20.0,2023-04-25,Too expensive,2026-04-24 22:09:13.186774,Edge Studio,Telecommunications,small,DE,Germany,Europe/Berlin,dmitri.allen@protonmail.com,Dmitri Allen,2023-04-11,organic,False,2024-11-20 14:36:17,Too expensive,2.0,2026-04-24 22:09:13.186774,2026-04-24 22:09:13.186774,Starter,starter,12.0,120.0,15.0,10.0,5,True,2026-04-24 22:09:13.186774,12.0,True
797,534,3,expired,annual,2023-01-09,2023-04-20,15.83,0.0,2023-01-23,Company reorganization,2026-04-24 22:09:13.186774,QuarkCloud,Insurance,large,DE,Germany,Europe/Berlin,richard.rivera@tech.dev,Richard Rivera,2023-01-09,organic,True,,,6.0,2026-04-24 22:09:13.186774,2026-04-24 22:09:13.186774,Starter Plus,starter,19.0,190.0,25.0,20.0,10,True,2026-04-24 22:09:13.186774,19.0,False
798,534,5,active,monthly,2023-04-20,,59.0,0.0,,,2026-04-24 22:09:13.186774,QuarkCloud,Insurance,large,DE,Germany,Europe/Berlin,richard.rivera@tech.dev,Richard Rivera,2023-01-09,organic,True,,,6.0,2026-04-24 22:09:13.186774,2026-04-24 22:09:13.186774,Professional Plus,professional,59.0,590.0,100.0,100.0,50,True,2026-04-24 22:09:13.186774,59.0,False
799,535,5,cancelled,monthly,2025-02-06,2025-04-13,59.0,0.0,2025-02-20,Company reorganization,2026-04-24 22:09:13.186774,ZenVentures,Technology,medium,SG,Singapore,Asia/Singapore,steven.kim@hotmail.com,Steven Kim,2025-02-06,referral,True,,,8.0,2026-04-24 22:09:13.186774,2026-04-24 22:09:13.186774,Professional Plus,professional,59.0,590.0,100.0,100.0,50,True,2026-04-24 22:09:13.186774,59.0,False
800,535,5,active,annual,2025-04-13,,49.17,0.0,,,2026-04-24 22:09:13.186774,ZenVentures,Technology,medium,SG,Singapore,Asia/Singapore,steven.kim@hotmail.com,Steven Kim,2025-02-06,referral,True,,,8.0,2026-04-24 22:09:13.186774,2026-04-24 22:09:13.186774,Professional Plus,professional,59.0,590.0,100.0,100.0,50,True,2026-04-24 22:09:13.186774,59.0,False
801,536,6,cancelled,monthly,2024-07-25,2024-12-09,99.0,0.0,2024-08-08,Missing features,2026-04-24 22:09:13.186774,UnitHQ,Healthcare,small,GB,United Kingdom,Europe/London,margaret.singh@enterprise.com,Margaret Singh,2024-07-25,event,False,2024-12-09 22:13:11,Integration issues,,2026-04-24 22:09:13.186774,2026-04-24 22:09:13.186774,Enterprise,enterprise,99.0,990.0,500.0,,100,True,2026-04-24 22:09:13.186774,99.0,True
802,537,2,active,monthly,2024-12-08,,12.0,0.0,2024-12-22,,2026-04-24 22:09:13.186774,VineLabs,Logistics,enterprise,IN,India,Asia/Kolkata,lisa.anderson@startup.co,Lisa Anderson,2024-12-08,organic,True,,,1.0,2026-04-24 22:09:13.186774,2026-04-24 22:09:13.186774,Starter,starter,12.0,120.0,15.0,10.0,5,True,2026-04-24 22:09:13.186774,12.0,False
803,538,1,cancelled,annual,2023-07-29,2024-03-12,0.0,20.0,,Switched competitor,2026-04-24 22:09:13.186774,IonDigital,Marketing,medium,SG,Singapore,Asia/Singapore,hassan.hill@startup.co,Hassan Hill,2023-07-29,referral,True,,,7.0,2026-04-24 22:09:13.186774,2026-04-24 22:09:13.186774,Free,free,0.0,0.0,5.0,3.0,1,True,2026-04-24 22:09:13.186774,0.0,False
804,538,4,active,monthly,2024-03-12,,39.0,0.0,,,2026-04-24 22:09:13.186774,IonDigital,Marketing,medium,SG,Singapore,Asia/Singapore,hassan.hill@startup.co,Hassan Hill,2023-07-29,referral,True,,,7.0,2026-04-24 22:09:13.186774,2026-04-24 22:09:13.186774,Professional,professional,39.0,390.0,50.0,50.0,25,True,2026-04-24 22:09:13.186774,39.0,False
805,539,6,active,annual,2024-09-09,,82.5,0.0,2024-09-23,,2026-04-24 22:09:13.186774,GridWorks,Consulting,large,DE,Germany,Europe/Berlin,jennifer.hernandez@gmail.com,Jennifer Hernandez,2024-09-09,organic,True,,,2.0,2026-04-24 22:09:13.186774,2026-04-24 22:09:13.186774,Enterprise,enterprise,99.0,990.0,500.0,,100,True,2026-04-24 22:09:13.186774,99.0,False
806,540,1,cancelled,annual,2023-04-24,2025-03-03,0.0,10.0,,,2026-04-24 22:09:13.186774,Quest Dev,Healthcare,medium,US,United States,America/New_York,Nancy.King@startup.co,Nancy King,2023-04-24,organic,False,2025-03-03 23:34:29,Not enough users,,2026-04-24 22:09:13.186774,2026-04-24 22:09:13.186774,Free,free,0.0,0.0,5.0,3.0,1,True,2026-04-24 22:09:13.186774,0.0,True
807,541,3,cancelled,monthly,2024-04-14,2024-11-15,16.15,15.0,2024-04-28,Missing features,2026-04-24 22:09:13.186774,TidalCorp,Logistics,medium,US,United States,America/Los_Angeles,joshua.torres@tech.dev,Joshua Torres,2024-04-14,referral,True,,,4.0,2026-04-24 22:09:13.186774,2026-04-24 22:09:13.186774,Starter Plus,starter,19.0,190.0,25.0,20.0,10,True,2026-04-24 22:09:13.186774,19.0,False
808,541,7,active,monthly,2024-11-15,,199.0,0.0,,,2026-04-24 22:09:13.186774,TidalCorp,Logistics,medium,US,United States,America/Los_Angeles,joshua.torres@tech.dev,Joshua Torres,2024-04-14,referral,True,,,4.0,2026-04-24 22:09:13.186774,2026-04-24 22:09:13.186774,Enterprise Custom,enterprise,199.0,1990.0,,,500,True,2026-04-24 22:09:13.186774,199.0,False
809,542,1,active,monthly,2025-06-21,,0.0,0.0,,,2026-04-24 22:09:13.186774,ZenGroup,Media,small,BR,Brazil,America/Sao_Paulo,ashley.robinson@outlook.com,Ashley Robinson,2025-06-21,event,True,,,9.0,2026-04-24 22:09:13.186774,2026-04-24 22:09:13.186774,Free,free,0.0,0.0,5.0,3.0,1,True,2026-04-24 22:09:13.186774,0.0,False
810,543,2,cancelled,monthly,2025-06-10,2025-10-04,12.0,0.0,2025-06-24,Company reorganization,2026-04-24 22:09:13.186774,Nexus Pro,Manufacturing,medium,AU,Australia,Australia/Sydney,wei.lopez@gmail.com,Wei Lopez,2025-06-10,referral,False,2025-10-22 10:02:18,Poor support experience,,2026-04-24 22:09:13.186774,2026-04-24 22:09:13.186774,Starter,starter,12.0,120.0,15.0,10.0,5,True,2026-04-24 22:09:13.186774,12.0,True
811,543,5,cancelled,annual,2025-10-04,2025-10-22,49.17,0.0,,Budget cuts,2026-04-24 22:09:13.186774,Nexus Pro,Manufacturing,medium,AU,Australia,Australia/Sydney,wei.lopez@gmail.com,Wei Lopez,2025-06-10,referral,False,2025-10-22 10:02:18,Poor support experience,,2026-04-24 22:09:13.186774,2026-04-24 22:09:13.186774,Professional Plus,professional,59.0,590.0,100.0,100.0,50,True,2026-04-24 22:09:13.186774,59.0,True
812,544,2,cancelled,monthly,2025-03-09,2025-06-29,12.0,0.0,2025-03-23,Not using it,2026-04-24 22:09:13.186774,SagePro,E-commerce,medium,AU,Australia,Australia/Sydney,priya.scott@outlook.com,Priya Scott,2025-03-09,organic,True,,,5.0,2026-04-24 22:09:13.186774,2026-04-24 22:09:13.186774,Starter,starter,12.0,120.0,15.0,10.0,5,True,2026-04-24 22:09:13.186774,12.0,False
813,544,3,cancelled,annual,2025-06-29,2025-09-04,15.83,0.0,,Budget cuts,2026-04-24 22:09:13.186774,SagePro,E-commerce,medium,AU,Australia,Australia/Sydney,priya.scott@outlook.com,Priya Scott,2025-03-09,organic,True,,,5.0,2026-04-24 22:09:13.186774,2026-04-24 22:09:13.186774,Starter Plus,starter,19.0,190.0,25.0,20.0,10,True,2026-04-24 22:09:13.186774,19.0,False
814,544,6,active,monthly,2025-09-04,,89.1,10.0,,,2026-04-24 22:09:13.186774,SagePro,E-commerce,medium,AU,Australia,Australia/Sydney,priya.scott@outlook.com,Priya Scott,2025-03-09,organic,True,,,5.0,2026-04-24 22:09:13.186774,2026-04-24 22:09:13.186774,Enterprise,enterprise,99.0,990.0,500.0,,100,True,2026-04-24 22:09:13.186774,99.0,False
815,545,6,active,monthly,2023-04-28,,99.0,0.0,2023-05-12,,2026-04-24 22:09:13.186774,Sage Ops,Legal,medium,AU,Australia,Australia/Sydney,lisa.chen@sageops.com,Lisa Chen,2023-04-28,referral,True,,,8.0,2026-04-24 22:09:13.186774,2026-04-24 22:09:13.186774,Enterprise,enterprise,99.0,990.0,500.0,,100,True,2026-04-24 22:09:13.186774,99.0,False
816,546,1,expired,monthly,2024-09-13,2025-07-26,0.0,0.0,,Not using it,2026-04-24 22:09:13.186774,Jade Ops,E-commerce,large,CA,Canada,America/Toronto,david.walker@yahoo.com,David Walker,2024-09-13,referral,False,2025-02-04 05:37:36,Switched to competitor,2.0,2026-04-24 22:09:13.186774,2026-04-24 22:09:13.186774,Free,free,0.0,0.0,5.0,3.0,1,True,2026-04-24 22:09:13.186774,0.0,True
817,546,6,cancelled,monthly,2025-07-26,2025-09-24,99.0,0.0,,Too expensive,2026-04-24 22:09:13.186774,Jade Ops,E-commerce,large,CA,Canada,America/Toronto,david.walker@yahoo.com,David Walker,2024-09-13,referral,False,2025-02-04 05:37:36,Switched to competitor,2.0,2026-04-24 22:09:13.186774,2026-04-24 22:09:13.186774,Enterprise,enterprise,99.0,990.0,500.0,,100,True,2026-04-24 22:09:13.186774,99.0,True
818,546,6,cancelled,annual,2025-09-24,2025-02-04,82.5,0.0,,Budget cuts,2026-04-24 22:09:13.186774,Jade Ops,E-commerce,large,CA,Canada,America/Toronto,david.walker@yahoo.com,David Walker,2024-09-13,referral,False,2025-02-04 05:37:36,Switched to competitor,2.0,2026-04-24 22:09:13.186774,2026-04-24 22:09:13.186774,Enterprise,enterprise,99.0,990.0,500.0,,100,True,2026-04-24 22:09:13.186774,99.0,True
819,547,1,expired,monthly,2025-01-03,2025-04-21,0.0,15.0,,Budget cuts,2026-04-24 22:09:13.186774,Trek AI,Telecommunications,large,JP,Japan,Asia/Tokyo,susan.lewis@tech.dev,Susan Lewis,2025-01-03,referral,True,,,8.0,2026-04-24 22:09:13.186774,2026-04-24 22:09:13.186774,Free,free,0.0,0.0,5.0,3.0,1,True,2026-04-24 22:09:13.186774,0.0,False
820,547,4,active,monthly,2025-04-21,,39.0,0.0,,,2026-04-24 22:09:13.186774,Trek AI,Telecommunications,large,JP,Japan,Asia/Tokyo,susan.lewis@tech.dev,Susan Lewis,2025-01-03,referral,True,,,8.0,2026-04-24 22:09:13.186774,2026-04-24 22:09:13.186774,Professional,professional,39.0,390.0,50.0,50.0,25,True,2026-04-24 22:09:13.186774,39.0,False
821,548,2,cancelled,monthly,2023-07-16,2024-02-12,12.0,0.0,2023-07-30,Switched competitor,2026-04-24 22:09:13.186774,Zeal Logic,Insurance,small,GB,United Kingdom,Europe/London,nancy.thomas+work@gmail.com,Nancy Thomas,2023-07-16,referral,True,,,10.0,2026-04-24 22:09:13.186774,2026-04-24 22:09:13.186774,Starter,starter,12.0,120.0,15.0,10.0,5,True,2026-04-24 22:09:13.186774,12.0,False
822,548,3,active,annual,2024-02-12,,15.83,0.0,,,2026-04-24 22:09:13.186774,Zeal Logic,Insurance,small,GB,United Kingdom,Europe/London,nancy.thomas+work@gmail.com,Nancy Thomas,2023-07-16,referral,True,,,10.0,2026-04-24 22:09:13.186774,2026-04-24 22:09:13.186774,Starter Plus,starter,19.0,190.0,25.0,20.0,10,True,2026-04-24 22:09:13.186774,19.0,False
823,549,2,cancelled,monthly,2025-08-14,2025-10-13,12.0,0.0,2025-08-28,Company reorganization,2026-04-24 22:09:13.186774,QuestSolutions,Technology,medium,JP,Japan,Asia/Tokyo,michael.ivanov@hotmail.com,Michael Ivanov,2025-08-14,referral,True,,,,2026-04-24 22:09:13.186774,2026-04-24 22:09:13.186774,Starter,starter,12.0,120.0,15.0,10.0,5,True,2026-04-24 22:09:13.186774,12.0,False
824,549,4,expired,annual,2025-10-13,2025-12-12,32.5,0.0,,Budget cuts,2026-04-24 22:09:13.186774,QuestSolutions,Technology,medium,JP,Japan,Asia/Tokyo,michael.ivanov@hotmail.com,Michael Ivanov,2025-08-14,referral,True,,,,2026-04-24 22:09:13.186774,2026-04-24 22:09:13.186774,Professional,professional,39.0,390.0,50.0,50.0,25,True,2026-04-24 22:09:13.186774,39.0,False
825,549,4,active,annual,2025-12-12,,32.5,0.0,,,2026-04-24 22:09:13.186774,QuestSolutions,Technology,medium,JP,Japan,Asia/Tokyo,michael.ivanov@hotmail.com,Michael Ivanov,2025-08-14,referral,True,,,,2026-04-24 22:09:13.186774,2026-04-24 22:09:13.186774,Professional,professional,39.0,390.0,50.0,50.0,25,True,2026-04-24 22:09:13.186774,39.0,False
826,550,2,active,monthly,2023-10-13,,12.0,0.0,2023-10-27,,2026-04-24 22:09:13.186774,Ultra Solutions,Technology,medium,SG,Singapore,Asia/Singapore,charles.smith@outlook.com,Charles Smith,2023-10-13,partner,True,,,2.0,2026-04-24 22:09:13.186774,2026-04-24 22:09:13.186774,Starter,starter,12.0,120.0,15.0,10.0,5,True,2026-04-24 22:09:13.186774,12.0,False
827,551,1,expired,monthly,2025-09-22,2025-11-22,0.0,0.0,,Switched competitor,2026-04-24 22:09:13.186774,FluxSystems,Insurance,enterprise,BR,Brazil,America/Sao_Paulo,william.taylor@startup.co,William Taylor,2025-09-22,organic,True,,,4.0,2026-04-24 22:09:13.186774,2026-04-24 22:09:13.186774,Free,free,0.0,0.0,5.0,3.0,1,True,2026-04-24 22:09:13.186774,0.0,False
828,551,1,cancelled,monthly,2025-11-22,2026-01-21,0.0,15.0,,Budget cuts,2026-04-24 22:09:13.186774,FluxSystems,Insurance,enterprise,BR,Brazil,America/Sao_Paulo,william.taylor@startup.co,William Taylor,2025-09-22,organic,True,,,4.0,2026-04-24 22:09:13.186774,2026-04-24 22:09:13.186774,Free,free,0.0,0.0,5.0,3.0,1,True,2026-04-24 22:09:13.186774,0.0,False
829,551,3,active,annual,2026-01-21,,15.83,0.0,,,2026-04-24 22:09:13.186774,FluxSystems,Insurance,enterprise,BR,Brazil,America/Sao_Paulo,william.taylor@startup.co,William Taylor,2025-09-22,organic,True,,,4.0,2026-04-24 22:09:13.186774,2026-04-24 22:09:13.186774,Starter Plus,starter,19.0,190.0,25.0,20.0,10,True,2026-04-24 22:09:13.186774,19.0,False
830,552,2,active,annual,2023-01-14,,10.0,0.0,2023-01-28,,2026-04-24 22:09:13.186774,Bolt Group,Telecommunications,medium,CA,Canada,America/Toronto,matthew.allen@corp.net,Matthew Allen,2023-01-14,referral,True,,,,2026-04-24 22:09:13.186774,2026-04-24 22:09:13.186774,Starter,starter,12.0,120.0,15.0,10.0,5,True,2026-04-24 22:09:13.186774,12.0,False
831,553,2,expired,monthly,2023-07-29,2023-12-06,9.0,25.0,2023-08-12,Not using it,2026-04-24 22:09:13.186774,TidalPlatform,Insurance,small,BR,Brazil,America/Sao_Paulo,jennifer.brown@hotmail.com,Jennifer Brown,2023-07-29,referral,True,,,9.0,2026-04-24 22:09:13.186774,2026-04-24 22:09:13.186774,Starter,starter,12.0,120.0,15.0,10.0,5,True,2026-04-24 22:09:13.186774,12.0,False
832,553,2,active,monthly,2023-12-06,,12.0,0.0,,,2026-04-24 22:09:13.186774,TidalPlatform,Insurance,small,BR,Brazil,America/Sao_Paulo,jennifer.brown@hotmail.com,Jennifer Brown,2023-07-29,referral,True,,,9.0,2026-04-24 22:09:13.186774,2026-04-24 22:09:13.186774,Starter,starter,12.0,120.0,15.0,10.0,5,True,2026-04-24 22:09:13.186774,12.0,False
833,554,5,active,annual,2023-08-23,,44.25,10.0,2023-09-06,,2026-04-24 22:09:13.186774,Ultra Stack,Insurance,enterprise,US,United States,America/New_York,dorothy.muller@protonmail.com,Dorothy Muller,2023-08-23,organic,True,,,5.0,2026-04-24 22:09:13.186774,2026-04-24 22:09:13.186774,Professional Plus,professional,59.0,590.0,100.0,100.0,50,True,2026-04-24 22:09:13.186774,59.0,False
834,555,2,expired,annual,2024-05-18,2025-03-27,10.0,0.0,2024-06-01,Switched competitor,2026-04-24 22:09:13.186774,QuestPlatform,Legal,large,GB,United Kingdom,Europe/London,joshua.harris@questplatform.com,Joshua Harris,2024-05-18,paid_ads,False,2024-11-13 11:48:57,Too expensive,,2026-04-24 22:09:13.186774,2026-04-24 22:09:13.186774,Starter,starter,12.0,120.0,15.0,10.0,5,True,2026-04-24 22:09:13.186774,12.0,True
835,555,6,cancelled,annual,2025-03-27,2024-11-13,74.25,10.0,,,2026-04-24 22:09:13.186774,QuestPlatform,Legal,large,GB,United Kingdom,Europe/London,joshua.harris@questplatform.com,Joshua Harris,2024-05-18,paid_ads,False,2024-11-13 11:48:57,Too expensive,,2026-04-24 22:09:13.186774,2026-04-24 22:09:13.186774,Enterprise,enterprise,99.0,990.0,500.0,,100,True,2026-04-24 22:09:13.186774,99.0,True
836,556,2,expired,monthly,2023-07-22,2023-12-18,9.0,25.0,2023-08-05,Switched competitor,2026-04-24 22:09:13.186774,Link Dynamics,Retail,enterprise,GB,United Kingdom,Europe/London,jessica.allen@protonmail.com,Jessica Allen,2023-07-22,event,True,,,5.0,2026-04-24 22:09:13.186774,2026-04-24 22:09:13.186774,Starter,starter,12.0,120.0,15.0,10.0,5,True,2026-04-24 22:09:13.186774,12.0,False
837,556,3,active,monthly,2023-12-18,,19.0,0.0,,,2026-04-24 22:09:13.186774,Link Dynamics,Retail,enterprise,GB,United Kingdom,Europe/London,jessica.allen@protonmail.com,Jessica Allen,2023-07-22,event,True,,,5.0,2026-04-24 22:09:13.186774,2026-04-24 22:09:13.186774,Starter Plus,starter,19.0,190.0,25.0,20.0,10,True,2026-04-24 22:09:13.186774,19.0,False
838,557,6,cancelled,annual,2024-09-16,2025-07-23,82.5,0.0,2024-09-30,Not using it,2026-04-24 22:09:13.186774,KeenHQ,E-commerce,small,CA,Canada,America/Toronto,jennifer.white@enterprise.com,Jennifer White,2024-09-16,referral,True,,,,2026-04-24 22:09:13.186774,2026-04-24 22:09:13.186774,Enterprise,enterprise,99.0,990.0,500.0,,100,True,2026-04-24 22:09:13.186774,99.0,False
839,557,5,cancelled,annual,2025-07-23,2025-09-30,49.17,0.0,,,2026-04-24 22:09:13.186774,KeenHQ,E-commerce,small,CA,Canada,America/Toronto,jennifer.white@enterprise.com,Jennifer White,2024-09-16,referral,True,,,,2026-04-24 22:09:13.186774,2026-04-24 22:09:13.186774,Professional Plus,professional,59.0,590.0,100.0,100.0,50,True,2026-04-24 22:09:13.186774,59.0,False
840,557,1,active,monthly,2025-09-30,,0.0,15.0,,,2026-04-24 22:09:13.186774,KeenHQ,E-commerce,small,CA,Canada,America/Toronto,jennifer.white@enterprise.com,Jennifer White,2024-09-16,referral,True,,,,2026-04-24 22:09:13.186774,2026-04-24 22:09:13.186774,Free,free,0.0,0.0,5.0,3.0,1,True,2026-04-24 22:09:13.186774,0.0,False
841,558,4,active,annual,2023-10-18,,29.25,10.0,2023-11-01,,2026-04-24 22:09:13.186774,FlowHub,Education,medium,JP,Japan,Asia/Tokyo,elizabeth.scott@enterprise.com,Elizabeth Scott,2023-10-18,referral,True,,,,2026-04-24 22:09:13.186774,2026-04-24 22:09:13.186774,Professional,professional,39.0,390.0,50.0,50.0,25,True,2026-04-24 22:09:13.186774,39.0,False
842,559,1,cancelled,annual,2025-08-05,2025-10-10,0.0,0.0,,Company reorganization,2026-04-24 22:09:13.186774,VertexDigital,E-commerce,small,GB,United Kingdom,Europe/London,james.smith@company.io,James Smith,2025-08-05,organic,True,,,9.0,2026-04-24 22:09:13.186774,2026-04-24 22:09:13.186774,Free,free,0.0,0.0,5.0,3.0,1,True,2026-04-24 22:09:13.186774,0.0,False
843,559,5,active,monthly,2025-10-10,,59.0,0.0,,,2026-04-24 22:09:13.186774,VertexDigital,E-commerce,small,GB,United Kingdom,Europe/London,james.smith@company.io,James Smith,2025-08-05,organic,True,,,9.0,2026-04-24 22:09:13.186774,2026-04-24 22:09:13.186774,Professional Plus,professional,59.0,590.0,100.0,100.0,50,True,2026-04-24 22:09:13.186774,59.0,False
844,560,3,active,annual,2025-09-07,,15.83,0.0,2025-09-21,,2026-04-24 22:09:13.186774,FluxCloud,Real Estate,small,AU,Australia,Australia/Sydney,john.davis@hotmail.com,John Davis,2025-09-07,organic,True,,,,2026-04-24 22:09:13.186774,2026-04-24 22:09:13.186774,Starter Plus,starter,19.0,190.0,25.0,20.0,10,True,2026-04-24 22:09:13.186774,19.0,False
845,561,1,cancelled,monthly,2023-02-05,2023-04-15,0.0,0.0,,Missing features,2026-04-24 22:09:13.186774,GlowNet,Legal,small,FR,France,Europe/Paris,patricia.adams@hotmail.com,Patricia Adams,2023-02-05,organic,True,,,8.0,2026-04-24 22:09:13.186774,2026-04-24 22:09:13.186774,Free,free,0.0,0.0,5.0,3.0,1,True,2026-04-24 22:09:13.186774,0.0,False
846,561,2,active,monthly,2023-04-15,,12.0,0.0,,,2026-04-24 22:09:13.186774,GlowNet,Legal,small,FR,France,Europe/Paris,patricia.adams@hotmail.com,Patricia Adams,2023-02-05,organic,True,,,8.0,2026-04-24 22:09:13.186774,2026-04-24 22:09:13.186774,Starter,starter,12.0,120.0,15.0,10.0,5,True,2026-04-24 22:09:13.186774,12.0,False
847,562,2,cancelled,monthly,2025-02-28,2025-08-26,9.0,25.0,2025-03-14,Not using it,2026-04-24 22:09:13.186774,SageOps,Education,medium,CA,Canada,America/Toronto,fatima.martinez@sageops.com,Fatima Martinez,2025-02-28,referral,False,2025-08-26 06:22:49,Budget cuts,,2026-04-24 22:09:13.186774,2026-04-24 22:09:13.186774,Starter,starter,12.0,120.0,15.0,10.0,5,True,2026-04-24 22:09:13.186774,12.0,True
848,563,2,active,annual,2025-01-21,,10.0,0.0,2025-02-04,,2026-04-24 22:09:13.186774,HiveSoftware,Finance,enterprise,AU,Australia,Australia/Sydney,thomas.hall@startup.co,Thomas Hall,2025-01-21,referral,True,,,,2026-04-24 22:09:13.186774,2026-04-24 22:09:13.186774,Starter,starter,12.0,120.0,15.0,10.0,5,True,2026-04-24 22:09:13.186774,12.0,False
849,564,1,cancelled,monthly,2023-06-22,2023-10-03,0.0,0.0,,Budget cuts,2026-04-24 22:09:13.186774,GridStack,Insurance,small,US,United States,America/Los_Angeles,sarah.chen@gridstack.com,Sarah Chen,2023-06-22,organic,True,,,2.0,2026-04-24 22:09:13.186774,2026-04-24 22:09:13.186774,Free,free,0.0,0.0,5.0,3.0,1,True,2026-04-24 22:09:13.186774,0.0,False
850,564,5,expired,monthly,2023-10-03,2024-03-18,59.0,0.0,,Budget cuts,2026-04-24 22:09:13.186774,GridStack,Insurance,small,US,United States,America/Los_Angeles,sarah.chen@gridstack.com,Sarah Chen,2023-06-22,organic,True,,,2.0,2026-04-24 22:09:13.186774,2026-04-24 22:09:13.186774,Professional Plus,professional,59.0,590.0,100.0,100.0,50,True,2026-04-24 22:09:13.186774,59.0,False
851,564,5,active,annual,2024-03-18,,49.17,0.0,,,2026-04-24 22:09:13.186774,GridStack,Insurance,small,US,United States,America/Los_Angeles,sarah.chen@gridstack.com,Sarah Chen,2023-06-22,organic,True,,,2.0,2026-04-24 22:09:13.186774,2026-04-24 22:09:13.186774,Professional Plus,professional,59.0,590.0,100.0,100.0,50,True,2026-04-24 22:09:13.186774,59.0,False
852,565,2,active,annual,2023-07-10,,10.0,0.0,2023-07-24,,2026-04-24 22:09:13.186774,Xenon Solutions,Legal,small,GB,United Kingdom,Europe/London,ashley.lopez@corp.net,Ashley Lopez,2023-07-10,partner,True,,,,2026-04-24 22:09:13.186774,2026-04-24 22:09:13.186774,Starter,starter,12.0,120.0,15.0,10.0,5,True,2026-04-24 22:09:13.186774,12.0,False
853,566,5,cancelled,monthly,2023-03-07,2023-05-25,53.1,10.0,2023-03-21,Too expensive,2026-04-24 22:09:13.186774,QuarkCorp,Telecommunications,medium,US,United States,America/Chicago,kenji.green@quarkcorp.com,Kenji Green,2023-03-07,referral,True,,,7.0,2026-04-24 22:09:13.186774,2026-04-24 22:09:13.186774,Professional Plus,professional,59.0,590.0,100.0,100.0,50,True,2026-04-24 22:09:13.186774,59.0,False
854,566,4,active,monthly,2023-05-25,,39.0,0.0,,,2026-04-24 22:09:13.186774,QuarkCorp,Telecommunications,medium,US,United States,America/Chicago,kenji.green@quarkcorp.com,Kenji Green,2023-03-07,referral,True,,,7.0,2026-04-24 22:09:13.186774,2026-04-24 22:09:13.186774,Professional,professional,39.0,390.0,50.0,50.0,25,True,2026-04-24 22:09:13.186774,39.0,False
855,567,3,active,monthly,2025-02-18,,19.0,0.0,2025-03-04,,2026-04-24 22:09:13.186774,Acme Ops,Real Estate,enterprise,US,United States,America/New_York,michael.wilson+test@tech.dev,Michael Wilson,2025-02-18,organic,True,,,9.0,2026-04-24 22:09:13.186774,2026-04-24 22:09:13.186774,Starter Plus,starter,19.0,190.0,25.0,20.0,10,True,2026-04-24 22:09:13.186774,19.0,False
856,568,4,cancelled,annual,2023-01-04,2023-10-28,32.5,0.0,2023-01-18,,2026-04-24 22:09:13.186774,VertexWorks,Marketing,large,AU,Australia,Australia/Sydney,matthew.flores@company.io,Matthew Flores,2023-01-04,paid_ads,True,,,,2026-04-24 22:09:13.186774,2026-04-24 22:09:13.186774,Professional,professional,39.0,390.0,50.0,50.0,25,True,2026-04-24 22:09:13.186774,39.0,False
857,568,1,active,annual,2023-10-28,,0.0,0.0,,,2026-04-24 22:09:13.186774,VertexWorks,Marketing,large,AU,Australia,Australia/Sydney,matthew.flores@company.io,Matthew Flores,2023-01-04,paid_ads,True,,,,2026-04-24 22:09:13.186774,2026-04-24 22:09:13.186774,Free,free,0.0,0.0,5.0,3.0,1,True,2026-04-24 22:09:13.186774,0.0,False
858,569,2,cancelled,monthly,2024-11-07,2025-02-03,10.2,15.0,2024-11-21,Budget cuts,2026-04-24 22:09:13.186774,Hive Analytics,Legal,enterprise,GB,United Kingdom,Europe/London,nancy.lewis@enterprise.com,Nancy Lewis,2024-11-07,organic,False,2025-08-11 19:16:25,Company closed,2.0,2026-04-24 22:09:13.186774,2026-04-24 22:09:13.186774,Starter,starter,12.0,120.0,15.0,10.0,5,True,2026-04-24 22:09:13.186774,12.0,True
859,569,2,cancelled,monthly,2025-02-03,2025-08-11,10.2,15.0,,,2026-04-24 22:09:13.186774,Hive Analytics,Legal,enterprise,GB,United Kingdom,Europe/London,nancy.lewis@enterprise.com,Nancy Lewis,2024-11-07,organic,False,2025-08-11 19:16:25,Company closed,2.0,2026-04-24 22:09:13.186774,2026-04-24 22:09:13.186774,Starter,starter,12.0,120.0,15.0,10.0,5,True,2026-04-24 22:09:13.186774,12.0,True
860,570,4,active,annual,2025-08-22,,32.5,0.0,2025-09-05,,2026-04-24 22:09:13.186774,VineWorks,E-commerce,medium,CA,Canada,America/Toronto,betty.chen@startup.co,Betty Chen,2025-08-22,referral,True,,,,2026-04-24 22:09:13.186774,2026-04-24 22:09:13.186774,Professional,professional,39.0,390.0,50.0,50.0,25,True,2026-04-24 22:09:13.186774,39.0,False
861,571,4,active,annual,2023-03-31,,27.62,15.0,2023-04-14,,2026-04-24 22:09:13.186774,Meta Net,Finance,enterprise,JP,Japan,Asia/Tokyo,andrew.muller@yahoo.com,Andrew Muller,2023-03-31,referral,True,,,,2026-04-24 22:09:13.186774,2026-04-24 22:09:13.186774,Professional,professional,39.0,390.0,50.0,50.0,25,True,2026-04-24 22:09:13.186774,39.0,False
862,572,1,cancelled,monthly,2025-01-02,2025-03-27,0.0,0.0,,Budget cuts,2026-04-24 22:09:13.186774,KiteHQ,Consulting,large,JP,Japan,Asia/Tokyo,jessica.thomas@kitehq.com,Jessica Thomas,2025-01-02,partner,False,2025-06-07 19:12:28,Budget cuts,,2026-04-24 22:09:13.186774,2026-04-24 22:09:13.186774,Free,free,0.0,0.0,5.0,3.0,1,True,2026-04-24 22:09:13.186774,0.0,True
863,572,6,cancelled,annual,2025-03-27,2025-06-07,74.25,10.0,,Company reorganization,2026-04-24 22:09:13.186774,KiteHQ,Consulting,large,JP,Japan,Asia/Tokyo,jessica.thomas@kitehq.com,Jessica Thomas,2025-01-02,partner,False,2025-06-07 19:12:28,Budget cuts,,2026-04-24 22:09:13.186774,2026-04-24 22:09:13.186774,Enterprise,enterprise,99.0,990.0,500.0,,100,True,2026-04-24 22:09:13.186774,99.0,True
864,573,5,active,annual,2024-12-09,,49.17,0.0,2024-12-23,,2026-04-24 22:09:13.186774,UnitAnalytics,Telecommunications,large,US,United States,America/Chicago,wei.rodriguez@unitanalytics.com,Wei Rodriguez,2024-12-09,referral,True,,,8.0,2026-04-24 22:09:13.186774,2026-04-24 22:09:13.186774,Professional Plus,professional,59.0,590.0,100.0,100.0,50,True,2026-04-24 22:09:13.186774,59.0,False
865,574,1,active,monthly,2023-08-17,,0.0,0.0,,,2026-04-24 22:09:13.186774,PeakWorks,Legal,large,FR,France,Europe/Paris,olga.harris@startup.co,Olga Harris,2023-08-17,organic,True,,,3.0,2026-04-24 22:09:13.186774,2026-04-24 22:09:13.186774,Free,free,0.0,0.0,5.0,3.0,1,True,2026-04-24 22:09:13.186774,0.0,False
866,575,1,expired,monthly,2023-11-15,2024-04-26,0.0,0.0,,Not using it,2026-04-24 22:09:13.186774,VineVentures,Legal,small,BR,Brazil,America/Sao_Paulo,nancy.rodriguez@corp.net,Nancy Rodriguez,2023-11-15,organic,False,2025-02-03 00:21:51,Missing features,,2026-04-24 22:09:13.186774,2026-04-24 22:09:13.186774,Free,free,0.0,0.0,5.0,3.0,1,True,2026-04-24 22:09:13.186774,0.0,True
867,575,6,cancelled,annual,2024-04-26,2025-02-03,82.5,0.0,,Not using it,2026-04-24 22:09:13.186774,VineVentures,Legal,small,BR,Brazil,America/Sao_Paulo,nancy.rodriguez@corp.net,Nancy Rodriguez,2023-11-15,organic,False,2025-02-03 00:21:51,Missing features,,2026-04-24 22:09:13.186774,2026-04-24 22:09:13.186774,Enterprise,enterprise,99.0,990.0,500.0,,100,True,2026-04-24 22:09:13.186774,99.0,True
868,576,1,cancelled,monthly,2025-05-22,2025-10-13,0.0,0.0,,Company reorganization,2026-04-24 22:09:13.186774,UltraHub,Logistics,enterprise,US,United States,America/Los_Angeles,dorothy.nelson@ultrahub.com,Dorothy Nelson,2025-05-22,partner,True,,,10.0,2026-04-24 22:09:13.186774,2026-04-24 22:09:13.186774,Free,free,0.0,0.0,5.0,3.0,1,True,2026-04-24 22:09:13.186774,0.0,False
869,576,4,active,annual,2025-10-13,,32.5,0.0,,,2026-04-24 22:09:13.186774,UltraHub,Logistics,enterprise,US,United States,America/Los_Angeles,dorothy.nelson@ultrahub.com,Dorothy Nelson,2025-05-22,partner,True,,,10.0,2026-04-24 22:09:13.186774,2026-04-24 22:09:13.186774,Professional,professional,39.0,390.0,50.0,50.0,25,True,2026-04-24 22:09:13.186774,39.0,False
870,577,2,cancelled,annual,2023-11-13,2024-05-30,10.0,0.0,2023-11-27,Not using it,2026-04-24 22:09:13.186774,FluxOps,Real Estate,small,US,United States,America/Los_Angeles,ahmed.nelson@gmail.com,Ahmed Nelson,2023-11-13,event,True,,,,2026-04-24 22:09:13.186774,2026-04-24 22:09:13.186774,Starter,starter,12.0,120.0,15.0,10.0,5,True,2026-04-24 22:09:13.186774,12.0,False
871,577,7,active,annual,2024-05-30,,165.83,0.0,,,2026-04-24 22:09:13.186774,FluxOps,Real Estate,small,US,United States,America/Los_Angeles,ahmed.nelson@gmail.com,Ahmed Nelson,2023-11-13,event,True,,,,2026-04-24 22:09:13.186774,2026-04-24 22:09:13.186774,Enterprise Custom,enterprise,199.0,1990.0,,,500,True,2026-04-24 22:09:13.186774,199.0,False
872,578,2,expired,annual,2025-01-03,2025-05-19,10.0,0.0,2025-01-17,Missing features,2026-04-24 22:09:13.186774,TrekVentures,Retail,small,CA,Canada,America/Toronto,christopher.rivera@company.io,Christopher Rivera,2025-01-03,partner,True,,,,2026-04-24 22:09:13.186774,2026-04-24 22:09:13.186774,Starter,starter,12.0,120.0,15.0,10.0,5,True,2026-04-24 22:09:13.186774,12.0,False
873,578,2,active,annual,2025-05-19,,10.0,0.0,,,2026-04-24 22:09:13.186774,TrekVentures,Retail,small,CA,Canada,America/Toronto,christopher.rivera@company.io,Christopher Rivera,2025-01-03,partner,True,,,,2026-04-24 22:09:13.186774,2026-04-24 22:09:13.186774,Starter,starter,12.0,120.0,15.0,10.0,5,True,2026-04-24 22:09:13.186774,12.0,False
874,579,1,expired,monthly,2024-07-15,2024-10-20,0.0,25.0,,Budget cuts,2026-04-24 22:09:13.186774,Zeal Solutions,Retail,medium,FR,France,Europe/Paris,betty.martin@yahoo.com,Betty Martin,2024-07-15,organic,True,,,7.0,2026-04-24 22:09:13.186774,2026-04-24 22:09:13.186774,Free,free,0.0,0.0,5.0,3.0,1,True,2026-04-24 22:09:13.186774,0.0,False
875,579,4,active,annual,2024-10-20,,32.5,0.0,,,2026-04-24 22:09:13.186774,Zeal Solutions,Retail,medium,FR,France,Europe/Paris,betty.martin@yahoo.com,Betty Martin,2024-07-15,organic,True,,,7.0,2026-04-24 22:09:13.186774,2026-04-24 22:09:13.186774,Professional,professional,39.0,390.0,50.0,50.0,25,True,2026-04-24 22:09:13.186774,39.0,False
876,580,1,expired,monthly,2023-05-15,2024-02-21,0.0,0.0,,Too expensive,2026-04-24 22:09:13.186774,WarpLogic,Media,large,DE,Germany,Europe/Berlin,christopher.hall@tech.dev,Christopher Hall,2023-05-15,organic,True,,,,2026-04-24 22:09:13.186774,2026-04-24 22:09:13.186774,Free,free,0.0,0.0,5.0,3.0,1,True,2026-04-24 22:09:13.186774,0.0,False
877,580,6,active,annual,2024-02-21,,82.5,0.0,,,2026-04-24 22:09:13.186774,WarpLogic,Media,large,DE,Germany,Europe/Berlin,christopher.hall@tech.dev,Christopher Hall,2023-05-15,organic,True,,,,2026-04-24 22:09:13.186774,2026-04-24 22:09:13.186774,Enterprise,enterprise,99.0,990.0,500.0,,100,True,2026-04-24 22:09:13.186774,99.0,False
878,581,1,active,annual,2025-05-26,,0.0,0.0,,,2026-04-24 22:09:13.186774,Sage IO,Education,small,GB,United Kingdom,Europe/London,susan.tanaka@gmail.com,Susan Tanaka,2025-05-26,paid_ads,True,,,,2026-04-24 22:09:13.186774,2026-04-24 22:09:13.186774,Free,free,0.0,0.0,5.0,3.0,1,True,2026-04-24 22:09:13.186774,0.0,False
879,582,1,active,annual,2024-08-30,,0.0,20.0,,,2026-04-24 22:09:13.186774,YieldCorp,Finance,small,US,United States,America/Chicago,daniel.walker@tech.dev,Daniel Walker,2024-08-30,partner,True,,,9.0,2026-04-24 22:09:13.186774,2026-04-24 22:09:13.186774,Free,free,0.0,0.0,5.0,3.0,1,True,2026-04-24 22:09:13.186774,0.0,False
880,583,1,active,annual,2025-06-04,,0.0,0.0,,,2026-04-24 22:09:13.186774,Flux Cloud,Legal,medium,US,United States,America/Los_Angeles,raj.chen@outlook.com,Raj Chen,2025-06-04,referral,True,,,8.0,2026-04-24 22:09:13.186774,2026-04-24 22:09:13.186774,Free,free,0.0,0.0,5.0,3.0,1,True,2026-04-24 22:09:13.186774,0.0,False
881,584,2,cancelled,monthly,2024-12-11,2025-06-03,12.0,0.0,2024-12-25,Switched competitor,2026-04-24 22:09:13.186774,Flow Systems,Consulting,large,SG,Singapore,Asia/Singapore,Steven.Anderson@corp.net,Steven Anderson,2024-12-11,paid_ads,True,,,,2026-04-24 22:09:13.186774,2026-04-24 22:09:13.186774,Starter,starter,12.0,120.0,15.0,10.0,5,True,2026-04-24 22:09:13.186774,12.0,False
882,584,4,active,annual,2025-06-03,,32.5,0.0,,,2026-04-24 22:09:13.186774,Flow Systems,Consulting,large,SG,Singapore,Asia/Singapore,Steven.Anderson@corp.net,Steven Anderson,2024-12-11,paid_ads,True,,,,2026-04-24 22:09:13.186774,2026-04-24 22:09:13.186774,Professional,professional,39.0,390.0,50.0,50.0,25,True,2026-04-24 22:09:13.186774,39.0,False
883,585,4,expired,annual,2025-04-12,2025-06-11,32.5,0.0,2025-04-26,,2026-04-24 22:09:13.186774,YieldIO,Legal,medium,DE,Germany,Europe/Berlin,andrew.rodriguez@tech.dev,Andrew Rodriguez,2025-04-12,referral,True,,,9.0,2026-04-24 22:09:13.186774,2026-04-24 22:09:13.186774,Professional,professional,39.0,390.0,50.0,50.0,25,True,2026-04-24 22:09:13.186774,39.0,False
884,585,2,active,annual,2025-06-11,,10.0,0.0,,,2026-04-24 22:09:13.186774,YieldIO,Legal,medium,DE,Germany,Europe/Berlin,andrew.rodriguez@tech.dev,Andrew Rodriguez,2025-04-12,referral,True,,,9.0,2026-04-24 22:09:13.186774,2026-04-24 22:09:13.186774,Starter,starter,12.0,120.0,15.0,10.0,5,True,2026-04-24 22:09:13.186774,12.0,False
885,586,4,active,monthly,2024-09-05,,39.0,0.0,2024-09-19,,2026-04-24 22:09:13.186774,EdgeDev,Media,large,SG,Singapore,Asia/Singapore,linda.kim@outlook.com,Linda Kim,2024-09-05,organic,True,,,7.0,2026-04-24 22:09:13.186774,2026-04-24 22:09:13.186774,Professional,professional,39.0,390.0,50.0,50.0,25,True,2026-04-24 22:09:13.186774,39.0,False
886,587,1,expired,monthly,2025-09-16,2025-11-15,0.0,0.0,,Company reorganization,2026-04-24 22:09:13.186774,Nova Stack,Finance,small,JP,Japan,Asia/Tokyo,Thomas.Kim@tech.dev,Thomas Kim,2025-09-16,organic,True,,,10.0,2026-04-24 22:09:13.186774,2026-04-24 22:09:13.186774,Free,free,0.0,0.0,5.0,3.0,1,True,2026-04-24 22:09:13.186774,0.0,False
887,587,4,paused,monthly,2025-11-15,,39.0,0.0,,,2026-04-24 22:09:13.186774,Nova Stack,Finance,small,JP,Japan,Asia/Tokyo,Thomas.Kim@tech.dev,Thomas Kim,2025-09-16,organic,True,,,10.0,2026-04-24 22:09:13.186774,2026-04-24 22:09:13.186774,Professional,professional,39.0,390.0,50.0,50.0,25,True,2026-04-24 22:09:13.186774,39.0,False
888,588,5,cancelled,annual,2023-08-03,2024-06-12,44.25,10.0,2023-08-17,,2026-04-24 22:09:13.186774,QuestDynamics,Real Estate,medium,FR,France,Europe/Paris,charles.king@corp.net,Charles King,2023-08-03,organic,True,,,,2026-04-24 22:09:13.186774,2026-04-24 22:09:13.186774,Professional Plus,professional,59.0,590.0,100.0,100.0,50,True,2026-04-24 22:09:13.186774,59.0,False
889,588,2,expired,monthly,2024-06-12,2025-04-29,12.0,0.0,,Switched competitor,2026-04-24 22:09:13.186774,QuestDynamics,Real Estate,medium,FR,France,Europe/Paris,charles.king@corp.net,Charles King,2023-08-03,organic,True,,,,2026-04-24 22:09:13.186774,2026-04-24 22:09:13.186774,Starter,starter,12.0,120.0,15.0,10.0,5,True,2026-04-24 22:09:13.186774,12.0,False
890,588,6,active,annual,2025-04-29,,82.5,0.0,,,2026-04-24 22:09:13.186774,QuestDynamics,Real Estate,medium,FR,France,Europe/Paris,charles.king@corp.net,Charles King,2023-08-03,organic,True,,,,2026-04-24 22:09:13.186774,2026-04-24 22:09:13.186774,Enterprise,enterprise,99.0,990.0,500.0,,100,True,2026-04-24 22:09:13.186774,99.0,False
891,589,1,cancelled,annual,2024-07-17,2025-02-13,0.0,0.0,,Missing features,2026-04-24 22:09:13.186774,Tidal Software,Finance,medium,JP,Japan,Asia/Tokyo,susan.nguyen@corp.net,Susan Nguyen,2024-07-17,organic,True,,,10.0,2026-04-24 22:09:13.186774,2026-04-24 22:09:13.186774,Free,free,0.0,0.0,5.0,3.0,1,True,2026-04-24 22:09:13.186774,0.0,False
892,589,6,cancelled,monthly,2025-02-13,2025-09-12,99.0,0.0,,Switched competitor,2026-04-24 22:09:13.186774,Tidal Software,Finance,medium,JP,Japan,Asia/Tokyo,susan.nguyen@corp.net,Susan Nguyen,2024-07-17,organic,True,,,10.0,2026-04-24 22:09:13.186774,2026-04-24 22:09:13.186774,Enterprise,enterprise,99.0,990.0,500.0,,100,True,2026-04-24 22:09:13.186774,99.0,False
893,589,5,active,annual,2025-09-12,,49.17,0.0,,,2026-04-24 22:09:13.186774,Tidal Software,Finance,medium,JP,Japan,Asia/Tokyo,susan.nguyen@corp.net,Susan Nguyen,2024-07-17,organic,True,,,10.0,2026-04-24 22:09:13.186774,2026-04-24 22:09:13.186774,Professional Plus,professional,59.0,590.0,100.0,100.0,50,True,2026-04-24 22:09:13.186774,59.0,False
894,590,2,cancelled,annual,2024-12-14,2025-10-23,10.0,0.0,2024-12-28,,2026-04-24 22:09:13.186774,DriftTech,Logistics,medium,FR,France,Europe/Paris,elizabeth.wright@protonmail.com,Elizabeth Wright,2024-12-14,paid_ads,True,,,,2026-04-24 22:09:13.186774,2026-04-24 22:09:13.186774,Starter,starter,12.0,120.0,15.0,10.0,5,True,2026-04-24 22:09:13.186774,12.0,False
895,590,3,active,annual,2025-10-23,,15.83,0.0,,,2026-04-24 22:09:13.186774,DriftTech,Logistics,medium,FR,France,Europe/Paris,elizabeth.wright@protonmail.com,Elizabeth Wright,2024-12-14,paid_ads,True,,,,2026-04-24 22:09:13.186774,2026-04-24 22:09:13.186774,Starter Plus,starter,19.0,190.0,25.0,20.0,10,True,2026-04-24 22:09:13.186774,19.0,False
896,591,4,cancelled,annual,2024-07-15,2025-03-04,32.5,0.0,2024-07-29,Switched competitor,2026-04-24 22:09:13.186774,ArcDigital,Insurance,medium,AU,Australia,Australia/Sydney,mary.hill@arcdigital.com,Mary Hill,2024-07-15,organic,True,,,3.0,2026-04-24 22:09:13.186774,2026-04-24 22:09:13.186774,Professional,professional,39.0,390.0,50.0,50.0,25,True,2026-04-24 22:09:13.186774,39.0,False
897,591,5,cancelled,monthly,2025-03-04,2025-08-17,59.0,0.0,,Missing features,2026-04-24 22:09:13.186774,ArcDigital,Insurance,medium,AU,Australia,Australia/Sydney,mary.hill@arcdigital.com,Mary Hill,2024-07-15,organic,True,,,3.0,2026-04-24 22:09:13.186774,2026-04-24 22:09:13.186774,Professional Plus,professional,59.0,590.0,100.0,100.0,50,True,2026-04-24 22:09:13.186774,59.0,False
898,591,2,active,annual,2025-08-17,,10.0,0.0,,,2026-04-24 22:09:13.186774,ArcDigital,Insurance,medium,AU,Australia,Australia/Sydney,mary.hill@arcdigital.com,Mary Hill,2024-07-15,organic,True,,,3.0,2026-04-24 22:09:13.186774,2026-04-24 22:09:13.186774,Starter,starter,12.0,120.0,15.0,10.0,5,True,2026-04-24 22:09:13.186774,12.0,False
899,592,1,active,monthly,2024-07-18,,0.0,0.0,,,2026-04-24 22:09:13.186774,HubSolutions,Telecommunications,small,BR,Brazil,America/Sao_Paulo,sofia.tanaka@corp.net,Sofia Tanaka,2024-07-18,organic,True,,,2.0,2026-04-24 22:09:13.186774,2026-04-24 22:09:13.186774,Free,free,0.0,0.0,5.0,3.0,1,True,2026-04-24 22:09:13.186774,0.0,False
900,593,3,expired,monthly,2024-12-31,2025-04-06,19.0,0.0,2025-01-14,Missing features,2026-04-24 22:09:13.186774,Vine Ops,Insurance,medium,JP,Japan,Asia/Tokyo,joshua.sanchez@gmail.com,Joshua Sanchez,2024-12-31,organic,False,2025-03-20 01:50:18,No longer needed,5.0,2026-04-24 22:09:13.186774,2026-04-24 22:09:13.186774,Starter Plus,starter,19.0,190.0,25.0,20.0,10,True,2026-04-24 22:09:13.186774,19.0,True
901,593,1,cancelled,monthly,2025-04-06,2025-03-20,0.0,10.0,,Not using it,2026-04-24 22:09:13.186774,Vine Ops,Insurance,medium,JP,Japan,Asia/Tokyo,joshua.sanchez@gmail.com,Joshua Sanchez,2024-12-31,organic,False,2025-03-20 01:50:18,No longer needed,5.0,2026-04-24 22:09:13.186774,2026-04-24 22:09:13.186774,Free,free,0.0,0.0,5.0,3.0,1,True,2026-04-24 22:09:13.186774,0.0,True
902,594,1,cancelled,annual,2025-03-28,2025-06-29,0.0,0.0,,Budget cuts,2026-04-24 22:09:13.186774,UnitStack,Legal,enterprise,GB,United Kingdom,Europe/London,fatima.hill@enterprise.com,Fatima Hill,2025-03-28,partner,True,,,10.0,2026-04-24 22:09:13.186774,2026-04-24 22:09:13.186774,Free,free,0.0,0.0,5.0,3.0,1,True,2026-04-24 22:09:13.186774,0.0,False
903,594,4,expired,annual,2025-06-29,2025-10-04,32.5,0.0,,,2026-04-24 22:09:13.186774,UnitStack,Legal,enterprise,GB,United Kingdom,Europe/London,fatima.hill@enterprise.com,Fatima Hill,2025-03-28,partner,True,,,10.0,2026-04-24 22:09:13.186774,2026-04-24 22:09:13.186774,Professional,professional,39.0,390.0,50.0,50.0,25,True,2026-04-24 22:09:13.186774,39.0,False
904,594,6,active,annual,2025-10-04,,74.25,10.0,,,2026-04-24 22:09:13.186774,UnitStack,Legal,enterprise,GB,United Kingdom,Europe/London,fatima.hill@enterprise.com,Fatima Hill,2025-03-28,partner,True,,,10.0,2026-04-24 22:09:13.186774,2026-04-24 22:09:13.186774,Enterprise,enterprise,99.0,990.0,500.0,,100,True,2026-04-24 22:09:13.186774,99.0,False
905,595,1,active,annual,2023-05-20,,0.0,10.0,,,2026-04-24 22:09:13.186774,FlowSolutions,Healthcare,large,DE,Germany,Europe/Berlin,kimberly.young+nimbus@tech.dev,Kimberly Young,2023-05-20,referral,True,,,10.0,2026-04-24 22:09:13.186774,2026-04-24 22:09:13.186774,Free,free,0.0,0.0,5.0,3.0,1,True,2026-04-24 22:09:13.186774,0.0,False
906,596,1,active,monthly,2024-11-21,,0.0,0.0,,,2026-04-24 22:09:13.186774,SageDynamics,E-commerce,large,SG,Singapore,Asia/Singapore,sofia.king@enterprise.com,Sofia King,2024-11-21,partner,True,,,,2026-04-24 22:09:13.186774,2026-04-24 22:09:13.186774,Free,free,0.0,0.0,5.0,3.0,1,True,2026-04-24 22:09:13.186774,0.0,False
907,597,5,active,annual,2024-11-26,,49.17,0.0,2024-12-10,,2026-04-24 22:09:13.186774,LunaTech,Finance,medium,IN,India,Asia/Kolkata,patricia.ramirez@outlook.com,Patricia Ramirez,2024-11-26,referral,True,,,9.0,2026-04-24 22:09:13.186774,2026-04-24 22:09:13.186774,Professional Plus,professional,59.0,590.0,100.0,100.0,50,True,2026-04-24 22:09:13.186774,59.0,False
908,598,3,expired,annual,2025-09-09,2025-11-08,14.25,10.0,2025-09-23,,2026-04-24 22:09:13.186774,SyncCloud,Education,small,US,United States,America/New_York,ahmed.green@protonmail.com,Ahmed Green,2025-09-09,organic,True,,,,2026-04-24 22:09:13.186774,2026-04-24 22:09:13.186774,Starter Plus,starter,19.0,190.0,25.0,20.0,10,True,2026-04-24 22:09:13.186774,19.0,False
909,598,1,cancelled,monthly,2025-11-08,2026-01-08,0.0,0.0,,Too expensive,2026-04-24 22:09:13.186774,SyncCloud,Education,small,US,United States,America/New_York,ahmed.green@protonmail.com,Ahmed Green,2025-09-09,organic,True,,,,2026-04-24 22:09:13.186774,2026-04-24 22:09:13.186774,Free,free,0.0,0.0,5.0,3.0,1,True,2026-04-24 22:09:13.186774,0.0,False
910,598,6,active,monthly,2026-01-08,,99.0,0.0,,,2026-04-24 22:09:13.186774,SyncCloud,Education,small,US,United States,America/New_York,ahmed.green@protonmail.com,Ahmed Green,2025-09-09,organic,True,,,,2026-04-24 22:09:13.186774,2026-04-24 22:09:13.186774,Enterprise,enterprise,99.0,990.0,500.0,,100,True,2026-04-24 22:09:13.186774,99.0,False
911,599,4,cancelled,monthly,2025-01-09,2025-06-25,39.0,0.0,2025-01-23,Switched competitor,2026-04-24 22:09:13.186774,DriftGroup,Technology,small,US,United States,America/New_York,donna.robinson@gmail.com,Donna Robinson,2025-01-09,referral,False,2025-06-25 16:28:50,Too expensive,3.0,2026-04-24 22:09:13.186774,2026-04-24 22:09:13.186774,Professional,professional,39.0,390.0,50.0,50.0,25,True,2026-04-24 22:09:13.186774,39.0,True
912,600,2,active,annual,2023-11-03,,10.0,0.0,2023-11-17,,2026-04-24 22:09:13.186774,HiveDev,Manufacturing,small,CA,Canada,America/Toronto,james.martinez@enterprise.com,James Martinez,2023-11-03,event,True,,,,2026-04-24 22:09:13.186774,2026-04-24 22:09:13.186774,Starter,starter,12.0,120.0,15.0,10.0,5,True,2026-04-24 22:09:13.186774,12.0,False
913,601,1,cancelled,annual,2023-10-19,2024-09-19,0.0,0.0,,Missing features,2026-04-24 22:09:13.186774,GridHQ,Consulting,small,US,United States,America/Los_Angeles,daniel.chen@gridhq.com,Daniel Chen,2023-10-19,organic,False,2024-09-19 10:52:14,Budget cuts,,2026-04-24 22:09:13.186774,2026-04-24 22:09:13.186774,Free,free,0.0,0.0,5.0,3.0,1,True,2026-04-24 22:09:13.186774,0.0,True
914,602,3,cancelled,monthly,2025-02-21,2025-06-06,19.0,0.0,2025-03-07,Missing features,2026-04-24 22:09:13.186774,Echo Ops,Education,small,AU,Australia,Australia/Sydney,ashley.scott@yahoo.com,Ashley Scott,2025-02-21,organic,True,,,9.0,2026-04-24 22:09:13.186774,2026-04-24 22:09:13.186774,Starter Plus,starter,19.0,190.0,25.0,20.0,10,True,2026-04-24 22:09:13.186774,19.0,False
915,602,4,cancelled,monthly,2025-06-06,2025-10-13,39.0,0.0,,Too expensive,2026-04-24 22:09:13.186774,Echo Ops,Education,small,AU,Australia,Australia/Sydney,ashley.scott@yahoo.com,Ashley Scott,2025-02-21,organic,True,,,9.0,2026-04-24 22:09:13.186774,2026-04-24 22:09:13.186774,Professional,professional,39.0,390.0,50.0,50.0,25,True,2026-04-24 22:09:13.186774,39.0,False
916,602,2,active,annual,2025-10-13,,10.0,0.0,,,2026-04-24 22:09:13.186774,Echo Ops,Education,small,AU,Australia,Australia/Sydney,ashley.scott@yahoo.com,Ashley Scott,2025-02-21,organic,True,,,9.0,2026-04-24 22:09:13.186774,2026-04-24 22:09:13.186774,Starter,starter,12.0,120.0,15.0,10.0,5,True,2026-04-24 22:09:13.186774,12.0,False
917,603,3,expired,annual,2025-04-29,2025-09-08,15.83,0.0,2025-05-13,,2026-04-24 22:09:13.186774,IonSystems,Insurance,small,US,United States,America/Los_Angeles,elizabeth.thompson@ionsystems.com,Elizabeth Thompson,2025-04-29,organic,True,,,,2026-04-24 22:09:13.186774,2026-04-24 22:09:13.186774,Starter Plus,starter,19.0,190.0,25.0,20.0,10,True,2026-04-24 22:09:13.186774,19.0,False
918,603,2,active,annual,2025-09-08,,10.0,0.0,,,2026-04-24 22:09:13.186774,IonSystems,Insurance,small,US,United States,America/Los_Angeles,elizabeth.thompson@ionsystems.com,Elizabeth Thompson,2025-04-29,organic,True,,,,2026-04-24 22:09:13.186774,2026-04-24 22:09:13.186774,Starter,starter,12.0,120.0,15.0,10.0,5,True,2026-04-24 22:09:13.186774,12.0,False
919,604,4,expired,monthly,2024-03-15,2024-11-12,35.1,10.0,2024-03-29,Company reorganization,2026-04-24 22:09:13.186774,Jet Pro,Media,small,GB,United Kingdom,Europe/London,sarah.singh@hotmail.com,Sarah Singh,2024-03-15,paid_ads,False,2025-10-14 17:23:08,,,2026-04-24 22:09:13.186774,2026-04-24 22:09:13.186774,Professional,professional,39.0,390.0,50.0,50.0,25,True,2026-04-24 22:09:13.186774,39.0,True
920,604,6,cancelled,monthly,2024-11-12,2025-10-14,99.0,0.0,,Company reorganization,2026-04-24 22:09:13.186774,Jet Pro,Media,small,GB,United Kingdom,Europe/London,sarah.singh@hotmail.com,Sarah Singh,2024-03-15,paid_ads,False,2025-10-14 17:23:08,,,2026-04-24 22:09:13.186774,2026-04-24 22:09:13.186774,Enterprise,enterprise,99.0,990.0,500.0,,100,True,2026-04-24 22:09:13.186774,99.0,True
921,605,1,active,monthly,2024-03-12,,0.0,0.0,,,2026-04-24 22:09:13.186774,BeamLabs,Healthcare,enterprise,US,United States,America/New_York,matthew.clark@hotmail.com,Matthew Clark,2024-03-12,event,True,,,8.0,2026-04-24 22:09:13.186774,2026-04-24 22:09:13.186774,Free,free,0.0,0.0,5.0,3.0,1,True,2026-04-24 22:09:13.186774,0.0,False
922,606,5,active,monthly,2025-02-01,,59.0,0.0,2025-02-15,,2026-04-24 22:09:13.186774,HubAnalytics,Marketing,large,AU,Australia,Australia/Sydney,jessica.lee@hubanalytics.com,Jessica Lee,2025-02-01,referral,True,,,6.0,2026-04-24 22:09:13.186774,2026-04-24 22:09:13.186774,Professional Plus,professional,59.0,590.0,100.0,100.0,50,True,2026-04-24 22:09:13.186774,59.0,False
923,607,5,cancelled,monthly,2025-01-29,2025-07-18,59.0,0.0,2025-02-12,Budget cuts,2026-04-24 22:09:13.186774,Flux Studio,Marketing,small,US,United States,America/Chicago,Michael.Nelson@yahoo.com,Michael Nelson,2025-01-29,organic,True,,,,2026-04-24 22:09:13.186774,2026-04-24 22:09:13.186774,Professional Plus,professional,59.0,590.0,100.0,100.0,50,True,2026-04-24 22:09:13.186774,59.0,False
924,607,2,active,monthly,2025-07-18,,12.0,0.0,,,2026-04-24 22:09:13.186774,Flux Studio,Marketing,small,US,United States,America/Chicago,Michael.Nelson@yahoo.com,Michael Nelson,2025-01-29,organic,True,,,,2026-04-24 22:09:13.186774,2026-04-24 22:09:13.186774,Starter,starter,12.0,120.0,15.0,10.0,5,True,2026-04-24 22:09:13.186774,12.0,False
925,608,1,active,monthly,2024-04-01,,0.0,10.0,,,2026-04-24 22:09:13.186774,Link Logic,Healthcare,small,US,United States,America/Los_Angeles,aisha.chen@hotmail.com,Aisha Chen,2024-04-01,organic,True,,,8.0,2026-04-24 22:09:13.186774,2026-04-24 22:09:13.186774,Free,free,0.0,0.0,5.0,3.0,1,True,2026-04-24 22:09:13.186774,0.0,False
926,609,1,active,monthly,2025-07-01,,0.0,0.0,,,2026-04-24 22:09:13.186774,TidalPro,Insurance,small,JP,Japan,Asia/Tokyo,Olga.Martinez@tech.dev,Olga Martinez,2025-07-01,organic,True,,,,2026-04-24 22:09:13.186774,2026-04-24 22:09:13.186774,Free,free,0.0,0.0,5.0,3.0,1,True,2026-04-24 22:09:13.186774,0.0,False
927,610,2,cancelled,monthly,2024-08-02,2025-06-19,12.0,0.0,2024-08-16,Too expensive,2026-04-24 22:09:13.186774,Arc Dev,Telecommunications,medium,US,United States,America/New_York,william.hill@arcdev.com,William Hill,2024-08-02,referral,False,2025-01-26 17:24:56,,,2026-04-24 22:09:13.186774,2026-04-24 22:09:13.186774,Starter,starter,12.0,120.0,15.0,10.0,5,True,2026-04-24 22:09:13.186774,12.0,True
928,610,6,cancelled,monthly,2025-06-19,2025-01-26,99.0,0.0,,,2026-04-24 22:09:13.186774,Arc Dev,Telecommunications,medium,US,United States,America/New_York,william.hill@arcdev.com,William Hill,2024-08-02,referral,False,2025-01-26 17:24:56,,,2026-04-24 22:09:13.186774,2026-04-24 22:09:13.186774,Enterprise,enterprise,99.0,990.0,500.0,,100,True,2026-04-24 22:09:13.186774,99.0,True
929,611,1,cancelled,monthly,2023-07-31,2024-05-04,0.0,0.0,,,2026-04-24 22:09:13.186774,RiftDynamics,Healthcare,small,CA,Canada,America/Toronto,priya.allen@startup.co,Priya Allen,2023-07-31,referral,False,2024-05-04 13:20:46,Integration issues,5.0,2026-04-24 22:09:13.186774,2026-04-24 22:09:13.186774,Free,free,0.0,0.0,5.0,3.0,1,True,2026-04-24 22:09:13.186774,0.0,True
930,612,1,cancelled,monthly,2023-10-04,2024-07-28,0.0,0.0,,Too expensive,2026-04-24 22:09:13.186774,Hub Solutions,E-commerce,small,JP,Japan,Asia/Tokyo,Jessica.Jackson@protonmail.com,Jessica Jackson,2023-10-04,partner,True,,,10.0,2026-04-24 22:09:13.186774,2026-04-24 22:09:13.186774,Free,free,0.0,0.0,5.0,3.0,1,True,2026-04-24 22:09:13.186774,0.0,False
931,612,2,active,monthly,2024-07-28,,12.0,0.0,,,2026-04-24 22:09:13.186774,Hub Solutions,E-commerce,small,JP,Japan,Asia/Tokyo,Jessica.Jackson@protonmail.com,Jessica Jackson,2023-10-04,partner,True,,,10.0,2026-04-24 22:09:13.186774,2026-04-24 22:09:13.186774,Starter,starter,12.0,120.0,15.0,10.0,5,True,2026-04-24 22:09:13.186774,12.0,False
932,613,6,cancelled,annual,2024-10-02,2025-09-10,82.5,0.0,2024-10-16,Budget cuts,2026-04-24 22:09:13.186774,MistStudio,Legal,medium,DE,Germany,Europe/Berlin,olga.rodriguez@company.io,Olga Rodriguez,2024-10-02,partner,True,,,,2026-04-24 22:09:13.186774,2026-04-24 22:09:13.186774,Enterprise,enterprise,99.0,990.0,500.0,,100,True,2026-04-24 22:09:13.186774,99.0,False
933,613,3,expired,monthly,2025-09-10,2025-11-09,19.0,0.0,,Not using it,2026-04-24 22:09:13.186774,MistStudio,Legal,medium,DE,Germany,Europe/Berlin,olga.rodriguez@company.io,Olga Rodriguez,2024-10-02,partner,True,,,,2026-04-24 22:09:13.186774,2026-04-24 22:09:13.186774,Starter Plus,starter,19.0,190.0,25.0,20.0,10,True,2026-04-24 22:09:13.186774,19.0,False
934,613,4,active,monthly,2025-11-09,,39.0,0.0,,,2026-04-24 22:09:13.186774,MistStudio,Legal,medium,DE,Germany,Europe/Berlin,olga.rodriguez@company.io,Olga Rodriguez,2024-10-02,partner,True,,,,2026-04-24 22:09:13.186774,2026-04-24 22:09:13.186774,Professional,professional,39.0,390.0,50.0,50.0,25,True,2026-04-24 22:09:13.186774,39.0,False
935,614,2,active,monthly,2025-04-16,,9.6,20.0,2025-04-30,,2026-04-24 22:09:13.186774,QuestHub,Real Estate,small,FR,France,Europe/Paris,ahmed.hall@corp.net,Ahmed Hall,2025-04-16,organic,True,,,5.0,2026-04-24 22:09:13.186774,2026-04-24 22:09:13.186774,Starter,starter,12.0,120.0,15.0,10.0,5,True,2026-04-24 22:09:13.186774,12.0,False
936,615,2,active,monthly,2024-05-17,,12.0,0.0,2024-05-31,,2026-04-24 22:09:13.186774,Unit Corp,Marketing,small,CA,Canada,America/Toronto,jennifer.young@yahoo.com,Jennifer Young,2024-05-17,event,True,,,6.0,2026-04-24 22:09:13.186774,2026-04-24 22:09:13.186774,Starter,starter,12.0,120.0,15.0,10.0,5,True,2026-04-24 22:09:13.186774,12.0,False
937,616,6,expired,annual,2024-06-23,2025-02-10,82.5,0.0,2024-07-07,Switched competitor,2026-04-24 22:09:13.186774,KiteSolutions,Logistics,medium,GB,United Kingdom,Europe/London,robert.martinez@kitesolutions.com,Robert Martinez,2024-06-23,referral,False,2024-08-01 03:45:14,Integration issues,2.0,2026-04-24 22:09:13.186774,2026-04-24 22:09:13.186774,Enterprise,enterprise,99.0,990.0,500.0,,100,True,2026-04-24 22:09:13.186774,99.0,True
938,616,7,cancelled,annual,2025-02-10,2024-08-01,165.83,0.0,,Not using it,2026-04-24 22:09:13.186774,KiteSolutions,Logistics,medium,GB,United Kingdom,Europe/London,robert.martinez@kitesolutions.com,Robert Martinez,2024-06-23,referral,False,2024-08-01 03:45:14,Integration issues,2.0,2026-04-24 22:09:13.186774,2026-04-24 22:09:13.186774,Enterprise Custom,enterprise,199.0,1990.0,,,500,True,2026-04-24 22:09:13.186774,199.0,True
939,617,2,cancelled,monthly,2025-09-16,2025-11-15,12.0,0.0,2025-09-30,Too expensive,2026-04-24 22:09:13.186774,AcmeHub,Telecommunications,small,US,United States,America/Los_Angeles,jessica.singh@acmehub.com,Jessica Singh,2025-09-16,organic,False,2025-10-18 13:56:48,Outgrew the platform,,2026-04-24 22:09:13.186774,2026-04-24 22:09:13.186774,Starter,starter,12.0,120.0,15.0,10.0,5,True,2026-04-24 22:09:13.186774,12.0,True
940,617,1,cancelled,monthly,2025-11-15,2025-10-18,0.0,0.0,,Too expensive,2026-04-24 22:09:13.186774,AcmeHub,Telecommunications,small,US,United States,America/Los_Angeles,jessica.singh@acmehub.com,Jessica Singh,2025-09-16,organic,False,2025-10-18 13:56:48,Outgrew the platform,,2026-04-24 22:09:13.186774,2026-04-24 22:09:13.186774,Free,free,0.0,0.0,5.0,3.0,1,True,2026-04-24 22:09:13.186774,0.0,True
941,618,3,active,monthly,2024-10-04,,19.0,0.0,2024-10-18,,2026-04-24 22:09:13.186774,Echo Hub,Real Estate,medium,US,United States,America/Los_Angeles,karen.perez@tech.dev,Karen Perez,2024-10-04,event,True,,,2.0,2026-04-24 22:09:13.186774,2026-04-24 22:09:13.186774,Starter Plus,starter,19.0,190.0,25.0,20.0,10,True,2026-04-24 22:09:13.186774,19.0,False
942,619,1,cancelled,annual,2025-01-02,2025-03-03,0.0,0.0,,Too expensive,2026-04-24 22:09:13.186774,Orbit Labs,E-commerce,medium,AU,Australia,Australia/Sydney,elizabeth.thompson@startup.co,Elizabeth Thompson,2025-01-02,referral,True,,,4.0,2026-04-24 22:09:13.186774,2026-04-24 22:09:13.186774,Free,free,0.0,0.0,5.0,3.0,1,True,2026-04-24 22:09:13.186774,0.0,False
943,619,3,active,monthly,2025-03-03,,15.2,20.0,,,2026-04-24 22:09:13.186774,Orbit Labs,E-commerce,medium,AU,Australia,Australia/Sydney,elizabeth.thompson@startup.co,Elizabeth Thompson,2025-01-02,referral,True,,,4.0,2026-04-24 22:09:13.186774,2026-04-24 22:09:13.186774,Starter Plus,starter,19.0,190.0,25.0,20.0,10,True,2026-04-24 22:09:13.186774,19.0,False
944,620,1,cancelled,annual,2024-09-11,2025-01-02,0.0,0.0,,Company reorganization,2026-04-24 22:09:13.186774,OrbitSystems,Education,small,US,United States,America/Chicago,donna.perez@outlook.com,Donna Perez,2024-09-11,organic,False,2025-03-26 11:06:22,Outgrew the platform,1.0,2026-04-24 22:09:13.186774,2026-04-24 22:09:13.186774,Free,free,0.0,0.0,5.0,3.0,1,True,2026-04-24 22:09:13.186774,0.0,True
945,620,3,cancelled,annual,2025-01-02,2025-03-26,15.83,0.0,,Switched competitor,2026-04-24 22:09:13.186774,OrbitSystems,Education,small,US,United States,America/Chicago,donna.perez@outlook.com,Donna Perez,2024-09-11,organic,False,2025-03-26 11:06:22,Outgrew the platform,1.0,2026-04-24 22:09:13.186774,2026-04-24 22:09:13.186774,Starter Plus,starter,19.0,190.0,25.0,20.0,10,True,2026-04-24 22:09:13.186774,19.0,True
946,621,1,cancelled,monthly,2025-06-01,2025-10-03,0.0,0.0,,,2026-04-24 22:09:13.186774,NexusCloud,Healthcare,small,CA,Canada,America/Toronto,wei.white@outlook.com,Wei White,2025-06-01,organic,True,,,8.0,2026-04-24 22:09:13.186774,2026-04-24 22:09:13.186774,Free,free,0.0,0.0,5.0,3.0,1,True,2026-04-24 22:09:13.186774,0.0,False
947,621,2,active,monthly,2025-10-03,,12.0,0.0,,,2026-04-24 22:09:13.186774,NexusCloud,Healthcare,small,CA,Canada,America/Toronto,wei.white@outlook.com,Wei White,2025-06-01,organic,True,,,8.0,2026-04-24 22:09:13.186774,2026-04-24 22:09:13.186774,Starter,starter,12.0,120.0,15.0,10.0,5,True,2026-04-24 22:09:13.186774,12.0,False
948,622,1,active,monthly,2023-11-27,,0.0,0.0,,,2026-04-24 22:09:13.186774,JetLogic,Insurance,enterprise,CA,Canada,America/Toronto,sofia.jones@jetlogic.com,Sofia Jones,2023-11-27,organic,True,,,7.0,2026-04-24 22:09:13.186774,2026-04-24 22:09:13.186774,Free,free,0.0,0.0,5.0,3.0,1,True,2026-04-24 22:09:13.186774,0.0,False
949,623,6,expired,annual,2024-07-16,2025-05-16,74.25,10.0,2024-07-30,Company reorganization,2026-04-24 22:09:13.186774,FluxCorp,Manufacturing,medium,SG,Singapore,Asia/Singapore,lisa.rodriguez@hotmail.com,Lisa Rodriguez,2024-07-16,partner,True,,,8.0,2026-04-24 22:09:13.186774,2026-04-24 22:09:13.186774,Enterprise,enterprise,99.0,990.0,500.0,,100,True,2026-04-24 22:09:13.186774,99.0,False
950,623,2,expired,monthly,2025-05-16,2025-08-13,12.0,0.0,,Budget cuts,2026-04-24 22:09:13.186774,FluxCorp,Manufacturing,medium,SG,Singapore,Asia/Singapore,lisa.rodriguez@hotmail.com,Lisa Rodriguez,2024-07-16,partner,True,,,8.0,2026-04-24 22:09:13.186774,2026-04-24 22:09:13.186774,Starter,starter,12.0,120.0,15.0,10.0,5,True,2026-04-24 22:09:13.186774,12.0,False
951,623,4,active,annual,2025-08-13,,32.5,0.0,,,2026-04-24 22:09:13.186774,FluxCorp,Manufacturing,medium,SG,Singapore,Asia/Singapore,lisa.rodriguez@hotmail.com,Lisa Rodriguez,2024-07-16,partner,True,,,8.0,2026-04-24 22:09:13.186774,2026-04-24 22:09:13.186774,Professional,professional,39.0,390.0,50.0,50.0,25,True,2026-04-24 22:09:13.186774,39.0,False
952,624,1,active,monthly,2023-01-18,,0.0,0.0,,,2026-04-24 22:09:13.186774,ArcDev,Legal,enterprise,FR,France,Europe/Paris,joseph.hall@hotmail.com,Joseph Hall,2023-01-18,referral,True,,,4.0,2026-04-24 22:09:13.186774,2026-04-24 22:09:13.186774,Free,free,0.0,0.0,5.0,3.0,1,True,2026-04-24 22:09:13.186774,0.0,False
953,625,6,active,monthly,2025-04-27,,89.1,10.0,2025-05-11,,2026-04-24 22:09:13.186774,DataStudio,Retail,enterprise,US,United States,America/Los_Angeles,christopher.robinson@startup.co,Christopher Robinson,2025-04-27,referral,True,,,,2026-04-24 22:09:13.186774,2026-04-24 22:09:13.186774,Enterprise,enterprise,99.0,990.0,500.0,,100,True,2026-04-24 22:09:13.186774,99.0,False
954,626,2,cancelled,monthly,2025-06-10,2025-08-07,12.0,0.0,2025-06-24,Company reorganization,2026-04-24 22:09:13.186774,Unit Labs,Legal,medium,IN,India,Asia/Kolkata,patricia.hall@enterprise.com,Patricia Hall,2025-06-10,organic,False,2025-08-07 12:32:29,Company closed,1.0,2026-04-24 22:09:13.186774,2026-04-24 22:09:13.186774,Starter,starter,12.0,120.0,15.0,10.0,5,True,2026-04-24 22:09:13.186774,12.0,True
955,627,5,cancelled,monthly,2024-10-22,2025-01-13,59.0,0.0,2024-11-05,Budget cuts,2026-04-24 22:09:13.186774,Luna IO,Legal,small,FR,France,Europe/Paris,dorothy.hall@company.io,Dorothy Hall,2024-10-22,organic,True,,,4.0,2026-04-24 22:09:13.186774,2026-04-24 22:09:13.186774,Professional Plus,professional,59.0,590.0,100.0,100.0,50,True,2026-04-24 22:09:13.186774,59.0,False
956,627,2,active,monthly,2025-01-13,,12.0,0.0,,,2026-04-24 22:09:13.186774,Luna IO,Legal,small,FR,France,Europe/Paris,dorothy.hall@company.io,Dorothy Hall,2024-10-22,organic,True,,,4.0,2026-04-24 22:09:13.186774,2026-04-24 22:09:13.186774,Starter,starter,12.0,120.0,15.0,10.0,5,True,2026-04-24 22:09:13.186774,12.0,False
957,628,3,active,annual,2024-12-27,,14.25,10.0,2025-01-10,,2026-04-24 22:09:13.186774,Kite Labs,Manufacturing,enterprise,AU,Australia,Australia/Sydney,fatima.robinson@corp.net,Fatima Robinson,2024-12-27,event,True,,,,2026-04-24 22:09:13.186774,2026-04-24 22:09:13.186774,Starter Plus,starter,19.0,190.0,25.0,20.0,10,True,2026-04-24 22:09:13.186774,19.0,False
958,629,2,cancelled,annual,2023-03-21,2023-06-05,7.5,25.0,2023-04-04,Company reorganization,2026-04-24 22:09:13.186774,FlowDev,Finance,large,GB,United Kingdom,Europe/London,betty.flores@tech.dev,Betty Flores,2023-03-21,organic,True,,,6.0,2026-04-24 22:09:13.186774,2026-04-24 22:09:13.186774,Starter,starter,12.0,120.0,15.0,10.0,5,True,2026-04-24 22:09:13.186774,12.0,False
959,629,2,cancelled,annual,2023-06-05,2023-10-01,10.0,0.0,,Budget cuts,2026-04-24 22:09:13.186774,FlowDev,Finance,large,GB,United Kingdom,Europe/London,betty.flores@tech.dev,Betty Flores,2023-03-21,organic,True,,,6.0,2026-04-24 22:09:13.186774,2026-04-24 22:09:13.186774,Starter,starter,12.0,120.0,15.0,10.0,5,True,2026-04-24 22:09:13.186774,12.0,False
960,629,6,active,annual,2023-10-01,,82.5,0.0,,,2026-04-24 22:09:13.186774,FlowDev,Finance,large,GB,United Kingdom,Europe/London,betty.flores@tech.dev,Betty Flores,2023-03-21,organic,True,,,6.0,2026-04-24 22:09:13.186774,2026-04-24 22:09:13.186774,Enterprise,enterprise,99.0,990.0,500.0,,100,True,2026-04-24 22:09:13.186774,99.0,False
961,630,1,expired,monthly,2023-10-16,2024-05-25,0.0,0.0,,Missing features,2026-04-24 22:09:13.186774,Xenon Stack,Manufacturing,small,DE,Germany,Europe/Berlin,michael.miller@xenonstack.com,Michael Miller,2023-10-16,event,False,2024-02-05 16:38:34,Switched to competitor,0.0,2026-04-24 22:09:13.186774,2026-04-24 22:09:13.186774,Free,free,0.0,0.0,5.0,3.0,1,True,2026-04-24 22:09:13.186774,0.0,True
962,630,4,expired,monthly,2024-05-25,2024-10-02,39.0,0.0,,Missing features,2026-04-24 22:09:13.186774,Xenon Stack,Manufacturing,small,DE,Germany,Europe/Berlin,michael.miller@xenonstack.com,Michael Miller,2023-10-16,event,False,2024-02-05 16:38:34,Switched to competitor,0.0,2026-04-24 22:09:13.186774,2026-04-24 22:09:13.186774,Professional,professional,39.0,390.0,50.0,50.0,25,True,2026-04-24 22:09:13.186774,39.0,True
963,630,4,cancelled,monthly,2024-10-02,2024-02-05,39.0,0.0,,Company reorganization,2026-04-24 22:09:13.186774,Xenon Stack,Manufacturing,small,DE,Germany,Europe/Berlin,michael.miller@xenonstack.com,Michael Miller,2023-10-16,event,False,2024-02-05 16:38:34,Switched to competitor,0.0,2026-04-24 22:09:13.186774,2026-04-24 22:09:13.186774,Professional,professional,39.0,390.0,50.0,50.0,25,True,2026-04-24 22:09:13.186774,39.0,True
964,631,3,expired,monthly,2023-04-06,2023-06-17,19.0,0.0,2023-04-20,Missing features,2026-04-24 22:09:13.186774,Cloud Platform,Education,small,BR,Brazil,America/Sao_Paulo,andrew.williams@cloudplatform.com,Andrew Williams,2023-04-06,event,True,,,6.0,2026-04-24 22:09:13.186774,2026-04-24 22:09:13.186774,Starter Plus,starter,19.0,190.0,25.0,20.0,10,True,2026-04-24 22:09:13.186774,19.0,False
965,631,1,active,monthly,2023-06-17,,0.0,0.0,,,2026-04-24 22:09:13.186774,Cloud Platform,Education,small,BR,Brazil,America/Sao_Paulo,andrew.williams@cloudplatform.com,Andrew Williams,2023-04-06,event,True,,,6.0,2026-04-24 22:09:13.186774,2026-04-24 22:09:13.186774,Free,free,0.0,0.0,5.0,3.0,1,True,2026-04-24 22:09:13.186774,0.0,False
966,632,2,active,monthly,2025-04-06,,12.0,0.0,2025-04-20,,2026-04-24 22:09:13.186774,Warp Logic,Legal,small,US,United States,America/Los_Angeles,carlos.baker@warplogic.com,Carlos Baker,2025-04-06,referral,True,,,9.0,2026-04-24 22:09:13.186774,2026-04-24 22:09:13.186774,Starter,starter,12.0,120.0,15.0,10.0,5,True,2026-04-24 22:09:13.186774,12.0,False
967,633,5,cancelled,monthly,2023-06-14,2023-09-24,59.0,0.0,2023-06-28,,2026-04-24 22:09:13.186774,Jet Ops,Consulting,small,SG,Singapore,Asia/Singapore,jennifer.rivera@yahoo.com,Jennifer Rivera,2023-06-14,organic,True,,,10.0,2026-04-24 22:09:13.186774,2026-04-24 22:09:13.186774,Professional Plus,professional,59.0,590.0,100.0,100.0,50,True,2026-04-24 22:09:13.186774,59.0,False
968,633,2,active,annual,2023-09-24,,8.0,20.0,,,2026-04-24 22:09:13.186774,Jet Ops,Consulting,small,SG,Singapore,Asia/Singapore,jennifer.rivera@yahoo.com,Jennifer Rivera,2023-06-14,organic,True,,,10.0,2026-04-24 22:09:13.186774,2026-04-24 22:09:13.186774,Starter,starter,12.0,120.0,15.0,10.0,5,True,2026-04-24 22:09:13.186774,12.0,False
969,634,4,cancelled,monthly,2024-09-13,2024-12-11,39.0,0.0,2024-09-27,,2026-04-24 22:09:13.186774,CoreDigital,Marketing,medium,AU,Australia,Australia/Sydney,john.rivera@hotmail.com,John Rivera,2024-09-13,referral,False,2024-12-11 04:29:02,Integration issues,,2026-04-24 22:09:13.186774,2026-04-24 22:09:13.186774,Professional,professional,39.0,390.0,50.0,50.0,25,True,2026-04-24 22:09:13.186774,39.0,True
970,635,1,active,annual,2023-10-14,,0.0,0.0,,,2026-04-24 22:09:13.186774,Tidal Dynamics,Retail,enterprise,US,United States,America/Chicago,ashley.miller@protonmail.com,Ashley Miller,2023-10-14,referral,True,,,2.0,2026-04-24 22:09:13.186774,2026-04-24 22:09:13.186774,Free,free,0.0,0.0,5.0,3.0,1,True,2026-04-24 22:09:13.186774,0.0,False
971,636,2,active,monthly,2024-02-15,,12.0,0.0,2024-02-29,,2026-04-24 22:09:13.186774,QuarkIO,Insurance,medium,SG,Singapore,Asia/Singapore,david.davis@company.io,David Davis,2024-02-15,paid_ads,True,,,,2026-04-24 22:09:13.186774,2026-04-24 22:09:13.186774,Starter,starter,12.0,120.0,15.0,10.0,5,True,2026-04-24 22:09:13.186774,12.0,False
972,637,1,cancelled,monthly,2024-10-21,2025-09-23,0.0,0.0,,Switched competitor,2026-04-24 22:09:13.186774,CoreStudio,Real Estate,small,IN,India,Asia/Kolkata,jennifer.baker@gmail.com,Jennifer Baker,2024-10-21,organic,False,2025-09-23 00:50:19,Missing features,,2026-04-24 22:09:13.186774,2026-04-24 22:09:13.186774,Free,free,0.0,0.0,5.0,3.0,1,True,2026-04-24 22:09:13.186774,0.0,True
973,638,1,active,annual,2024-10-19,,0.0,20.0,,,2026-04-24 22:09:13.186774,Kite Ventures,Manufacturing,enterprise,US,United States,America/Chicago,joseph.harris@company.io,Joseph Harris,2024-10-19,referral,True,,,,2026-04-24 22:09:13.186774,2026-04-24 22:09:13.186774,Free,free,0.0,0.0,5.0,3.0,1,True,2026-04-24 22:09:13.186774,0.0,False
974,639,1,cancelled,monthly,2024-04-10,2024-09-07,0.0,0.0,,Company reorganization,2026-04-24 22:09:13.186774,ZenHub,Manufacturing,small,US,United States,America/Chicago,charles.perez@zenhub.com,Charles Perez,2024-04-10,organic,False,2024-09-07 23:13:29,Not enough users,1.0,2026-04-24 22:09:13.186774,2026-04-24 22:09:13.186774,Free,free,0.0,0.0,5.0,3.0,1,True,2026-04-24 22:09:13.186774,0.0,True
975,640,1,expired,annual,2025-09-02,2025-11-01,0.0,0.0,,Company reorganization,2026-04-24 22:09:13.186774,MistHub,Telecommunications,enterprise,IN,India,Asia/Kolkata,mei.ramirez@hotmail.com,Mei Ramirez,2025-09-02,paid_ads,True,,,5.0,2026-04-24 22:09:13.186774,2026-04-24 22:09:13.186774,Free,free,0.0,0.0,5.0,3.0,1,True,2026-04-24 22:09:13.186774,0.0,False
976,640,1,active,monthly,2025-11-01,,0.0,0.0,,,2026-04-24 22:09:13.186774,MistHub,Telecommunications,enterprise,IN,India,Asia/Kolkata,mei.ramirez@hotmail.com,Mei Ramirez,2025-09-02,paid_ads,True,,,5.0,2026-04-24 22:09:13.186774,2026-04-24 22:09:13.186774,Free,free,0.0,0.0,5.0,3.0,1,True,2026-04-24 22:09:13.186774,0.0,False
977,641,1,cancelled,monthly,2023-02-25,2023-07-24,0.0,0.0,,Not using it,2026-04-24 22:09:13.186774,Zen Tech,Education,enterprise,FR,France,Europe/Paris,mark.clark@protonmail.com,Mark Clark,2023-02-25,event,False,2025-01-20 16:54:59,Company closed,,2026-04-24 22:09:13.186774,2026-04-24 22:09:13.186774,Free,free,0.0,0.0,5.0,3.0,1,True,2026-04-24 22:09:13.186774,0.0,True
978,641,3,cancelled,monthly,2023-07-24,2024-01-09,19.0,0.0,,Too expensive,2026-04-24 22:09:13.186774,Zen Tech,Education,enterprise,FR,France,Europe/Paris,mark.clark@protonmail.com,Mark Clark,2023-02-25,event,False,2025-01-20 16:54:59,Company closed,,2026-04-24 22:09:13.186774,2026-04-24 22:09:13.186774,Starter Plus,starter,19.0,190.0,25.0,20.0,10,True,2026-04-24 22:09:13.186774,19.0,True
979,641,1,cancelled,annual,2024-01-09,2025-01-20,0.0,0.0,,Missing features,2026-04-24 22:09:13.186774,Zen Tech,Education,enterprise,FR,France,Europe/Paris,mark.clark@protonmail.com,Mark Clark,2023-02-25,event,False,2025-01-20 16:54:59,Company closed,,2026-04-24 22:09:13.186774,2026-04-24 22:09:13.186774,Free,free,0.0,0.0,5.0,3.0,1,True,2026-04-24 22:09:13.186774,0.0,True
980,642,5,active,monthly,2024-12-10,,59.0,0.0,2024-12-24,,2026-04-24 22:09:13.186774,KiteSoftware,Manufacturing,medium,CA,Canada,America/Toronto,paul.hall@startup.co,Paul Hall,2024-12-10,partner,True,,,,2026-04-24 22:09:13.186774,2026-04-24 22:09:13.186774,Professional Plus,professional,59.0,590.0,100.0,100.0,50,True,2026-04-24 22:09:13.186774,59.0,False
981,643,5,cancelled,annual,2025-07-07,2025-10-15,49.17,0.0,2025-07-21,Company reorganization,2026-04-24 22:09:13.186774,EdgePro,Real Estate,small,IN,India,Asia/Kolkata,wei.ivanov@edgepro.com,Wei Ivanov,2025-07-07,referral,True,,,9.0,2026-04-24 22:09:13.186774,2026-04-24 22:09:13.186774,Professional Plus,professional,59.0,590.0,100.0,100.0,50,True,2026-04-24 22:09:13.186774,59.0,False
982,643,6,cancelled,monthly,2025-10-15,2025-12-14,84.15,15.0,,Missing features,2026-04-24 22:09:13.186774,EdgePro,Real Estate,small,IN,India,Asia/Kolkata,wei.ivanov@edgepro.com,Wei Ivanov,2025-07-07,referral,True,,,9.0,2026-04-24 22:09:13.186774,2026-04-24 22:09:13.186774,Enterprise,enterprise,99.0,990.0,500.0,,100,True,2026-04-24 22:09:13.186774,99.0,False
983,643,5,active,monthly,2025-12-14,,59.0,0.0,,,2026-04-24 22:09:13.186774,EdgePro,Real Estate,small,IN,India,Asia/Kolkata,wei.ivanov@edgepro.com,Wei Ivanov,2025-07-07,referral,True,,,9.0,2026-04-24 22:09:13.186774,2026-04-24 22:09:13.186774,Professional Plus,professional,59.0,590.0,100.0,100.0,50,True,2026-04-24 22:09:13.186774,59.0,False
984,644,2,active,monthly,2023-07-15,,12.0,0.0,2023-07-29,,2026-04-24 22:09:13.186774,Nova Pro,E-commerce,medium,FR,France,Europe/Paris,paul.singh@company.io,Paul Singh,2023-07-15,organic,True,,,0.0,2026-04-24 22:09:13.186774,2026-04-24 22:09:13.186774,Starter,starter,12.0,120.0,15.0,10.0,5,True,2026-04-24 22:09:13.186774,12.0,False
985,645,1,cancelled,annual,2025-04-28,2025-10-24,0.0,25.0,,Too expensive,2026-04-24 22:09:13.186774,BoltCloud,Media,enterprise,US,United States,America/Chicago,carlos.young@startup.co,Carlos Young,2025-04-28,referral,True,,,9.0,2026-04-24 22:09:13.186774,2026-04-24 22:09:13.186774,Free,free,0.0,0.0,5.0,3.0,1,True,2026-04-24 22:09:13.186774,0.0,False
986,645,2,active,monthly,2025-10-24,,12.0,0.0,,,2026-04-24 22:09:13.186774,BoltCloud,Media,enterprise,US,United States,America/Chicago,carlos.young@startup.co,Carlos Young,2025-04-28,referral,True,,,9.0,2026-04-24 22:09:13.186774,2026-04-24 22:09:13.186774,Starter,starter,12.0,120.0,15.0,10.0,5,True,2026-04-24 22:09:13.186774,12.0,False
987,646,2,cancelled,monthly,2025-08-18,2025-10-24,12.0,0.0,2025-09-01,Budget cuts,2026-04-24 22:09:13.186774,LunaDynamics,Media,medium,AU,Australia,Australia/Sydney,christopher.nelson@protonmail.com,Christopher Nelson,2025-08-18,referral,True,,,,2026-04-24 22:09:13.186774,2026-04-24 22:09:13.186774,Starter,starter,12.0,120.0,15.0,10.0,5,True,2026-04-24 22:09:13.186774,12.0,False
988,646,3,active,annual,2025-10-24,,15.83,0.0,,,2026-04-24 22:09:13.186774,LunaDynamics,Media,medium,AU,Australia,Australia/Sydney,christopher.nelson@protonmail.com,Christopher Nelson,2025-08-18,referral,True,,,,2026-04-24 22:09:13.186774,2026-04-24 22:09:13.186774,Starter Plus,starter,19.0,190.0,25.0,20.0,10,True,2026-04-24 22:09:13.186774,19.0,False
989,647,2,expired,annual,2023-08-05,2024-05-01,10.0,0.0,2023-08-19,Too expensive,2026-04-24 22:09:13.186774,Vine Hub,Real Estate,medium,US,United States,America/Chicago,aisha.lewis@protonmail.com,Aisha Lewis,2023-08-05,partner,True,,,7.0,2026-04-24 22:09:13.186774,2026-04-24 22:09:13.186774,Starter,starter,12.0,120.0,15.0,10.0,5,True,2026-04-24 22:09:13.186774,12.0,False
990,647,2,expired,annual,2024-05-01,2024-12-19,10.0,0.0,,Budget cuts,2026-04-24 22:09:13.186774,Vine Hub,Real Estate,medium,US,United States,America/Chicago,aisha.lewis@protonmail.com,Aisha Lewis,2023-08-05,partner,True,,,7.0,2026-04-24 22:09:13.186774,2026-04-24 22:09:13.186774,Starter,starter,12.0,120.0,15.0,10.0,5,True,2026-04-24 22:09:13.186774,12.0,False
991,647,5,active,monthly,2024-12-19,,59.0,0.0,,,2026-04-24 22:09:13.186774,Vine Hub,Real Estate,medium,US,United States,America/Chicago,aisha.lewis@protonmail.com,Aisha Lewis,2023-08-05,partner,True,,,7.0,2026-04-24 22:09:13.186774,2026-04-24 22:09:13.186774,Professional Plus,professional,59.0,590.0,100.0,100.0,50,True,2026-04-24 22:09:13.186774,59.0,False
992,648,2,active,monthly,2025-06-19,,12.0,0.0,2025-07-03,,2026-04-24 22:09:13.186774,DriftCorp,Logistics,large,FR,France,Europe/Paris,betty.smith@tech.dev,Betty Smith,2025-06-19,organic,True,,,10.0,2026-04-24 22:09:13.186774,2026-04-24 22:09:13.186774,Starter,starter,12.0,120.0,15.0,10.0,5,True,2026-04-24 22:09:13.186774,12.0,False
993,649,5,active,monthly,2023-06-24,,59.0,0.0,2023-07-08,,2026-04-24 22:09:13.186774,Arc AI,Technology,small,US,United States,America/Los_Angeles,mei.white@corp.net,Mei White,2023-06-24,partner,True,,,,2026-04-24 22:09:13.186774,2026-04-24 22:09:13.186774,Professional Plus,professional,59.0,590.0,100.0,100.0,50,True,2026-04-24 22:09:13.186774,59.0,False
994,650,3,active,annual,2023-11-22,,15.83,0.0,2023-12-06,,2026-04-24 22:09:13.186774,Peak Logic,Retail,small,BR,Brazil,America/Sao_Paulo,margaret.rodriguez@yahoo.com,Margaret Rodriguez,2023-11-22,paid_ads,True,,,3.0,2026-04-24 22:09:13.186774,2026-04-24 22:09:13.186774,Starter Plus,starter,19.0,190.0,25.0,20.0,10,True,2026-04-24 22:09:13.186774,19.0,False
995,651,2,cancelled,annual,2024-07-10,2025-05-21,10.0,0.0,2024-07-24,Missing features,2026-04-24 22:09:13.186774,Ultra Software,Healthcare,small,US,United States,America/New_York,margaret.smith@gmail.com,Margaret Smith,2024-07-10,paid_ads,True,,,7.0,2026-04-24 22:09:13.186774,2026-04-24 22:09:13.186774,Starter,starter,12.0,120.0,15.0,10.0,5,True,2026-04-24 22:09:13.186774,12.0,False
996,651,3,active,annual,2025-05-21,,15.83,0.0,,,2026-04-24 22:09:13.186774,Ultra Software,Healthcare,small,US,United States,America/New_York,margaret.smith@gmail.com,Margaret Smith,2024-07-10,paid_ads,True,,,7.0,2026-04-24 22:09:13.186774,2026-04-24 22:09:13.186774,Starter Plus,starter,19.0,190.0,25.0,20.0,10,True,2026-04-24 22:09:13.186774,19.0,False
997,652,3,expired,annual,2025-04-06,2025-06-11,15.83,0.0,2025-04-20,Not using it,2026-04-24 22:09:13.186774,DriftStack,Marketing,small,GB,United Kingdom,Europe/London,raj.anderson@hotmail.com,Raj Anderson,2025-04-06,organic,True,,,,2026-04-24 22:09:13.186774,2026-04-24 22:09:13.186774,Starter Plus,starter,19.0,190.0,25.0,20.0,10,True,2026-04-24 22:09:13.186774,19.0,False
998,652,3,active,annual,2025-06-11,,15.83,0.0,,,2026-04-24 22:09:13.186774,DriftStack,Marketing,small,GB,United Kingdom,Europe/London,raj.anderson@hotmail.com,Raj Anderson,2025-04-06,organic,True,,,,2026-04-24 22:09:13.186774,2026-04-24 22:09:13.186774,Starter Plus,starter,19.0,190.0,25.0,20.0,10,True,2026-04-24 22:09:13.186774,19.0,False
999,653,1,active,annual,2023-10-17,,0.0,0.0,,,2026-04-24 22:09:13.186774,RushTech,Logistics,small,SG,Singapore,Asia/Singapore,emily.miller@rushtech.com,Emily Miller,2023-10-17,organic,True,,,2.0,2026-04-24 22:09:13.186774,2026-04-24 22:09:13.186774,Free,free,0.0,0.0,5.0,3.0,1,True,2026-04-24 22:09:13.186774,0.0,False
1000,654,3,expired,monthly,2024-04-06,2025-03-24,14.25,25.0,2024-04-20,Budget cuts,2026-04-24 22:09:13.186774,Bolt Corp,Healthcare,medium,SG,Singapore,Asia/Singapore,robert.wilson@company.io,Robert Wilson,2024-04-06,paid_ads,True,,,0.0,2026-04-24 22:09:13.186774,2026-04-24 22:09:13.186774,Starter Plus,starter,19.0,190.0,25.0,20.0,10,True,2026-04-24 22:09:13.186774,19.0,False
1001,654,6,expired,monthly,2025-03-24,2025-08-25,99.0,0.0,,Company reorganization,2026-04-24 22:09:13.186774,Bolt Corp,Healthcare,medium,SG,Singapore,Asia/Singapore,robert.wilson@company.io,Robert Wilson,2024-04-06,paid_ads,True,,,0.0,2026-04-24 22:09:13.186774,2026-04-24 22:09:13.186774,Enterprise,enterprise,99.0,990.0,500.0,,100,True,2026-04-24 22:09:13.186774,99.0,False
1002,654,4,active,monthly,2025-08-25,,39.0,0.0,,,2026-04-24 22:09:13.186774,Bolt Corp,Healthcare,medium,SG,Singapore,Asia/Singapore,robert.wilson@company.io,Robert Wilson,2024-04-06,paid_ads,True,,,0.0,2026-04-24 22:09:13.186774,2026-04-24 22:09:13.186774,Professional,professional,39.0,390.0,50.0,50.0,25,True,2026-04-24 22:09:13.186774,39.0,False
1003,655,3,expired,monthly,2024-06-18,2025-01-29,19.0,0.0,2024-07-02,Missing features,2026-04-24 22:09:13.186774,QuestVentures,Retail,small,US,United States,America/Chicago,lisa.thompson@questventures.com,Lisa Thompson,2024-06-18,partner,True,,,,2026-04-24 22:09:13.186774,2026-04-24 22:09:13.186774,Starter Plus,starter,19.0,190.0,25.0,20.0,10,True,2026-04-24 22:09:13.186774,19.0,False
1004,655,7,active,monthly,2025-01-29,,199.0,0.0,,,2026-04-24 22:09:13.186774,QuestVentures,Retail,small,US,United States,America/Chicago,lisa.thompson@questventures.com,Lisa Thompson,2024-06-18,partner,True,,,,2026-04-24 22:09:13.186774,2026-04-24 22:09:13.186774,Enterprise Custom,enterprise,199.0,1990.0,,,500,True,2026-04-24 22:09:13.186774,199.0,False
1005,656,1,active,annual,2023-03-27,,0.0,0.0,,,2026-04-24 22:09:13.186774,MistLabs,Media,medium,US,United States,America/Los_Angeles,susan.white@mistlabs.com,Susan White,2023-03-27,event,True,,,,2026-04-24 22:09:13.186774,2026-04-24 22:09:13.186774,Free,free,0.0,0.0,5.0,3.0,1,True,2026-04-24 22:09:13.186774,0.0,False
1006,657,2,cancelled,annual,2025-08-02,2025-10-21,8.5,15.0,2025-08-16,Switched competitor,2026-04-24 22:09:13.186774,Flow Studio,Legal,medium,SG,Singapore,Asia/Singapore,christopher.robinson@tech.dev,Christopher Robinson,2025-08-02,event,False,2025-09-17 19:01:29,Missing features,,2026-04-24 22:09:13.186774,2026-04-24 22:09:13.186774,Starter,starter,12.0,120.0,15.0,10.0,5,True,2026-04-24 22:09:13.186774,12.0,True
1007,657,4,cancelled,annual,2025-10-21,2025-09-17,29.25,10.0,,Too expensive,2026-04-24 22:09:13.186774,Flow Studio,Legal,medium,SG,Singapore,Asia/Singapore,christopher.robinson@tech.dev,Christopher Robinson,2025-08-02,event,False,2025-09-17 19:01:29,Missing features,,2026-04-24 22:09:13.186774,2026-04-24 22:09:13.186774,Professional,professional,39.0,390.0,50.0,50.0,25,True,2026-04-24 22:09:13.186774,39.0,True
1008,658,1,expired,monthly,2024-03-09,2024-09-18,0.0,0.0,,Switched competitor,2026-04-24 22:09:13.186774,ZenSystems,Insurance,medium,DE,Germany,Europe/Berlin,william.muller@startup.co,William Muller,2024-03-09,referral,True,,,6.0,2026-04-24 22:09:13.186774,2026-04-24 22:09:13.186774,Free,free,0.0,0.0,5.0,3.0,1,True,2026-04-24 22:09:13.186774,0.0,False
1009,658,5,active,monthly,2024-09-18,,59.0,0.0,,,2026-04-24 22:09:13.186774,ZenSystems,Insurance,medium,DE,Germany,Europe/Berlin,william.muller@startup.co,William Muller,2024-03-09,referral,True,,,6.0,2026-04-24 22:09:13.186774,2026-04-24 22:09:13.186774,Professional Plus,professional,59.0,590.0,100.0,100.0,50,True,2026-04-24 22:09:13.186774,59.0,False
1010,659,3,expired,monthly,2023-09-17,2024-04-05,19.0,0.0,2023-10-01,,2026-04-24 22:09:13.186774,MistLogic,Real Estate,small,IN,India,Asia/Kolkata,aisha.ivanov@gmail.com,Aisha Ivanov,2023-09-17,organic,True,,,9.0,2026-04-24 22:09:13.186774,2026-04-24 22:09:13.186774,Starter Plus,starter,19.0,190.0,25.0,20.0,10,True,2026-04-24 22:09:13.186774,19.0,False
1011,659,5,active,monthly,2024-04-05,,59.0,0.0,,,2026-04-24 22:09:13.186774,MistLogic,Real Estate,small,IN,India,Asia/Kolkata,aisha.ivanov@gmail.com,Aisha Ivanov,2023-09-17,organic,True,,,9.0,2026-04-24 22:09:13.186774,2026-04-24 22:09:13.186774,Professional Plus,professional,59.0,590.0,100.0,100.0,50,True,2026-04-24 22:09:13.186774,59.0,False
1012,660,2,active,monthly,2023-08-07,,12.0,0.0,2023-08-21,,2026-04-24 22:09:13.186774,Nova Ops,Marketing,small,US,United States,America/Los_Angeles,lars.lee@gmail.com,Lars Lee,2023-08-07,partner,True,,,,2026-04-24 22:09:13.186774,2026-04-24 22:09:13.186774,Starter,starter,12.0,120.0,15.0,10.0,5,True,2026-04-24 22:09:13.186774,12.0,False
1013,661,4,expired,annual,2024-10-23,2025-05-23,29.25,10.0,2024-11-06,Too expensive,2026-04-24 22:09:13.186774,MistSoftware,Healthcare,medium,DE,Germany,Europe/Berlin,yuki.hill@outlook.com,Yuki Hill,2024-10-23,organic,True,,,,2026-04-24 22:09:13.186774,2026-04-24 22:09:13.186774,Professional,professional,39.0,390.0,50.0,50.0,25,True,2026-04-24 22:09:13.186774,39.0,False
1014,661,7,active,monthly,2025-05-23,,179.1,10.0,,,2026-04-24 22:09:13.186774,MistSoftware,Healthcare,medium,DE,Germany,Europe/Berlin,yuki.hill@outlook.com,Yuki Hill,2024-10-23,organic,True,,,,2026-04-24 22:09:13.186774,2026-04-24 22:09:13.186774,Enterprise Custom,enterprise,199.0,1990.0,,,500,True,2026-04-24 22:09:13.186774,199.0,False
1015,662,1,cancelled,monthly,2024-08-13,2024-09-25,0.0,0.0,,Company reorganization,2026-04-24 22:09:13.186774,Flux IO,Technology,small,AU,Australia,Australia/Sydney,linda.davis@corp.net,Linda Davis,2024-08-13,organic,False,2024-09-25 20:29:33,,,2026-04-24 22:09:13.186774,2026-04-24 22:09:13.186774,Free,free,0.0,0.0,5.0,3.0,1,True,2026-04-24 22:09:13.186774,0.0,True
1016,663,5,cancelled,annual,2024-02-14,2024-11-13,49.17,0.0,2024-02-28,Not using it,2026-04-24 22:09:13.186774,Peak Labs,Healthcare,medium,US,United States,America/Chicago,dmitri.tanaka@company.io,Dmitri Tanaka,2024-02-14,organic,False,2024-11-13 05:59:55,Not enough users,,2026-04-24 22:09:13.186774,2026-04-24 22:09:13.186774,Professional Plus,professional,59.0,590.0,100.0,100.0,50,True,2026-04-24 22:09:13.186774,59.0,True
1017,664,3,active,monthly,2023-11-27,,19.0,0.0,2023-12-11,,2026-04-24 22:09:13.186774,FluxStack,Healthcare,enterprise,IN,India,Asia/Kolkata,Donna.Miller@fluxstack.com,Donna Miller,2023-11-27,partner,True,,,,2026-04-24 22:09:13.186774,2026-04-24 22:09:13.186774,Starter Plus,starter,19.0,190.0,25.0,20.0,10,True,2026-04-24 22:09:13.186774,19.0,False
1018,665,2,cancelled,monthly,2023-12-04,2024-11-24,12.0,0.0,2023-12-18,Missing features,2026-04-24 22:09:13.186774,Xenon Dynamics,Technology,large,US,United States,America/New_York,Thomas.Muller@xenondynamics.com,Thomas Muller,2023-12-04,organic,True,,,,2026-04-24 22:09:13.186774,2026-04-24 22:09:13.186774,Starter,starter,12.0,120.0,15.0,10.0,5,True,2026-04-24 22:09:13.186774,12.0,False
1019,665,6,active,monthly,2024-11-24,,99.0,0.0,,,2026-04-24 22:09:13.186774,Xenon Dynamics,Technology,large,US,United States,America/New_York,Thomas.Muller@xenondynamics.com,Thomas Muller,2023-12-04,organic,True,,,,2026-04-24 22:09:13.186774,2026-04-24 22:09:13.186774,Enterprise,enterprise,99.0,990.0,500.0,,100,True,2026-04-24 22:09:13.186774,99.0,False
1020,666,4,expired,annual,2024-11-15,2025-02-14,32.5,0.0,2024-11-29,,2026-04-24 22:09:13.186774,Ion Ventures,Consulting,small,US,United States,America/Los_Angeles,charles.martinez@startup.co,Charles Martinez,2024-11-15,event,False,2025-07-07 21:29:06,Missing features,5.0,2026-04-24 22:09:13.186774,2026-04-24 22:09:13.186774,Professional,professional,39.0,390.0,50.0,50.0,25,True,2026-04-24 22:09:13.186774,39.0,True
1021,666,5,cancelled,monthly,2025-02-14,2025-07-07,59.0,0.0,,Missing features,2026-04-24 22:09:13.186774,Ion Ventures,Consulting,small,US,United States,America/Los_Angeles,charles.martinez@startup.co,Charles Martinez,2024-11-15,event,False,2025-07-07 21:29:06,Missing features,5.0,2026-04-24 22:09:13.186774,2026-04-24 22:09:13.186774,Professional Plus,professional,59.0,590.0,100.0,100.0,50,True,2026-04-24 22:09:13.186774,59.0,True
1022,667,2,cancelled,monthly,2024-04-24,2024-07-18,12.0,0.0,2024-05-08,Missing features,2026-04-24 22:09:13.186774,PulseOps,Retail,small,FR,France,Europe/Paris,robert.jones@gmail.com,Robert Jones,2024-04-24,partner,True,,,3.0,2026-04-24 22:09:13.186774,2026-04-24 22:09:13.186774,Starter,starter,12.0,120.0,15.0,10.0,5,True,2026-04-24 22:09:13.186774,12.0,False
1023,667,1,active,annual,2024-07-18,,0.0,0.0,,,2026-04-24 22:09:13.186774,PulseOps,Retail,small,FR,France,Europe/Paris,robert.jones@gmail.com,Robert Jones,2024-04-24,partner,True,,,3.0,2026-04-24 22:09:13.186774,2026-04-24 22:09:13.186774,Free,free,0.0,0.0,5.0,3.0,1,True,2026-04-24 22:09:13.186774,0.0,False
1024,668,2,expired,monthly,2023-08-13,2024-06-10,10.2,15.0,2023-08-27,Missing features,2026-04-24 22:09:13.186774,LinkHub,Retail,small,DE,Germany,Europe/Berlin,yuki.robinson@outlook.com,Yuki Robinson,2023-08-13,partner,True,,,7.0,2026-04-24 22:09:13.186774,2026-04-24 22:09:13.186774,Starter,starter,12.0,120.0,15.0,10.0,5,True,2026-04-24 22:09:13.186774,12.0,False
1025,668,5,expired,annual,2024-06-10,2024-11-19,49.17,0.0,,,2026-04-24 22:09:13.186774,LinkHub,Retail,small,DE,Germany,Europe/Berlin,yuki.robinson@outlook.com,Yuki Robinson,2023-08-13,partner,True,,,7.0,2026-04-24 22:09:13.186774,2026-04-24 22:09:13.186774,Professional Plus,professional,59.0,590.0,100.0,100.0,50,True,2026-04-24 22:09:13.186774,59.0,False
1026,668,4,active,annual,2024-11-19,,32.5,0.0,,,2026-04-24 22:09:13.186774,LinkHub,Retail,small,DE,Germany,Europe/Berlin,yuki.robinson@outlook.com,Yuki Robinson,2023-08-13,partner,True,,,7.0,2026-04-24 22:09:13.186774,2026-04-24 22:09:13.186774,Professional,professional,39.0,390.0,50.0,50.0,25,True,2026-04-24 22:09:13.186774,39.0,False
1027,669,1,cancelled,monthly,2023-09-04,2024-09-25,0.0,0.0,,Not using it,2026-04-24 22:09:13.186774,Rush Corp,Finance,large,DE,Germany,Europe/Berlin,kenji.torres@outlook.com,Kenji Torres,2023-09-04,referral,False,2024-09-25 22:48:26,No longer needed,3.0,2026-04-24 22:09:13.186774,2026-04-24 22:09:13.186774,Free,free,0.0,0.0,5.0,3.0,1,True,2026-04-24 22:09:13.186774,0.0,True
1028,670,1,cancelled,monthly,2024-01-14,2025-06-30,0.0,0.0,,Not using it,2026-04-24 22:09:13.186774,Jade Tech,Marketing,medium,GB,United Kingdom,Europe/London,elizabeth.sanchez@gmail.com,Elizabeth Sanchez,2024-01-14,organic,False,2025-06-30 19:11:08,Budget cuts,,2026-04-24 22:09:13.186774,2026-04-24 22:09:13.186774,Free,free,0.0,0.0,5.0,3.0,1,True,2026-04-24 22:09:13.186774,0.0,True
1029,671,2,expired,monthly,2023-08-13,2023-11-16,12.0,0.0,2023-08-27,Budget cuts,2026-04-24 22:09:13.186774,Luna Group,Education,medium,BR,Brazil,America/Sao_Paulo,ashley.king@hotmail.com,Ashley King,2023-08-13,referral,False,2023-11-06 10:32:36,Integration issues,0.0,2026-04-24 22:09:13.186774,2026-04-24 22:09:13.186774,Starter,starter,12.0,120.0,15.0,10.0,5,True,2026-04-24 22:09:13.186774,12.0,True
1030,671,1,expired,monthly,2023-11-16,2024-10-06,0.0,0.0,,Not using it,2026-04-24 22:09:13.186774,Luna Group,Education,medium,BR,Brazil,America/Sao_Paulo,ashley.king@hotmail.com,Ashley King,2023-08-13,referral,False,2023-11-06 10:32:36,Integration issues,0.0,2026-04-24 22:09:13.186774,2026-04-24 22:09:13.186774,Free,free,0.0,0.0,5.0,3.0,1,True,2026-04-24 22:09:13.186774,0.0,True
1031,671,2,cancelled,monthly,2024-10-06,2023-11-06,12.0,0.0,,Too expensive,2026-04-24 22:09:13.186774,Luna Group,Education,medium,BR,Brazil,America/Sao_Paulo,ashley.king@hotmail.com,Ashley King,2023-08-13,referral,False,2023-11-06 10:32:36,Integration issues,0.0,2026-04-24 22:09:13.186774,2026-04-24 22:09:13.186774,Starter,starter,12.0,120.0,15.0,10.0,5,True,2026-04-24 22:09:13.186774,12.0,True
1032,672,2,active,monthly,2023-06-25,,12.0,0.0,2023-07-09,,2026-04-24 22:09:13.186774,RushPlatform,Legal,large,AU,Australia,Australia/Sydney,betty.sanchez@protonmail.com,Betty Sanchez,2023-06-25,event,True,,,6.0,2026-04-24 22:09:13.186774,2026-04-24 22:09:13.186774,Starter,starter,12.0,120.0,15.0,10.0,5,True,2026-04-24 22:09:13.186774,12.0,False
1033,673,5,active,monthly,2023-12-07,,53.1,10.0,2023-12-21,,2026-04-24 22:09:13.186774,Glow Net,Real Estate,medium,FR,France,Europe/Paris,karen.hall@outlook.com,Karen Hall,2023-12-07,referral,True,,,0.0,2026-04-24 22:09:13.186774,2026-04-24 22:09:13.186774,Professional Plus,professional,59.0,590.0,100.0,100.0,50,True,2026-04-24 22:09:13.186774,59.0,False
1034,674,2,cancelled,monthly,2024-04-28,2024-06-10,12.0,0.0,2024-05-12,Missing features,2026-04-24 22:09:13.186774,Quark Tech,Finance,large,US,United States,America/New_York,joshua.thompson@enterprise.com,Joshua Thompson,2024-04-28,event,False,2024-06-10 12:11:18,Integration issues,,2026-04-24 22:09:13.186774,2026-04-24 22:09:13.186774,Starter,starter,12.0,120.0,15.0,10.0,5,True,2026-04-24 22:09:13.186774,12.0,True
1035,675,2,active,annual,2024-07-12,,10.0,0.0,2024-07-26,,2026-04-24 22:09:13.186774,OrbitDev,Insurance,small,US,United States,America/Chicago,michael.martin@enterprise.com,Michael Martin,2024-07-12,organic,True,,,7.0,2026-04-24 22:09:13.186774,2026-04-24 22:09:13.186774,Starter,starter,12.0,120.0,15.0,10.0,5,True,2026-04-24 22:09:13.186774,12.0,False
1036,676,1,cancelled,annual,2023-01-22,2024-11-19,0.0,0.0,,Company reorganization,2026-04-24 22:09:13.186774,WaveCloud,Telecommunications,medium,SG,Singapore,Asia/Singapore,ana.santos@tech.dev,Ana Santos,2023-01-22,paid_ads,False,2024-11-19 09:47:56,Missing features,,2026-04-24 22:09:13.186774,2026-04-24 22:09:13.186774,Free,free,0.0,0.0,5.0,3.0,1,True,2026-04-24 22:09:13.186774,0.0,True
1037,677,5,active,monthly,2024-04-05,,59.0,0.0,2024-04-19,,2026-04-24 22:09:13.186774,SageCorp,Legal,small,GB,United Kingdom,Europe/London,matthew.green@tech.dev,Matthew Green,2024-04-05,paid_ads,True,,,,2026-04-24 22:09:13.186774,2026-04-24 22:09:13.186774,Professional Plus,professional,59.0,590.0,100.0,100.0,50,True,2026-04-24 22:09:13.186774,59.0,False
1038,678,3,active,annual,2025-05-04,,13.46,15.0,2025-05-18,,2026-04-24 22:09:13.186774,QuarkOps,Marketing,medium,BR,Brazil,America/Sao_Paulo,anthony.moore@tech.dev,Anthony Moore,2025-05-04,organic,True,,,7.0,2026-04-24 22:09:13.186774,2026-04-24 22:09:13.186774,Starter Plus,starter,19.0,190.0,25.0,20.0,10,True,2026-04-24 22:09:13.186774,19.0,False
1039,679,2,expired,monthly,2023-01-16,2023-07-05,12.0,0.0,2023-01-30,Switched competitor,2026-04-24 22:09:13.186774,Rift Digital,Media,small,BR,Brazil,America/Sao_Paulo,kimberly.nelson@outlook.com,Kimberly Nelson,2023-01-16,referral,True,,,9.0,2026-04-24 22:09:13.186774,2026-04-24 22:09:13.186774,Starter,starter,12.0,120.0,15.0,10.0,5,True,2026-04-24 22:09:13.186774,12.0,False
1040,679,2,cancelled,monthly,2023-07-05,2024-05-19,12.0,0.0,,Switched competitor,2026-04-24 22:09:13.186774,Rift Digital,Media,small,BR,Brazil,America/Sao_Paulo,kimberly.nelson@outlook.com,Kimberly Nelson,2023-01-16,referral,True,,,9.0,2026-04-24 22:09:13.186774,2026-04-24 22:09:13.186774,Starter,starter,12.0,120.0,15.0,10.0,5,True,2026-04-24 22:09:13.186774,12.0,False
1041,679,4,active,monthly,2024-05-19,,39.0,0.0,,,2026-04-24 22:09:13.186774,Rift Digital,Media,small,BR,Brazil,America/Sao_Paulo,kimberly.nelson@outlook.com,Kimberly Nelson,2023-01-16,referral,True,,,9.0,2026-04-24 22:09:13.186774,2026-04-24 22:09:13.186774,Professional,professional,39.0,390.0,50.0,50.0,25,True,2026-04-24 22:09:13.186774,39.0,False
1042,680,2,active,monthly,2024-05-29,,12.0,0.0,2024-06-12,,2026-04-24 22:09:13.186774,DataIO,Manufacturing,small,SG,Singapore,Asia/Singapore,Dmitri.Smith@protonmail.com,Dmitri Smith,2024-05-29,paid_ads,True,,,,2026-04-24 22:09:13.186774,2026-04-24 22:09:13.186774,Starter,starter,12.0,120.0,15.0,10.0,5,True,2026-04-24 22:09:13.186774,12.0,False
1043,681,1,active,annual,2024-10-14,,0.0,0.0,,,2026-04-24 22:09:13.186774,Unit Software,Manufacturing,medium,US,United States,America/Chicago,Christopher.Anderson@hotmail.com,Christopher Anderson,2024-10-14,event,True,,,10.0,2026-04-24 22:09:13.186774,2026-04-24 22:09:13.186774,Free,free,0.0,0.0,5.0,3.0,1,True,2026-04-24 22:09:13.186774,0.0,False
1044,682,3,cancelled,monthly,2023-11-05,2024-05-26,16.15,15.0,2023-11-19,Missing features,2026-04-24 22:09:13.186774,KeenCorp,Marketing,enterprise,BR,Brazil,America/Sao_Paulo,david.baker@startup.co,David Baker,2023-11-05,referral,True,,,10.0,2026-04-24 22:09:13.186774,2026-04-24 22:09:13.186774,Starter Plus,starter,19.0,190.0,25.0,20.0,10,True,2026-04-24 22:09:13.186774,19.0,False
1045,682,6,active,monthly,2024-05-26,,99.0,0.0,,,2026-04-24 22:09:13.186774,KeenCorp,Marketing,enterprise,BR,Brazil,America/Sao_Paulo,david.baker@startup.co,David Baker,2023-11-05,referral,True,,,10.0,2026-04-24 22:09:13.186774,2026-04-24 22:09:13.186774,Enterprise,enterprise,99.0,990.0,500.0,,100,True,2026-04-24 22:09:13.186774,99.0,False
1046,683,1,expired,annual,2024-04-17,2025-02-27,0.0,25.0,,Budget cuts,2026-04-24 22:09:13.186774,Core Net,Marketing,medium,SG,Singapore,Asia/Singapore,yuki.thompson@startup.co,Yuki Thompson,2024-04-17,organic,False,2025-07-25 02:49:15,Too expensive,,2026-04-24 22:09:13.186774,2026-04-24 22:09:13.186774,Free,free,0.0,0.0,5.0,3.0,1,True,2026-04-24 22:09:13.186774,0.0,True
1047,683,5,cancelled,annual,2025-02-27,2025-07-25,44.25,10.0,,Missing features,2026-04-24 22:09:13.186774,Core Net,Marketing,medium,SG,Singapore,Asia/Singapore,yuki.thompson@startup.co,Yuki Thompson,2024-04-17,organic,False,2025-07-25 02:49:15,Too expensive,,2026-04-24 22:09:13.186774,2026-04-24 22:09:13.186774,Professional Plus,professional,59.0,590.0,100.0,100.0,50,True,2026-04-24 22:09:13.186774,59.0,True
1048,684,2,active,monthly,2025-05-15,,12.0,0.0,2025-05-29,,2026-04-24 22:09:13.186774,Tidal Platform,Real Estate,medium,IN,India,Asia/Kolkata,david.flores@tidalplatform.com,David Flores,2025-05-15,referral,True,,,0.0,2026-04-24 22:09:13.186774,2026-04-24 22:09:13.186774,Starter,starter,12.0,120.0,15.0,10.0,5,True,2026-04-24 22:09:13.186774,12.0,False
1049,685,3,active,annual,2024-08-21,,15.83,0.0,2024-09-04,,2026-04-24 22:09:13.186774,Peak Systems,Marketing,medium,US,United States,America/Chicago,sofia.jackson@peaksystems.com,Sofia Jackson,2024-08-21,organic,True,,,,2026-04-24 22:09:13.186774,2026-04-24 22:09:13.186774,Starter Plus,starter,19.0,190.0,25.0,20.0,10,True,2026-04-24 22:09:13.186774,19.0,False
1050,686,1,active,annual,2023-11-15,,0.0,10.0,,,2026-04-24 22:09:13.186774,SageSoftware,Media,large,CA,Canada,America/Toronto,david.anderson@yahoo.com,David Anderson,2023-11-15,referral,True,,,,2026-04-24 22:09:13.186774,2026-04-24 22:09:13.186774,Free,free,0.0,0.0,5.0,3.0,1,True,2026-04-24 22:09:13.186774,0.0,False
1051,687,1,expired,monthly,2024-03-30,2024-09-02,0.0,0.0,,Too expensive,2026-04-24 22:09:13.186774,Edge Labs,Finance,medium,US,United States,America/Chicago,dorothy.miller@gmail.com,Dorothy Miller,2024-03-30,event,True,,,,2026-04-24 22:09:13.186774,2026-04-24 22:09:13.186774,Free,free,0.0,0.0,5.0,3.0,1,True,2026-04-24 22:09:13.186774,0.0,False
1052,687,3,cancelled,monthly,2024-09-02,2025-05-09,17.1,10.0,,Missing features,2026-04-24 22:09:13.186774,Edge Labs,Finance,medium,US,United States,America/Chicago,dorothy.miller@gmail.com,Dorothy Miller,2024-03-30,event,True,,,,2026-04-24 22:09:13.186774,2026-04-24 22:09:13.186774,Starter Plus,starter,19.0,190.0,25.0,20.0,10,True,2026-04-24 22:09:13.186774,19.0,False
1053,687,6,active,annual,2025-05-09,,82.5,0.0,,,2026-04-24 22:09:13.186774,Edge Labs,Finance,medium,US,United States,America/Chicago,dorothy.miller@gmail.com,Dorothy Miller,2024-03-30,event,True,,,,2026-04-24 22:09:13.186774,2026-04-24 22:09:13.186774,Enterprise,enterprise,99.0,990.0,500.0,,100,True,2026-04-24 22:09:13.186774,99.0,False
1054,688,1,active,monthly,2023-05-30,,0.0,0.0,,,2026-04-24 22:09:13.186774,ZenIO,Retail,small,JP,Japan,Asia/Tokyo,thomas.ivanov@zenio.com,Thomas Ivanov,2023-05-30,partner,True,,,9.0,2026-04-24 22:09:13.186774,2026-04-24 22:09:13.186774,Free,free,0.0,0.0,5.0,3.0,1,True,2026-04-24 22:09:13.186774,0.0,False
1055,689,1,expired,monthly,2024-11-14,2025-06-27,0.0,10.0,,Missing features,2026-04-24 22:09:13.186774,KiteDev,Media,small,CA,Canada,America/Toronto,donald.jackson@corp.net,Donald Jackson,2024-11-14,referral,True,,,9.0,2026-04-24 22:09:13.186774,2026-04-24 22:09:13.186774,Free,free,0.0,0.0,5.0,3.0,1,True,2026-04-24 22:09:13.186774,0.0,False
1056,689,1,active,monthly,2025-06-27,,0.0,0.0,,,2026-04-24 22:09:13.186774,KiteDev,Media,small,CA,Canada,America/Toronto,donald.jackson@corp.net,Donald Jackson,2024-11-14,referral,True,,,9.0,2026-04-24 22:09:13.186774,2026-04-24 22:09:13.186774,Free,free,0.0,0.0,5.0,3.0,1,True,2026-04-24 22:09:13.186774,0.0,False
1057,690,4,expired,monthly,2023-12-30,2024-06-01,39.0,0.0,2024-01-13,Company reorganization,2026-04-24 22:09:13.186774,HubVentures,Real Estate,small,US,United States,America/New_York,raj.adams@gmail.com,Raj Adams,2023-12-30,event,True,,,9.0,2026-04-24 22:09:13.186774,2026-04-24 22:09:13.186774,Professional,professional,39.0,390.0,50.0,50.0,25,True,2026-04-24 22:09:13.186774,39.0,False
1058,690,3,active,annual,2024-06-01,,12.67,20.0,,,2026-04-24 22:09:13.186774,HubVentures,Real Estate,small,US,United States,America/New_York,raj.adams@gmail.com,Raj Adams,2023-12-30,event,True,,,9.0,2026-04-24 22:09:13.186774,2026-04-24 22:09:13.186774,Starter Plus,starter,19.0,190.0,25.0,20.0,10,True,2026-04-24 22:09:13.186774,19.0,False
1059,691,4,expired,annual,2024-11-02,2025-02-15,32.5,0.0,2024-11-16,Not using it,2026-04-24 22:09:13.186774,AcmeSolutions,Retail,enterprise,JP,Japan,Asia/Tokyo,susan.thompson@acmesolutions.com,Susan Thompson,2024-11-02,paid_ads,False,2025-08-13 17:44:32,,3.0,2026-04-24 22:09:13.186774,2026-04-24 22:09:13.186774,Professional,professional,39.0,390.0,50.0,50.0,25,True,2026-04-24 22:09:13.186774,39.0,True
1060,691,5,cancelled,annual,2025-02-15,2025-08-13,49.17,0.0,,Budget cuts,2026-04-24 22:09:13.186774,AcmeSolutions,Retail,enterprise,JP,Japan,Asia/Tokyo,susan.thompson@acmesolutions.com,Susan Thompson,2024-11-02,paid_ads,False,2025-08-13 17:44:32,,3.0,2026-04-24 22:09:13.186774,2026-04-24 22:09:13.186774,Professional Plus,professional,59.0,590.0,100.0,100.0,50,True,2026-04-24 22:09:13.186774,59.0,True
1061,692,6,cancelled,annual,2024-08-12,2025-07-31,82.5,0.0,2024-08-26,Company reorganization,2026-04-24 22:09:13.186774,RushHub,Telecommunications,medium,US,United States,America/Chicago,dmitri.adams@corp.net,Dmitri Adams,2024-08-12,event,True,,,8.0,2026-04-24 22:09:13.186774,2026-04-24 22:09:13.186774,Enterprise,enterprise,99.0,990.0,500.0,,100,True,2026-04-24 22:09:13.186774,99.0,False
1062,692,1,active,monthly,2025-07-31,,0.0,0.0,,,2026-04-24 22:09:13.186774,RushHub,Telecommunications,medium,US,United States,America/Chicago,dmitri.adams@corp.net,Dmitri Adams,2024-08-12,event,True,,,8.0,2026-04-24 22:09:13.186774,2026-04-24 22:09:13.186774,Free,free,0.0,0.0,5.0,3.0,1,True,2026-04-24 22:09:13.186774,0.0,False
1063,693,1,cancelled,monthly,2024-11-12,2025-09-01,0.0,0.0,,Too expensive,2026-04-24 22:09:13.186774,IonNet,Real Estate,small,BR,Brazil,America/Sao_Paulo,donna.santos@yahoo.com,Donna Santos,2024-11-12,partner,False,2025-09-01 19:44:33,Not enough users,1.0,2026-04-24 22:09:13.186774,2026-04-24 22:09:13.186774,Free,free,0.0,0.0,5.0,3.0,1,True,2026-04-24 22:09:13.186774,0.0,True
1064,694,1,active,monthly,2024-01-19,,0.0,0.0,,,2026-04-24 22:09:13.186774,GridSolutions,Manufacturing,enterprise,AU,Australia,Australia/Sydney,robert.brown@outlook.com,Robert Brown,2024-01-19,paid_ads,True,,,,2026-04-24 22:09:13.186774,2026-04-24 22:09:13.186774,Free,free,0.0,0.0,5.0,3.0,1,True,2026-04-24 22:09:13.186774,0.0,False
1065,695,6,expired,annual,2023-06-15,2023-12-27,82.5,0.0,2023-06-29,Company reorganization,2026-04-24 22:09:13.186774,YieldDigital,Real Estate,medium,GB,United Kingdom,Europe/London,richard.taylor@hotmail.com,Richard Taylor,2023-06-15,referral,True,,,9.0,2026-04-24 22:09:13.186774,2026-04-24 22:09:13.186774,Enterprise,enterprise,99.0,990.0,500.0,,100,True,2026-04-24 22:09:13.186774,99.0,False
1066,695,4,active,monthly,2023-12-27,,31.2,20.0,,,2026-04-24 22:09:13.186774,YieldDigital,Real Estate,medium,GB,United Kingdom,Europe/London,richard.taylor@hotmail.com,Richard Taylor,2023-06-15,referral,True,,,9.0,2026-04-24 22:09:13.186774,2026-04-24 22:09:13.186774,Professional,professional,39.0,390.0,50.0,50.0,25,True,2026-04-24 22:09:13.186774,39.0,False
1067,696,4,cancelled,monthly,2023-03-15,2023-06-19,39.0,0.0,2023-03-29,Company reorganization,2026-04-24 22:09:13.186774,LinkLabs,Logistics,small,GB,United Kingdom,Europe/London,john.tanaka+nimbus@corp.net,John Tanaka,2023-03-15,referral,True,,,,2026-04-24 22:09:13.186774,2026-04-24 22:09:13.186774,Professional,professional,39.0,390.0,50.0,50.0,25,True,2026-04-24 22:09:13.186774,39.0,False
1068,696,2,cancelled,annual,2023-06-19,2023-09-28,10.0,0.0,,Missing features,2026-04-24 22:09:13.186774,LinkLabs,Logistics,small,GB,United Kingdom,Europe/London,john.tanaka+nimbus@corp.net,John Tanaka,2023-03-15,referral,True,,,,2026-04-24 22:09:13.186774,2026-04-24 22:09:13.186774,Starter,starter,12.0,120.0,15.0,10.0,5,True,2026-04-24 22:09:13.186774,12.0,False
1069,696,4,active,annual,2023-09-28,,32.5,0.0,,,2026-04-24 22:09:13.186774,LinkLabs,Logistics,small,GB,United Kingdom,Europe/London,john.tanaka+nimbus@corp.net,John Tanaka,2023-03-15,referral,True,,,,2026-04-24 22:09:13.186774,2026-04-24 22:09:13.186774,Professional,professional,39.0,390.0,50.0,50.0,25,True,2026-04-24 22:09:13.186774,39.0,False
1070,697,2,cancelled,annual,2023-05-11,2024-02-16,10.0,0.0,2023-05-25,Not using it,2026-04-24 22:09:13.186774,EchoDev,Real Estate,medium,US,United States,America/Los_Angeles,hassan.jones@outlook.com,Hassan Jones,2023-05-11,partner,True,,,3.0,2026-04-24 22:09:13.186774,2026-04-24 22:09:13.186774,Starter,starter,12.0,120.0,15.0,10.0,5,True,2026-04-24 22:09:13.186774,12.0,False
1071,697,7,active,monthly,2024-02-16,,149.25,25.0,,,2026-04-24 22:09:13.186774,EchoDev,Real Estate,medium,US,United States,America/Los_Angeles,hassan.jones@outlook.com,Hassan Jones,2023-05-11,partner,True,,,3.0,2026-04-24 22:09:13.186774,2026-04-24 22:09:13.186774,Enterprise Custom,enterprise,199.0,1990.0,,,500,True,2026-04-24 22:09:13.186774,199.0,False
1072,698,5,active,annual,2023-03-18,,49.17,0.0,2023-04-01,,2026-04-24 22:09:13.186774,DataGroup,Technology,small,DE,Germany,Europe/Berlin,dmitri.taylor@yahoo.com,Dmitri Taylor,2023-03-18,event,True,,,7.0,2026-04-24 22:09:13.186774,2026-04-24 22:09:13.186774,Professional Plus,professional,59.0,590.0,100.0,100.0,50,True,2026-04-24 22:09:13.186774,59.0,False
1073,699,1,cancelled,annual,2025-02-22,2025-06-11,0.0,0.0,,Company reorganization,2026-04-24 22:09:13.186774,Sage Systems,Real Estate,medium,DE,Germany,Europe/Berlin,Raj.Johnson@hotmail.com,Raj Johnson,2025-02-22,organic,False,2025-06-11 07:35:32,Outgrew the platform,,2026-04-24 22:09:13.186774,2026-04-24 22:09:13.186774,Free,free,0.0,0.0,5.0,3.0,1,True,2026-04-24 22:09:13.186774,0.0,True
1074,700,5,active,annual,2023-03-14,,49.17,0.0,2023-03-28,,2026-04-24 22:09:13.186774,WarpOps,Technology,small,CA,Canada,America/Toronto,robert.tanaka@gmail.com,Robert Tanaka,2023-03-14,referral,True,,,8.0,2026-04-24 22:09:13.186774,2026-04-24 22:09:13.186774,Professional Plus,professional,59.0,590.0,100.0,100.0,50,True,2026-04-24 22:09:13.186774,59.0,False
1075,701,5,expired,monthly,2023-02-26,2023-07-14,59.0,0.0,2023-03-12,Switched competitor,2026-04-24 22:09:13.186774,Cloud IO,Media,small,SG,Singapore,Asia/Singapore,daniel.ramirez@cloudio.com,Daniel Ramirez,2023-02-26,organic,False,2024-01-26 17:54:26,Outgrew the platform,,2026-04-24 22:09:13.186774,2026-04-24 22:09:13.186774,Professional Plus,professional,59.0,590.0,100.0,100.0,50,True,2026-04-24 22:09:13.186774,59.0,True
1076,701,5,cancelled,annual,2023-07-14,2024-01-26,49.17,0.0,,Switched competitor,2026-04-24 22:09:13.186774,Cloud IO,Media,small,SG,Singapore,Asia/Singapore,daniel.ramirez@cloudio.com,Daniel Ramirez,2023-02-26,organic,False,2024-01-26 17:54:26,Outgrew the platform,,2026-04-24 22:09:13.186774,2026-04-24 22:09:13.186774,Professional Plus,professional,59.0,590.0,100.0,100.0,50,True,2026-04-24 22:09:13.186774,59.0,True
1077,702,1,active,monthly,2023-04-29,,0.0,0.0,,,2026-04-24 22:09:13.186774,RiftOps,Media,medium,US,United States,America/New_York,matthew.singh@startup.co,Matthew Singh,2023-04-29,organic,True,,,,2026-04-24 22:09:13.186774,2026-04-24 22:09:13.186774,Free,free,0.0,0.0,5.0,3.0,1,True,2026-04-24 22:09:13.186774,0.0,False
1743,1135,1,cancelled,monthly,2025-05-02,2025-03-19,0.0,20.0,,,2026-04-24 22:09:13.186774,CoreAnalytics,Telecommunications,enterprise,GB,United Kingdom,Europe/London,lisa.martinez@protonmail.com,Lisa Martinez,2024-03-21,event,False,2025-03-19 10:06:55,Not enough users,3.0,2026-04-24 22:09:13.186774,2026-04-24 22:09:13.186774,Free,free,0.0,0.0,5.0,3.0,1,True,2026-04-24 22:09:13.186774,0.0,True
1078,703,1,cancelled,monthly,2025-04-01,2025-09-17,0.0,0.0,,Switched competitor,2026-04-24 22:09:13.186774,WaveSoftware,Telecommunications,small,GB,United Kingdom,Europe/London,joseph.garcia@tech.dev,Joseph Garcia,2025-04-01,referral,False,2025-09-17 18:38:10,Missing features,,2026-04-24 22:09:13.186774,2026-04-24 22:09:13.186774,Free,free,0.0,0.0,5.0,3.0,1,True,2026-04-24 22:09:13.186774,0.0,True
1079,704,4,expired,monthly,2024-02-12,2024-04-19,39.0,0.0,2024-02-26,Too expensive,2026-04-24 22:09:13.186774,DataDigital,Education,small,IN,India,Asia/Kolkata,daniel.hill@datadigital.com,Daniel Hill,2024-02-12,event,True,,,2.0,2026-04-24 22:09:13.186774,2026-04-24 22:09:13.186774,Professional,professional,39.0,390.0,50.0,50.0,25,True,2026-04-24 22:09:13.186774,39.0,False
1080,704,6,active,monthly,2024-04-19,,99.0,0.0,,,2026-04-24 22:09:13.186774,DataDigital,Education,small,IN,India,Asia/Kolkata,daniel.hill@datadigital.com,Daniel Hill,2024-02-12,event,True,,,2.0,2026-04-24 22:09:13.186774,2026-04-24 22:09:13.186774,Enterprise,enterprise,99.0,990.0,500.0,,100,True,2026-04-24 22:09:13.186774,99.0,False
1081,705,3,cancelled,monthly,2023-10-27,2024-02-17,15.2,20.0,2023-11-10,Not using it,2026-04-24 22:09:13.186774,IrisSoftware,Legal,enterprise,IN,India,Asia/Kolkata,ana.anderson@company.io,Ana Anderson,2023-10-27,organic,True,,,10.0,2026-04-24 22:09:13.186774,2026-04-24 22:09:13.186774,Starter Plus,starter,19.0,190.0,25.0,20.0,10,True,2026-04-24 22:09:13.186774,19.0,False
1082,705,5,active,monthly,2024-02-17,,59.0,0.0,,,2026-04-24 22:09:13.186774,IrisSoftware,Legal,enterprise,IN,India,Asia/Kolkata,ana.anderson@company.io,Ana Anderson,2023-10-27,organic,True,,,10.0,2026-04-24 22:09:13.186774,2026-04-24 22:09:13.186774,Professional Plus,professional,59.0,590.0,100.0,100.0,50,True,2026-04-24 22:09:13.186774,59.0,False
1083,706,1,paused,annual,2025-01-12,,0.0,20.0,,,2026-04-24 22:09:13.186774,TrekGroup,Healthcare,small,US,United States,America/Los_Angeles,dmitri.king@trekgroup.com,Dmitri King,2025-01-12,referral,True,,,10.0,2026-04-24 22:09:13.186774,2026-04-24 22:09:13.186774,Free,free,0.0,0.0,5.0,3.0,1,True,2026-04-24 22:09:13.186774,0.0,False
1084,707,3,expired,monthly,2023-03-28,2023-11-26,17.1,10.0,2023-04-11,Not using it,2026-04-24 22:09:13.186774,PeakHub,Healthcare,small,CA,Canada,America/Toronto,dmitri.williams@protonmail.com,Dmitri Williams,2023-03-28,referral,False,2024-12-13 10:10:52,Not enough users,2.0,2026-04-24 22:09:13.186774,2026-04-24 22:09:13.186774,Starter Plus,starter,19.0,190.0,25.0,20.0,10,True,2026-04-24 22:09:13.186774,19.0,True
1085,707,2,cancelled,annual,2023-11-26,2024-12-13,10.0,0.0,,Company reorganization,2026-04-24 22:09:13.186774,PeakHub,Healthcare,small,CA,Canada,America/Toronto,dmitri.williams@protonmail.com,Dmitri Williams,2023-03-28,referral,False,2024-12-13 10:10:52,Not enough users,2.0,2026-04-24 22:09:13.186774,2026-04-24 22:09:13.186774,Starter,starter,12.0,120.0,15.0,10.0,5,True,2026-04-24 22:09:13.186774,12.0,True
1086,708,4,active,annual,2025-02-11,,29.25,10.0,2025-02-25,,2026-04-24 22:09:13.186774,Luna Ops,Manufacturing,medium,US,United States,America/New_York,Wei.Martin@gmail.com,Wei Martin,2025-02-11,event,True,,,,2026-04-24 22:09:13.186774,2026-04-24 22:09:13.186774,Professional,professional,39.0,390.0,50.0,50.0,25,True,2026-04-24 22:09:13.186774,39.0,False
1087,709,3,expired,annual,2025-08-12,2025-10-14,15.83,0.0,2025-08-26,Missing features,2026-04-24 22:09:13.186774,UnitGroup,Manufacturing,enterprise,FR,France,Europe/Paris,ahmed.kim@startup.co,Ahmed Kim,2025-08-12,referral,True,,,,2026-04-24 22:09:13.186774,2026-04-24 22:09:13.186774,Starter Plus,starter,19.0,190.0,25.0,20.0,10,True,2026-04-24 22:09:13.186774,19.0,False
1088,709,3,active,monthly,2025-10-14,,19.0,0.0,,,2026-04-24 22:09:13.186774,UnitGroup,Manufacturing,enterprise,FR,France,Europe/Paris,ahmed.kim@startup.co,Ahmed Kim,2025-08-12,referral,True,,,,2026-04-24 22:09:13.186774,2026-04-24 22:09:13.186774,Starter Plus,starter,19.0,190.0,25.0,20.0,10,True,2026-04-24 22:09:13.186774,19.0,False
1089,710,3,paused,monthly,2023-01-16,,19.0,0.0,2023-01-30,,2026-04-24 22:09:13.186774,BeamVentures,Insurance,medium,DE,Germany,Europe/Berlin,william.harris@beamventures.com,William Harris,2023-01-16,event,True,,,,2026-04-24 22:09:13.186774,2026-04-24 22:09:13.186774,Starter Plus,starter,19.0,190.0,25.0,20.0,10,True,2026-04-24 22:09:13.186774,19.0,False
1090,711,3,expired,monthly,2025-04-09,2025-10-17,14.25,25.0,2025-04-23,,2026-04-24 22:09:13.186774,FlowPlatform,Education,small,BR,Brazil,America/Sao_Paulo,betty.williams@protonmail.com,Betty Williams,2025-04-09,organic,True,,,6.0,2026-04-24 22:09:13.186774,2026-04-24 22:09:13.186774,Starter Plus,starter,19.0,190.0,25.0,20.0,10,True,2026-04-24 22:09:13.186774,19.0,False
1091,711,4,active,monthly,2025-10-17,,39.0,0.0,,,2026-04-24 22:09:13.186774,FlowPlatform,Education,small,BR,Brazil,America/Sao_Paulo,betty.williams@protonmail.com,Betty Williams,2025-04-09,organic,True,,,6.0,2026-04-24 22:09:13.186774,2026-04-24 22:09:13.186774,Professional,professional,39.0,390.0,50.0,50.0,25,True,2026-04-24 22:09:13.186774,39.0,False
1092,712,6,active,monthly,2024-07-18,,99.0,0.0,2024-08-01,,2026-04-24 22:09:13.186774,Cloud Studio,Consulting,large,JP,Japan,Asia/Tokyo,susan.clark@protonmail.com,Susan Clark,2024-07-18,event,True,,,4.0,2026-04-24 22:09:13.186774,2026-04-24 22:09:13.186774,Enterprise,enterprise,99.0,990.0,500.0,,100,True,2026-04-24 22:09:13.186774,99.0,False
1093,713,4,expired,annual,2025-05-31,2025-10-03,32.5,0.0,2025-06-14,Budget cuts,2026-04-24 22:09:13.186774,Onyx Solutions,Finance,enterprise,BR,Brazil,America/Sao_Paulo,raj.brown@yahoo.com,Raj Brown,2025-05-31,partner,True,,,8.0,2026-04-24 22:09:13.186774,2026-04-24 22:09:13.186774,Professional,professional,39.0,390.0,50.0,50.0,25,True,2026-04-24 22:09:13.186774,39.0,False
1094,713,4,active,monthly,2025-10-03,,39.0,0.0,,,2026-04-24 22:09:13.186774,Onyx Solutions,Finance,enterprise,BR,Brazil,America/Sao_Paulo,raj.brown@yahoo.com,Raj Brown,2025-05-31,partner,True,,,8.0,2026-04-24 22:09:13.186774,2026-04-24 22:09:13.186774,Professional,professional,39.0,390.0,50.0,50.0,25,True,2026-04-24 22:09:13.186774,39.0,False
1095,714,2,active,monthly,2023-03-21,,10.2,15.0,2023-04-04,,2026-04-24 22:09:13.186774,DataNet,Education,small,SG,Singapore,Asia/Singapore,ana.thompson@hotmail.com,Ana Thompson,2023-03-21,partner,True,,,2.0,2026-04-24 22:09:13.186774,2026-04-24 22:09:13.186774,Starter,starter,12.0,120.0,15.0,10.0,5,True,2026-04-24 22:09:13.186774,12.0,False
1096,715,2,expired,monthly,2025-09-23,2025-11-22,12.0,0.0,2025-10-07,Missing features,2026-04-24 22:09:13.186774,Beam Cloud,Finance,small,IN,India,Asia/Kolkata,joshua.muller@company.io,Joshua Muller,2025-09-23,event,True,,,7.0,2026-04-24 22:09:13.186774,2026-04-24 22:09:13.186774,Starter,starter,12.0,120.0,15.0,10.0,5,True,2026-04-24 22:09:13.186774,12.0,False
1097,715,2,cancelled,monthly,2025-11-22,2026-01-21,12.0,0.0,,Not using it,2026-04-24 22:09:13.186774,Beam Cloud,Finance,small,IN,India,Asia/Kolkata,joshua.muller@company.io,Joshua Muller,2025-09-23,event,True,,,7.0,2026-04-24 22:09:13.186774,2026-04-24 22:09:13.186774,Starter,starter,12.0,120.0,15.0,10.0,5,True,2026-04-24 22:09:13.186774,12.0,False
1098,715,5,active,annual,2026-01-21,,49.17,0.0,,,2026-04-24 22:09:13.186774,Beam Cloud,Finance,small,IN,India,Asia/Kolkata,joshua.muller@company.io,Joshua Muller,2025-09-23,event,True,,,7.0,2026-04-24 22:09:13.186774,2026-04-24 22:09:13.186774,Professional Plus,professional,59.0,590.0,100.0,100.0,50,True,2026-04-24 22:09:13.186774,59.0,False
1099,716,5,cancelled,annual,2024-01-23,2024-12-16,49.17,0.0,2024-02-06,Too expensive,2026-04-24 22:09:13.186774,Mist Software,Insurance,small,JP,Japan,Asia/Tokyo,yuki.singh@company.io,Yuki Singh,2024-01-23,organic,True,,,9.0,2026-04-24 22:09:13.186774,2026-04-24 22:09:13.186774,Professional Plus,professional,59.0,590.0,100.0,100.0,50,True,2026-04-24 22:09:13.186774,59.0,False
1100,716,4,active,monthly,2024-12-16,,39.0,0.0,,,2026-04-24 22:09:13.186774,Mist Software,Insurance,small,JP,Japan,Asia/Tokyo,yuki.singh@company.io,Yuki Singh,2024-01-23,organic,True,,,9.0,2026-04-24 22:09:13.186774,2026-04-24 22:09:13.186774,Professional,professional,39.0,390.0,50.0,50.0,25,True,2026-04-24 22:09:13.186774,39.0,False
1101,717,5,active,monthly,2024-06-24,,59.0,0.0,2024-07-08,,2026-04-24 22:09:13.186774,Edge Platform,Real Estate,medium,BR,Brazil,America/Sao_Paulo,aisha.scott@outlook.com,Aisha Scott,2024-06-24,referral,True,,,,2026-04-24 22:09:13.186774,2026-04-24 22:09:13.186774,Professional Plus,professional,59.0,590.0,100.0,100.0,50,True,2026-04-24 22:09:13.186774,59.0,False
1102,718,4,cancelled,annual,2025-09-22,2025-11-22,32.5,0.0,2025-10-06,Switched competitor,2026-04-24 22:09:13.186774,Keen Cloud,Telecommunications,small,IN,India,Asia/Kolkata,jessica.tanaka@enterprise.com,Jessica Tanaka,2025-09-22,organic,False,2025-10-24 22:12:35,Not enough users,,2026-04-24 22:09:13.186774,2026-04-24 22:09:13.186774,Professional,professional,39.0,390.0,50.0,50.0,25,True,2026-04-24 22:09:13.186774,39.0,True
1103,718,6,cancelled,annual,2025-11-22,2025-10-24,82.5,0.0,,Missing features,2026-04-24 22:09:13.186774,Keen Cloud,Telecommunications,small,IN,India,Asia/Kolkata,jessica.tanaka@enterprise.com,Jessica Tanaka,2025-09-22,organic,False,2025-10-24 22:12:35,Not enough users,,2026-04-24 22:09:13.186774,2026-04-24 22:09:13.186774,Enterprise,enterprise,99.0,990.0,500.0,,100,True,2026-04-24 22:09:13.186774,99.0,True
1104,719,2,active,monthly,2023-09-08,,12.0,0.0,2023-09-22,,2026-04-24 22:09:13.186774,GlowTech,Logistics,medium,BR,Brazil,America/Sao_Paulo,joseph.lewis@yahoo.com,Joseph Lewis,2023-09-08,paid_ads,True,,,8.0,2026-04-24 22:09:13.186774,2026-04-24 22:09:13.186774,Starter,starter,12.0,120.0,15.0,10.0,5,True,2026-04-24 22:09:13.186774,12.0,False
1105,720,1,active,monthly,2025-06-21,,0.0,0.0,,,2026-04-24 22:09:13.186774,MistAnalytics,Marketing,small,US,United States,America/Chicago,jennifer.clark@corp.net,Jennifer Clark,2025-06-21,referral,True,,,,2026-04-24 22:09:13.186774,2026-04-24 22:09:13.186774,Free,free,0.0,0.0,5.0,3.0,1,True,2026-04-24 22:09:13.186774,0.0,False
1106,721,2,expired,monthly,2023-06-20,2024-03-13,12.0,0.0,2023-07-04,Switched competitor,2026-04-24 22:09:13.186774,Quark Hub,Media,large,CA,Canada,America/Toronto,ahmed.miller@quarkhub.com,Ahmed Miller,2023-06-20,organic,True,,,9.0,2026-04-24 22:09:13.186774,2026-04-24 22:09:13.186774,Starter,starter,12.0,120.0,15.0,10.0,5,True,2026-04-24 22:09:13.186774,12.0,False
1107,721,7,active,monthly,2024-03-13,,199.0,0.0,,,2026-04-24 22:09:13.186774,Quark Hub,Media,large,CA,Canada,America/Toronto,ahmed.miller@quarkhub.com,Ahmed Miller,2023-06-20,organic,True,,,9.0,2026-04-24 22:09:13.186774,2026-04-24 22:09:13.186774,Enterprise Custom,enterprise,199.0,1990.0,,,500,True,2026-04-24 22:09:13.186774,199.0,False
1108,722,1,expired,monthly,2023-04-21,2023-10-04,0.0,20.0,,Company reorganization,2026-04-24 22:09:13.186774,Sage Dynamics,E-commerce,large,DE,Germany,Europe/Berlin,linda.perez@corp.net,Linda Perez,2023-04-21,organic,True,,,9.0,2026-04-24 22:09:13.186774,2026-04-24 22:09:13.186774,Free,free,0.0,0.0,5.0,3.0,1,True,2026-04-24 22:09:13.186774,0.0,False
1109,722,4,active,annual,2023-10-04,,32.5,0.0,,,2026-04-24 22:09:13.186774,Sage Dynamics,E-commerce,large,DE,Germany,Europe/Berlin,linda.perez@corp.net,Linda Perez,2023-04-21,organic,True,,,9.0,2026-04-24 22:09:13.186774,2026-04-24 22:09:13.186774,Professional,professional,39.0,390.0,50.0,50.0,25,True,2026-04-24 22:09:13.186774,39.0,False
1110,723,4,cancelled,annual,2024-08-26,2025-01-11,32.5,0.0,2024-09-09,Not using it,2026-04-24 22:09:13.186774,CoreCorp,Legal,enterprise,AU,Australia,Australia/Sydney,christopher.kim@yahoo.com,Christopher Kim,2024-08-26,referral,True,,,,2026-04-24 22:09:13.186774,2026-04-24 22:09:13.186774,Professional,professional,39.0,390.0,50.0,50.0,25,True,2026-04-24 22:09:13.186774,39.0,False
1111,723,5,expired,annual,2025-01-11,2025-08-30,49.17,0.0,,Missing features,2026-04-24 22:09:13.186774,CoreCorp,Legal,enterprise,AU,Australia,Australia/Sydney,christopher.kim@yahoo.com,Christopher Kim,2024-08-26,referral,True,,,,2026-04-24 22:09:13.186774,2026-04-24 22:09:13.186774,Professional Plus,professional,59.0,590.0,100.0,100.0,50,True,2026-04-24 22:09:13.186774,59.0,False
1112,723,6,paused,monthly,2025-08-30,,99.0,0.0,,,2026-04-24 22:09:13.186774,CoreCorp,Legal,enterprise,AU,Australia,Australia/Sydney,christopher.kim@yahoo.com,Christopher Kim,2024-08-26,referral,True,,,,2026-04-24 22:09:13.186774,2026-04-24 22:09:13.186774,Enterprise,enterprise,99.0,990.0,500.0,,100,True,2026-04-24 22:09:13.186774,99.0,False
1113,724,2,expired,annual,2025-03-02,2025-09-03,8.5,15.0,2025-03-16,,2026-04-24 22:09:13.186774,JetLabs,Marketing,large,SG,Singapore,Asia/Singapore,sandra.harris@corp.net,Sandra Harris,2025-03-02,organic,False,2025-07-25 11:29:21,Not enough users,4.0,2026-04-24 22:09:13.186774,2026-04-24 22:09:13.186774,Starter,starter,12.0,120.0,15.0,10.0,5,True,2026-04-24 22:09:13.186774,12.0,True
1114,724,5,cancelled,monthly,2025-09-03,2025-07-25,59.0,0.0,,Company reorganization,2026-04-24 22:09:13.186774,JetLabs,Marketing,large,SG,Singapore,Asia/Singapore,sandra.harris@corp.net,Sandra Harris,2025-03-02,organic,False,2025-07-25 11:29:21,Not enough users,4.0,2026-04-24 22:09:13.186774,2026-04-24 22:09:13.186774,Professional Plus,professional,59.0,590.0,100.0,100.0,50,True,2026-04-24 22:09:13.186774,59.0,True
1115,725,1,active,annual,2023-10-12,,0.0,20.0,,,2026-04-24 22:09:13.186774,SyncWorks,Insurance,small,US,United States,America/Los_Angeles,john.ivanov@hotmail.com,John Ivanov,2023-10-12,referral,True,,,,2026-04-24 22:09:13.186774,2026-04-24 22:09:13.186774,Free,free,0.0,0.0,5.0,3.0,1,True,2026-04-24 22:09:13.186774,0.0,False
1116,726,2,expired,monthly,2024-07-19,2024-11-01,12.0,0.0,2024-08-02,Too expensive,2026-04-24 22:09:13.186774,Kite Cloud,Telecommunications,small,BR,Brazil,America/Sao_Paulo,priya.miller@kitecloud.com,Priya Miller,2024-07-19,organic,True,,,,2026-04-24 22:09:13.186774,2026-04-24 22:09:13.186774,Starter,starter,12.0,120.0,15.0,10.0,5,True,2026-04-24 22:09:13.186774,12.0,False
1117,726,5,active,monthly,2024-11-01,,59.0,0.0,,,2026-04-24 22:09:13.186774,Kite Cloud,Telecommunications,small,BR,Brazil,America/Sao_Paulo,priya.miller@kitecloud.com,Priya Miller,2024-07-19,organic,True,,,,2026-04-24 22:09:13.186774,2026-04-24 22:09:13.186774,Professional Plus,professional,59.0,590.0,100.0,100.0,50,True,2026-04-24 22:09:13.186774,59.0,False
1118,727,1,active,annual,2024-08-07,,0.0,0.0,,,2026-04-24 22:09:13.186774,MistAI,Media,medium,GB,United Kingdom,Europe/London,james.young+work@protonmail.com,James Young,2024-08-07,referral,True,,,4.0,2026-04-24 22:09:13.186774,2026-04-24 22:09:13.186774,Free,free,0.0,0.0,5.0,3.0,1,True,2026-04-24 22:09:13.186774,0.0,False
1119,728,2,expired,monthly,2025-04-02,2025-09-18,10.2,15.0,2025-04-16,Company reorganization,2026-04-24 22:09:13.186774,HubHQ,Consulting,small,US,United States,America/Chicago,kenji.rodriguez@outlook.com,Kenji Rodriguez,2025-04-02,organic,False,2025-10-03 01:08:25,Missing features,,2026-04-24 22:09:13.186774,2026-04-24 22:09:13.186774,Starter,starter,12.0,120.0,15.0,10.0,5,True,2026-04-24 22:09:13.186774,12.0,True
1120,728,6,cancelled,monthly,2025-09-18,2025-11-18,99.0,0.0,,Switched competitor,2026-04-24 22:09:13.186774,HubHQ,Consulting,small,US,United States,America/Chicago,kenji.rodriguez@outlook.com,Kenji Rodriguez,2025-04-02,organic,False,2025-10-03 01:08:25,Missing features,,2026-04-24 22:09:13.186774,2026-04-24 22:09:13.186774,Enterprise,enterprise,99.0,990.0,500.0,,100,True,2026-04-24 22:09:13.186774,99.0,True
1121,728,5,cancelled,annual,2025-11-18,2025-10-03,39.33,20.0,,Too expensive,2026-04-24 22:09:13.186774,HubHQ,Consulting,small,US,United States,America/Chicago,kenji.rodriguez@outlook.com,Kenji Rodriguez,2025-04-02,organic,False,2025-10-03 01:08:25,Missing features,,2026-04-24 22:09:13.186774,2026-04-24 22:09:13.186774,Professional Plus,professional,59.0,590.0,100.0,100.0,50,True,2026-04-24 22:09:13.186774,59.0,True
1122,729,3,active,monthly,2025-06-17,,19.0,0.0,2025-07-01,,2026-04-24 22:09:13.186774,Sage Works,Telecommunications,small,AU,Australia,Australia/Sydney,michael.rivera@tech.dev,Michael Rivera,2025-06-17,organic,True,,,,2026-04-24 22:09:13.186774,2026-04-24 22:09:13.186774,Starter Plus,starter,19.0,190.0,25.0,20.0,10,True,2026-04-24 22:09:13.186774,19.0,False
1123,730,5,expired,monthly,2025-05-27,2025-09-04,53.1,10.0,2025-06-10,Missing features,2026-04-24 22:09:13.186774,Echo Digital,Consulting,enterprise,US,United States,America/Los_Angeles,olga.young@outlook.com,Olga Young,2025-05-27,referral,True,,,7.0,2026-04-24 22:09:13.186774,2026-04-24 22:09:13.186774,Professional Plus,professional,59.0,590.0,100.0,100.0,50,True,2026-04-24 22:09:13.186774,59.0,False
1124,730,2,active,monthly,2025-09-04,,12.0,0.0,,,2026-04-24 22:09:13.186774,Echo Digital,Consulting,enterprise,US,United States,America/Los_Angeles,olga.young@outlook.com,Olga Young,2025-05-27,referral,True,,,7.0,2026-04-24 22:09:13.186774,2026-04-24 22:09:13.186774,Starter,starter,12.0,120.0,15.0,10.0,5,True,2026-04-24 22:09:13.186774,12.0,False
1125,731,4,expired,annual,2025-06-15,2025-09-19,32.5,0.0,2025-06-29,,2026-04-24 22:09:13.186774,Yield Stack,Real Estate,small,SG,Singapore,Asia/Singapore,daniel.walker@protonmail.com,Daniel Walker,2025-06-15,organic,True,,,9.0,2026-04-24 22:09:13.186774,2026-04-24 22:09:13.186774,Professional,professional,39.0,390.0,50.0,50.0,25,True,2026-04-24 22:09:13.186774,39.0,False
1126,731,7,active,monthly,2025-09-19,,199.0,0.0,,,2026-04-24 22:09:13.186774,Yield Stack,Real Estate,small,SG,Singapore,Asia/Singapore,daniel.walker@protonmail.com,Daniel Walker,2025-06-15,organic,True,,,9.0,2026-04-24 22:09:13.186774,2026-04-24 22:09:13.186774,Enterprise Custom,enterprise,199.0,1990.0,,,500,True,2026-04-24 22:09:13.186774,199.0,False
1127,732,1,active,monthly,2024-02-12,,0.0,0.0,,,2026-04-24 22:09:13.186774,SyncCorp,Marketing,small,SG,Singapore,Asia/Singapore,margaret.davis@outlook.com,Margaret Davis,2024-02-12,referral,True,,,,2026-04-24 22:09:13.186774,2026-04-24 22:09:13.186774,Free,free,0.0,0.0,5.0,3.0,1,True,2026-04-24 22:09:13.186774,0.0,False
1128,733,6,expired,monthly,2025-03-01,2025-09-24,84.15,15.0,2025-03-15,Too expensive,2026-04-24 22:09:13.186774,FluxGroup,E-commerce,small,DE,Germany,Europe/Berlin,sarah.allen@fluxgroup.com,Sarah Allen,2025-03-01,organic,True,,,,2026-04-24 22:09:13.186774,2026-04-24 22:09:13.186774,Enterprise,enterprise,99.0,990.0,500.0,,100,True,2026-04-24 22:09:13.186774,99.0,False
1129,733,2,active,monthly,2025-09-24,,10.8,10.0,,,2026-04-24 22:09:13.186774,FluxGroup,E-commerce,small,DE,Germany,Europe/Berlin,sarah.allen@fluxgroup.com,Sarah Allen,2025-03-01,organic,True,,,,2026-04-24 22:09:13.186774,2026-04-24 22:09:13.186774,Starter,starter,12.0,120.0,15.0,10.0,5,True,2026-04-24 22:09:13.186774,12.0,False
1130,734,5,active,annual,2023-01-22,,36.88,25.0,2023-02-05,,2026-04-24 22:09:13.186774,KeenSolutions,Insurance,large,US,United States,America/Chicago,donna.flores@gmail.com,Donna Flores,2023-01-22,organic,True,,,8.0,2026-04-24 22:09:13.186774,2026-04-24 22:09:13.186774,Professional Plus,professional,59.0,590.0,100.0,100.0,50,True,2026-04-24 22:09:13.186774,59.0,False
1131,735,2,active,annual,2025-01-05,,10.0,0.0,2025-01-19,,2026-04-24 22:09:13.186774,ZealHub,Logistics,small,JP,Japan,Asia/Tokyo,susan.white@tech.dev,Susan White,2025-01-05,organic,True,,,,2026-04-24 22:09:13.186774,2026-04-24 22:09:13.186774,Starter,starter,12.0,120.0,15.0,10.0,5,True,2026-04-24 22:09:13.186774,12.0,False
1132,736,3,cancelled,monthly,2023-08-24,2023-12-19,15.2,20.0,2023-09-07,Missing features,2026-04-24 22:09:13.186774,AcmeAI,Insurance,medium,US,United States,America/Chicago,steven.sanchez@protonmail.com,Steven Sanchez,2023-08-24,organic,True,,,,2026-04-24 22:09:13.186774,2026-04-24 22:09:13.186774,Starter Plus,starter,19.0,190.0,25.0,20.0,10,True,2026-04-24 22:09:13.186774,19.0,False
1133,736,2,expired,annual,2023-12-19,2024-10-09,10.0,0.0,,,2026-04-24 22:09:13.186774,AcmeAI,Insurance,medium,US,United States,America/Chicago,steven.sanchez@protonmail.com,Steven Sanchez,2023-08-24,organic,True,,,,2026-04-24 22:09:13.186774,2026-04-24 22:09:13.186774,Starter,starter,12.0,120.0,15.0,10.0,5,True,2026-04-24 22:09:13.186774,12.0,False
1134,736,5,active,monthly,2024-10-09,,59.0,0.0,,,2026-04-24 22:09:13.186774,AcmeAI,Insurance,medium,US,United States,America/Chicago,steven.sanchez@protonmail.com,Steven Sanchez,2023-08-24,organic,True,,,,2026-04-24 22:09:13.186774,2026-04-24 22:09:13.186774,Professional Plus,professional,59.0,590.0,100.0,100.0,50,True,2026-04-24 22:09:13.186774,59.0,False
1135,737,1,cancelled,annual,2025-01-30,2025-05-22,0.0,0.0,,Switched competitor,2026-04-24 22:09:13.186774,ZenDigital,Telecommunications,small,US,United States,America/Chicago,robert.jones@zendigital.com,Robert Jones,2025-01-30,paid_ads,True,,,,2026-04-24 22:09:13.186774,2026-04-24 22:09:13.186774,Free,free,0.0,0.0,5.0,3.0,1,True,2026-04-24 22:09:13.186774,0.0,False
1136,737,7,paused,annual,2025-05-22,,165.83,0.0,,,2026-04-24 22:09:13.186774,ZenDigital,Telecommunications,small,US,United States,America/Chicago,robert.jones@zendigital.com,Robert Jones,2025-01-30,paid_ads,True,,,,2026-04-24 22:09:13.186774,2026-04-24 22:09:13.186774,Enterprise Custom,enterprise,199.0,1990.0,,,500,True,2026-04-24 22:09:13.186774,199.0,False
1137,738,2,active,monthly,2024-04-14,,12.0,0.0,2024-04-28,,2026-04-24 22:09:13.186774,GridPro,Manufacturing,small,BR,Brazil,America/Sao_Paulo,ana.martin@gmail.com,Ana Martin,2024-04-14,referral,True,,,8.0,2026-04-24 22:09:13.186774,2026-04-24 22:09:13.186774,Starter,starter,12.0,120.0,15.0,10.0,5,True,2026-04-24 22:09:13.186774,12.0,False
1138,739,2,active,annual,2023-01-18,,10.0,0.0,2023-02-01,,2026-04-24 22:09:13.186774,YieldCloud,E-commerce,medium,JP,Japan,Asia/Tokyo,sarah.walker@tech.dev,Sarah Walker,2023-01-18,organic,True,,,,2026-04-24 22:09:13.186774,2026-04-24 22:09:13.186774,Starter,starter,12.0,120.0,15.0,10.0,5,True,2026-04-24 22:09:13.186774,12.0,False
1139,740,4,cancelled,monthly,2025-04-09,2025-08-17,39.0,0.0,2025-04-23,Too expensive,2026-04-24 22:09:13.186774,CorePlatform,Technology,medium,GB,United Kingdom,Europe/London,mark.white@protonmail.com,Mark White,2025-04-09,partner,True,,,8.0,2026-04-24 22:09:13.186774,2026-04-24 22:09:13.186774,Professional,professional,39.0,390.0,50.0,50.0,25,True,2026-04-24 22:09:13.186774,39.0,False
1140,740,7,active,monthly,2025-08-17,,199.0,0.0,,,2026-04-24 22:09:13.186774,CorePlatform,Technology,medium,GB,United Kingdom,Europe/London,mark.white@protonmail.com,Mark White,2025-04-09,partner,True,,,8.0,2026-04-24 22:09:13.186774,2026-04-24 22:09:13.186774,Enterprise Custom,enterprise,199.0,1990.0,,,500,True,2026-04-24 22:09:13.186774,199.0,False
1141,741,1,active,monthly,2023-09-16,,0.0,0.0,,,2026-04-24 22:09:13.186774,Jet Logic,Real Estate,enterprise,CA,Canada,America/Toronto,dorothy.patel@gmail.com,Dorothy Patel,2023-09-16,paid_ads,True,,,,2026-04-24 22:09:13.186774,2026-04-24 22:09:13.186774,Free,free,0.0,0.0,5.0,3.0,1,True,2026-04-24 22:09:13.186774,0.0,False
1142,742,4,cancelled,monthly,2023-11-17,2024-09-27,29.25,25.0,2023-12-01,Missing features,2026-04-24 22:09:13.186774,CloudWorks,Real Estate,medium,US,United States,America/New_York,sarah.hall@enterprise.com,Sarah Hall,2023-11-17,referral,True,,,7.0,2026-04-24 22:09:13.186774,2026-04-24 22:09:13.186774,Professional,professional,39.0,390.0,50.0,50.0,25,True,2026-04-24 22:09:13.186774,39.0,False
1143,742,4,active,monthly,2024-09-27,,39.0,0.0,,,2026-04-24 22:09:13.186774,CloudWorks,Real Estate,medium,US,United States,America/New_York,sarah.hall@enterprise.com,Sarah Hall,2023-11-17,referral,True,,,7.0,2026-04-24 22:09:13.186774,2026-04-24 22:09:13.186774,Professional,professional,39.0,390.0,50.0,50.0,25,True,2026-04-24 22:09:13.186774,39.0,False
1144,743,2,cancelled,annual,2025-02-05,2025-04-28,7.5,25.0,2025-02-19,Too expensive,2026-04-24 22:09:13.186774,GlowDynamics,Legal,small,US,United States,America/Chicago,margaret.hall@gmail.com,Margaret Hall,2025-02-05,referral,False,2025-05-22 15:35:58,Not enough users,,2026-04-24 22:09:13.186774,2026-04-24 22:09:13.186774,Starter,starter,12.0,120.0,15.0,10.0,5,True,2026-04-24 22:09:13.186774,12.0,True
1145,743,1,cancelled,monthly,2025-04-28,2025-05-22,0.0,0.0,,Not using it,2026-04-24 22:09:13.186774,GlowDynamics,Legal,small,US,United States,America/Chicago,margaret.hall@gmail.com,Margaret Hall,2025-02-05,referral,False,2025-05-22 15:35:58,Not enough users,,2026-04-24 22:09:13.186774,2026-04-24 22:09:13.186774,Free,free,0.0,0.0,5.0,3.0,1,True,2026-04-24 22:09:13.186774,0.0,True
1146,744,1,expired,monthly,2023-05-01,2023-12-27,0.0,15.0,,Not using it,2026-04-24 22:09:13.186774,CloudCorp,Logistics,enterprise,JP,Japan,Asia/Tokyo,ashley.rodriguez@cloudcorp.com,Ashley Rodriguez,2023-05-01,event,True,,,10.0,2026-04-24 22:09:13.186774,2026-04-24 22:09:13.186774,Free,free,0.0,0.0,5.0,3.0,1,True,2026-04-24 22:09:13.186774,0.0,False
1147,744,6,active,monthly,2023-12-27,,89.1,10.0,,,2026-04-24 22:09:13.186774,CloudCorp,Logistics,enterprise,JP,Japan,Asia/Tokyo,ashley.rodriguez@cloudcorp.com,Ashley Rodriguez,2023-05-01,event,True,,,10.0,2026-04-24 22:09:13.186774,2026-04-24 22:09:13.186774,Enterprise,enterprise,99.0,990.0,500.0,,100,True,2026-04-24 22:09:13.186774,99.0,False
1148,745,1,active,annual,2025-01-02,,0.0,0.0,,,2026-04-24 22:09:13.186774,NovaGroup,Marketing,medium,BR,Brazil,America/Sao_Paulo,thomas.walker@yahoo.com,Thomas Walker,2025-01-02,paid_ads,True,,,7.0,2026-04-24 22:09:13.186774,2026-04-24 22:09:13.186774,Free,free,0.0,0.0,5.0,3.0,1,True,2026-04-24 22:09:13.186774,0.0,False
1149,746,3,active,monthly,2024-10-01,,19.0,0.0,2024-10-15,,2026-04-24 22:09:13.186774,EchoTech,Technology,small,FR,France,Europe/Paris,richard.gonzalez@echotech.com,Richard Gonzalez,2024-10-01,partner,True,,,6.0,2026-04-24 22:09:13.186774,2026-04-24 22:09:13.186774,Starter Plus,starter,19.0,190.0,25.0,20.0,10,True,2026-04-24 22:09:13.186774,19.0,False
1150,747,4,cancelled,annual,2024-07-28,2025-04-02,32.5,0.0,2024-08-11,,2026-04-24 22:09:13.186774,Meta Analytics,Education,enterprise,AU,Australia,Australia/Sydney,emily.patel@startup.co,Emily Patel,2024-07-28,referral,True,,,,2026-04-24 22:09:13.186774,2026-04-24 22:09:13.186774,Professional,professional,39.0,390.0,50.0,50.0,25,True,2026-04-24 22:09:13.186774,39.0,False
1151,747,4,active,monthly,2025-04-02,,33.15,15.0,,,2026-04-24 22:09:13.186774,Meta Analytics,Education,enterprise,AU,Australia,Australia/Sydney,emily.patel@startup.co,Emily Patel,2024-07-28,referral,True,,,,2026-04-24 22:09:13.186774,2026-04-24 22:09:13.186774,Professional,professional,39.0,390.0,50.0,50.0,25,True,2026-04-24 22:09:13.186774,39.0,False
1152,748,2,expired,monthly,2025-03-01,2025-09-02,12.0,0.0,2025-03-15,,2026-04-24 22:09:13.186774,Nova Analytics,Finance,small,BR,Brazil,America/Sao_Paulo,michael.rodriguez@startup.co,Michael Rodriguez,2025-03-01,referral,True,,,,2026-04-24 22:09:13.186774,2026-04-24 22:09:13.186774,Starter,starter,12.0,120.0,15.0,10.0,5,True,2026-04-24 22:09:13.186774,12.0,False
1153,748,7,expired,annual,2025-09-02,2025-11-01,165.83,0.0,,Budget cuts,2026-04-24 22:09:13.186774,Nova Analytics,Finance,small,BR,Brazil,America/Sao_Paulo,michael.rodriguez@startup.co,Michael Rodriguez,2025-03-01,referral,True,,,,2026-04-24 22:09:13.186774,2026-04-24 22:09:13.186774,Enterprise Custom,enterprise,199.0,1990.0,,,500,True,2026-04-24 22:09:13.186774,199.0,False
1154,748,2,active,annual,2025-11-01,,10.0,0.0,,,2026-04-24 22:09:13.186774,Nova Analytics,Finance,small,BR,Brazil,America/Sao_Paulo,michael.rodriguez@startup.co,Michael Rodriguez,2025-03-01,referral,True,,,,2026-04-24 22:09:13.186774,2026-04-24 22:09:13.186774,Starter,starter,12.0,120.0,15.0,10.0,5,True,2026-04-24 22:09:13.186774,12.0,False
1155,749,3,cancelled,annual,2025-09-20,2025-11-19,15.83,0.0,2025-10-04,Not using it,2026-04-24 22:09:13.186774,Orbit Software,Healthcare,enterprise,BR,Brazil,America/Sao_Paulo,elizabeth.martinez@orbitsoftware.com,Elizabeth Martinez,2025-09-20,organic,False,2025-10-26 05:02:41,,5.0,2026-04-24 22:09:13.186774,2026-04-24 22:09:13.186774,Starter Plus,starter,19.0,190.0,25.0,20.0,10,True,2026-04-24 22:09:13.186774,19.0,True
1156,749,5,cancelled,monthly,2025-11-19,2026-01-18,59.0,0.0,,Switched competitor,2026-04-24 22:09:13.186774,Orbit Software,Healthcare,enterprise,BR,Brazil,America/Sao_Paulo,elizabeth.martinez@orbitsoftware.com,Elizabeth Martinez,2025-09-20,organic,False,2025-10-26 05:02:41,,5.0,2026-04-24 22:09:13.186774,2026-04-24 22:09:13.186774,Professional Plus,professional,59.0,590.0,100.0,100.0,50,True,2026-04-24 22:09:13.186774,59.0,True
1157,749,3,cancelled,monthly,2026-01-18,2025-10-26,19.0,0.0,,Budget cuts,2026-04-24 22:09:13.186774,Orbit Software,Healthcare,enterprise,BR,Brazil,America/Sao_Paulo,elizabeth.martinez@orbitsoftware.com,Elizabeth Martinez,2025-09-20,organic,False,2025-10-26 05:02:41,,5.0,2026-04-24 22:09:13.186774,2026-04-24 22:09:13.186774,Starter Plus,starter,19.0,190.0,25.0,20.0,10,True,2026-04-24 22:09:13.186774,19.0,True
1158,750,1,active,annual,2023-11-21,,0.0,0.0,,,2026-04-24 22:09:13.186774,TidalDev,E-commerce,medium,AU,Australia,Australia/Sydney,matthew.singh@protonmail.com,Matthew Singh,2023-11-21,partner,True,,,,2026-04-24 22:09:13.186774,2026-04-24 22:09:13.186774,Free,free,0.0,0.0,5.0,3.0,1,True,2026-04-24 22:09:13.186774,0.0,False
1159,751,1,expired,annual,2023-07-03,2023-09-17,0.0,25.0,,Missing features,2026-04-24 22:09:13.186774,Xenon HQ,Insurance,large,IN,India,Asia/Kolkata,olga.ramirez@hotmail.com,Olga Ramirez,2023-07-03,partner,True,,,,2026-04-24 22:09:13.186774,2026-04-24 22:09:13.186774,Free,free,0.0,0.0,5.0,3.0,1,True,2026-04-24 22:09:13.186774,0.0,False
1160,751,3,active,monthly,2023-09-17,,19.0,0.0,,,2026-04-24 22:09:13.186774,Xenon HQ,Insurance,large,IN,India,Asia/Kolkata,olga.ramirez@hotmail.com,Olga Ramirez,2023-07-03,partner,True,,,,2026-04-24 22:09:13.186774,2026-04-24 22:09:13.186774,Starter Plus,starter,19.0,190.0,25.0,20.0,10,True,2026-04-24 22:09:13.186774,19.0,False
1161,752,4,cancelled,monthly,2024-02-12,2025-09-04,39.0,0.0,2024-02-26,Not using it,2026-04-24 22:09:13.186774,AcmeVentures,Healthcare,small,DE,Germany,Europe/Berlin,steven.smith@protonmail.com,Steven Smith,2024-02-12,organic,False,2025-09-04 05:02:32,,4.0,2026-04-24 22:09:13.186774,2026-04-24 22:09:13.186774,Professional,professional,39.0,390.0,50.0,50.0,25,True,2026-04-24 22:09:13.186774,39.0,True
1162,753,2,active,monthly,2023-02-09,,12.0,0.0,2023-02-23,,2026-04-24 22:09:13.186774,TrekIO,Logistics,medium,CA,Canada,America/Toronto,barbara.walker@tech.dev,Barbara Walker,2023-02-09,paid_ads,True,,,,2026-04-24 22:09:13.186774,2026-04-24 22:09:13.186774,Starter,starter,12.0,120.0,15.0,10.0,5,True,2026-04-24 22:09:13.186774,12.0,False
1163,754,1,active,monthly,2023-10-12,,0.0,0.0,,,2026-04-24 22:09:13.186774,Ion Tech,Manufacturing,enterprise,US,United States,America/Chicago,patricia.lewis@outlook.com,Patricia Lewis,2023-10-12,organic,True,,,8.0,2026-04-24 22:09:13.186774,2026-04-24 22:09:13.186774,Free,free,0.0,0.0,5.0,3.0,1,True,2026-04-24 22:09:13.186774,0.0,False
1164,755,5,cancelled,monthly,2024-11-14,2025-05-23,59.0,0.0,2024-11-28,Missing features,2026-04-24 22:09:13.186774,VertexOps,Marketing,large,US,United States,America/Los_Angeles,emily.patel@startup.co,Emily Patel,2024-11-14,paid_ads,True,,,9.0,2026-04-24 22:09:13.186774,2026-04-24 22:09:13.186774,Professional Plus,professional,59.0,590.0,100.0,100.0,50,True,2026-04-24 22:09:13.186774,59.0,False
1165,755,1,active,monthly,2025-05-23,,0.0,0.0,,,2026-04-24 22:09:13.186774,VertexOps,Marketing,large,US,United States,America/Los_Angeles,emily.patel@startup.co,Emily Patel,2024-11-14,paid_ads,True,,,9.0,2026-04-24 22:09:13.186774,2026-04-24 22:09:13.186774,Free,free,0.0,0.0,5.0,3.0,1,True,2026-04-24 22:09:13.186774,0.0,False
1166,756,1,active,annual,2024-07-28,,0.0,25.0,,,2026-04-24 22:09:13.186774,Core AI,Education,medium,GB,United Kingdom,Europe/London,carlos.allen@gmail.com,Carlos Allen,2024-07-28,referral,True,,,8.0,2026-04-24 22:09:13.186774,2026-04-24 22:09:13.186774,Free,free,0.0,0.0,5.0,3.0,1,True,2026-04-24 22:09:13.186774,0.0,False
1167,757,3,expired,monthly,2025-08-23,2025-10-30,14.25,25.0,2025-09-06,Not using it,2026-04-24 22:09:13.186774,Link Stack,Technology,enterprise,US,United States,America/Los_Angeles,mei.smith@outlook.com,Mei Smith,2025-08-23,partner,True,,,,2026-04-24 22:09:13.186774,2026-04-24 22:09:13.186774,Starter Plus,starter,19.0,190.0,25.0,20.0,10,True,2026-04-24 22:09:13.186774,19.0,False
1168,757,4,expired,monthly,2025-10-30,2025-12-30,39.0,0.0,,,2026-04-24 22:09:13.186774,Link Stack,Technology,enterprise,US,United States,America/Los_Angeles,mei.smith@outlook.com,Mei Smith,2025-08-23,partner,True,,,,2026-04-24 22:09:13.186774,2026-04-24 22:09:13.186774,Professional,professional,39.0,390.0,50.0,50.0,25,True,2026-04-24 22:09:13.186774,39.0,False
1169,757,5,active,annual,2025-12-30,,49.17,0.0,,,2026-04-24 22:09:13.186774,Link Stack,Technology,enterprise,US,United States,America/Los_Angeles,mei.smith@outlook.com,Mei Smith,2025-08-23,partner,True,,,,2026-04-24 22:09:13.186774,2026-04-24 22:09:13.186774,Professional Plus,professional,59.0,590.0,100.0,100.0,50,True,2026-04-24 22:09:13.186774,59.0,False
1170,758,3,cancelled,monthly,2025-05-05,2025-09-20,19.0,0.0,2025-05-19,Not using it,2026-04-24 22:09:13.186774,VineHub,Education,small,AU,Australia,Australia/Sydney,yuki.jackson@company.io,Yuki Jackson,2025-05-05,event,False,2025-07-12 16:27:14,No longer needed,,2026-04-24 22:09:13.186774,2026-04-24 22:09:13.186774,Starter Plus,starter,19.0,190.0,25.0,20.0,10,True,2026-04-24 22:09:13.186774,19.0,True
1171,758,6,expired,monthly,2025-09-20,2025-11-19,99.0,0.0,,Company reorganization,2026-04-24 22:09:13.186774,VineHub,Education,small,AU,Australia,Australia/Sydney,yuki.jackson@company.io,Yuki Jackson,2025-05-05,event,False,2025-07-12 16:27:14,No longer needed,,2026-04-24 22:09:13.186774,2026-04-24 22:09:13.186774,Enterprise,enterprise,99.0,990.0,500.0,,100,True,2026-04-24 22:09:13.186774,99.0,True
1172,758,5,cancelled,annual,2025-11-19,2025-07-12,49.17,0.0,,Missing features,2026-04-24 22:09:13.186774,VineHub,Education,small,AU,Australia,Australia/Sydney,yuki.jackson@company.io,Yuki Jackson,2025-05-05,event,False,2025-07-12 16:27:14,No longer needed,,2026-04-24 22:09:13.186774,2026-04-24 22:09:13.186774,Professional Plus,professional,59.0,590.0,100.0,100.0,50,True,2026-04-24 22:09:13.186774,59.0,True
1173,759,1,active,monthly,2024-07-04,,0.0,20.0,,,2026-04-24 22:09:13.186774,LinkStudio,Logistics,medium,CA,Canada,America/Toronto,dmitri.green@corp.net,Dmitri Green,2024-07-04,organic,True,,,,2026-04-24 22:09:13.186774,2026-04-24 22:09:13.186774,Free,free,0.0,0.0,5.0,3.0,1,True,2026-04-24 22:09:13.186774,0.0,False
1174,760,1,expired,annual,2023-09-25,2024-09-22,0.0,15.0,,Budget cuts,2026-04-24 22:09:13.186774,SyncSoftware,Media,medium,FR,France,Europe/Paris,mei.moore@protonmail.com,Mei Moore,2023-09-25,paid_ads,False,2024-01-22 13:18:50,Outgrew the platform,,2026-04-24 22:09:13.186774,2026-04-24 22:09:13.186774,Free,free,0.0,0.0,5.0,3.0,1,True,2026-04-24 22:09:13.186774,0.0,True
1175,760,3,cancelled,monthly,2024-09-22,2024-01-22,19.0,0.0,,Switched competitor,2026-04-24 22:09:13.186774,SyncSoftware,Media,medium,FR,France,Europe/Paris,mei.moore@protonmail.com,Mei Moore,2023-09-25,paid_ads,False,2024-01-22 13:18:50,Outgrew the platform,,2026-04-24 22:09:13.186774,2026-04-24 22:09:13.186774,Starter Plus,starter,19.0,190.0,25.0,20.0,10,True,2026-04-24 22:09:13.186774,19.0,True
1176,761,1,expired,monthly,2025-06-09,2025-10-11,0.0,15.0,,Too expensive,2026-04-24 22:09:13.186774,EchoDigital,Marketing,small,BR,Brazil,America/Sao_Paulo,matthew.nelson@outlook.com,Matthew Nelson,2025-06-09,organic,True,,,7.0,2026-04-24 22:09:13.186774,2026-04-24 22:09:13.186774,Free,free,0.0,0.0,5.0,3.0,1,True,2026-04-24 22:09:13.186774,0.0,False
1177,761,2,active,monthly,2025-10-11,,12.0,0.0,,,2026-04-24 22:09:13.186774,EchoDigital,Marketing,small,BR,Brazil,America/Sao_Paulo,matthew.nelson@outlook.com,Matthew Nelson,2025-06-09,organic,True,,,7.0,2026-04-24 22:09:13.186774,2026-04-24 22:09:13.186774,Starter,starter,12.0,120.0,15.0,10.0,5,True,2026-04-24 22:09:13.186774,12.0,False
1178,762,3,active,monthly,2024-12-12,,19.0,0.0,2024-12-26,,2026-04-24 22:09:13.186774,Wave Cloud,Finance,medium,JP,Japan,Asia/Tokyo,Barbara.Kim@enterprise.com,Barbara Kim,2024-12-12,event,True,,,9.0,2026-04-24 22:09:13.186774,2026-04-24 22:09:13.186774,Starter Plus,starter,19.0,190.0,25.0,20.0,10,True,2026-04-24 22:09:13.186774,19.0,False
1179,763,4,expired,annual,2023-06-17,2024-04-10,32.5,0.0,2023-07-01,Company reorganization,2026-04-24 22:09:13.186774,CloudPlatform,Telecommunications,medium,US,United States,America/Chicago,anthony.ramirez@startup.co,Anthony Ramirez,2023-06-17,partner,True,,,,2026-04-24 22:09:13.186774,2026-04-24 22:09:13.186774,Professional,professional,39.0,390.0,50.0,50.0,25,True,2026-04-24 22:09:13.186774,39.0,False
1180,763,6,active,monthly,2024-04-10,,99.0,0.0,,,2026-04-24 22:09:13.186774,CloudPlatform,Telecommunications,medium,US,United States,America/Chicago,anthony.ramirez@startup.co,Anthony Ramirez,2023-06-17,partner,True,,,,2026-04-24 22:09:13.186774,2026-04-24 22:09:13.186774,Enterprise,enterprise,99.0,990.0,500.0,,100,True,2026-04-24 22:09:13.186774,99.0,False
1181,764,5,cancelled,monthly,2024-04-16,2024-09-07,53.1,10.0,2024-04-30,Company reorganization,2026-04-24 22:09:13.186774,Quest Works,Insurance,small,US,United States,America/Chicago,karen.muller@enterprise.com,Karen Muller,2024-04-16,event,False,2024-09-07 13:25:54,Missing features,,2026-04-24 22:09:13.186774,2026-04-24 22:09:13.186774,Professional Plus,professional,59.0,590.0,100.0,100.0,50,True,2026-04-24 22:09:13.186774,59.0,True
1182,765,1,cancelled,monthly,2023-12-19,2025-03-20,0.0,20.0,,Missing features,2026-04-24 22:09:13.186774,Nova Corp,Healthcare,large,GB,United Kingdom,Europe/London,elizabeth.baker@gmail.com,Elizabeth Baker,2023-12-19,referral,False,2025-03-20 01:33:24,,1.0,2026-04-24 22:09:13.186774,2026-04-24 22:09:13.186774,Free,free,0.0,0.0,5.0,3.0,1,True,2026-04-24 22:09:13.186774,0.0,True
1183,766,5,active,monthly,2025-07-08,,59.0,0.0,2025-07-22,,2026-04-24 22:09:13.186774,QuestLogic,Legal,small,US,United States,America/Chicago,matthew.rodriguez@startup.co,Matthew Rodriguez,2025-07-08,organic,True,,,,2026-04-24 22:09:13.186774,2026-04-24 22:09:13.186774,Professional Plus,professional,59.0,590.0,100.0,100.0,50,True,2026-04-24 22:09:13.186774,59.0,False
1184,767,4,expired,monthly,2024-10-23,2025-06-28,35.1,10.0,2024-11-06,Too expensive,2026-04-24 22:09:13.186774,Mist Solutions,Insurance,small,IN,India,Asia/Kolkata,nancy.perez+test@startup.co,Nancy Perez,2024-10-23,event,True,,,2.0,2026-04-24 22:09:13.186774,2026-04-24 22:09:13.186774,Professional,professional,39.0,390.0,50.0,50.0,25,True,2026-04-24 22:09:13.186774,39.0,False
1185,767,7,active,monthly,2025-06-28,,199.0,0.0,,,2026-04-24 22:09:13.186774,Mist Solutions,Insurance,small,IN,India,Asia/Kolkata,nancy.perez+test@startup.co,Nancy Perez,2024-10-23,event,True,,,2.0,2026-04-24 22:09:13.186774,2026-04-24 22:09:13.186774,Enterprise Custom,enterprise,199.0,1990.0,,,500,True,2026-04-24 22:09:13.186774,199.0,False
1186,768,4,expired,annual,2025-09-08,2025-11-08,24.38,25.0,2025-09-22,Switched competitor,2026-04-24 22:09:13.186774,BeamTech,Logistics,small,AU,Australia,Australia/Sydney,elizabeth.jackson@beamtech.com,Elizabeth Jackson,2025-09-08,referral,True,,,7.0,2026-04-24 22:09:13.186774,2026-04-24 22:09:13.186774,Professional,professional,39.0,390.0,50.0,50.0,25,True,2026-04-24 22:09:13.186774,39.0,False
1187,768,3,active,annual,2025-11-08,,15.83,0.0,,,2026-04-24 22:09:13.186774,BeamTech,Logistics,small,AU,Australia,Australia/Sydney,elizabeth.jackson@beamtech.com,Elizabeth Jackson,2025-09-08,referral,True,,,7.0,2026-04-24 22:09:13.186774,2026-04-24 22:09:13.186774,Starter Plus,starter,19.0,190.0,25.0,20.0,10,True,2026-04-24 22:09:13.186774,19.0,False
1188,769,1,cancelled,monthly,2024-10-31,2025-08-31,0.0,0.0,,Company reorganization,2026-04-24 22:09:13.186774,UnitSystems,Manufacturing,enterprise,US,United States,America/New_York,william.lee@unitsystems.com,William Lee,2024-10-31,event,True,,,9.0,2026-04-24 22:09:13.186774,2026-04-24 22:09:13.186774,Free,free,0.0,0.0,5.0,3.0,1,True,2026-04-24 22:09:13.186774,0.0,False
1189,769,6,active,monthly,2025-08-31,,89.1,10.0,,,2026-04-24 22:09:13.186774,UnitSystems,Manufacturing,enterprise,US,United States,America/New_York,william.lee@unitsystems.com,William Lee,2024-10-31,event,True,,,9.0,2026-04-24 22:09:13.186774,2026-04-24 22:09:13.186774,Enterprise,enterprise,99.0,990.0,500.0,,100,True,2026-04-24 22:09:13.186774,99.0,False
1190,770,4,active,monthly,2023-04-25,,39.0,0.0,2023-05-09,,2026-04-24 22:09:13.186774,BeamAnalytics,Healthcare,medium,CA,Canada,America/Toronto,steven.white@tech.dev,Steven White,2023-04-25,organic,True,,,,2026-04-24 22:09:13.186774,2026-04-24 22:09:13.186774,Professional,professional,39.0,390.0,50.0,50.0,25,True,2026-04-24 22:09:13.186774,39.0,False
1191,771,2,expired,annual,2023-10-16,2024-04-12,10.0,0.0,2023-10-30,Missing features,2026-04-24 22:09:13.186774,Vertex Net,Real Estate,small,GB,United Kingdom,Europe/London,steven.ivanov@vertexnet.com,Steven Ivanov,2023-10-16,organic,False,2025-09-19 02:46:02,Not enough users,0.0,2026-04-24 22:09:13.186774,2026-04-24 22:09:13.186774,Starter,starter,12.0,120.0,15.0,10.0,5,True,2026-04-24 22:09:13.186774,12.0,True
1192,771,5,cancelled,monthly,2024-04-12,2025-09-19,59.0,0.0,,Budget cuts,2026-04-24 22:09:13.186774,Vertex Net,Real Estate,small,GB,United Kingdom,Europe/London,steven.ivanov@vertexnet.com,Steven Ivanov,2023-10-16,organic,False,2025-09-19 02:46:02,Not enough users,0.0,2026-04-24 22:09:13.186774,2026-04-24 22:09:13.186774,Professional Plus,professional,59.0,590.0,100.0,100.0,50,True,2026-04-24 22:09:13.186774,59.0,True
1193,772,1,cancelled,annual,2024-09-02,2024-10-30,0.0,0.0,,Budget cuts,2026-04-24 22:09:13.186774,SyncHub,Media,small,US,United States,America/Los_Angeles,christopher.thompson@protonmail.com,Christopher Thompson,2024-09-02,partner,False,2024-10-30 10:30:13,Outgrew the platform,,2026-04-24 22:09:13.186774,2026-04-24 22:09:13.186774,Free,free,0.0,0.0,5.0,3.0,1,True,2026-04-24 22:09:13.186774,0.0,True
1194,773,2,expired,monthly,2023-02-11,2024-02-02,12.0,0.0,2023-02-25,Budget cuts,2026-04-24 22:09:13.186774,Flux Corp,Telecommunications,small,IN,India,Asia/Kolkata,sandra.hall@tech.dev,Sandra Hall,2023-02-11,referral,False,2024-10-12 02:49:02,Too expensive,10.0,2026-04-24 22:09:13.186774,2026-04-24 22:09:13.186774,Starter,starter,12.0,120.0,15.0,10.0,5,True,2026-04-24 22:09:13.186774,12.0,True
1195,773,2,cancelled,annual,2024-02-02,2024-10-12,10.0,0.0,,Company reorganization,2026-04-24 22:09:13.186774,Flux Corp,Telecommunications,small,IN,India,Asia/Kolkata,sandra.hall@tech.dev,Sandra Hall,2023-02-11,referral,False,2024-10-12 02:49:02,Too expensive,10.0,2026-04-24 22:09:13.186774,2026-04-24 22:09:13.186774,Starter,starter,12.0,120.0,15.0,10.0,5,True,2026-04-24 22:09:13.186774,12.0,True
1196,774,1,active,annual,2025-01-30,,0.0,0.0,,,2026-04-24 22:09:13.186774,YieldDev,Healthcare,small,SG,Singapore,Asia/Singapore,ahmed.martin+test@protonmail.com,Ahmed Martin,2025-01-30,organic,True,,,,2026-04-24 22:09:13.186774,2026-04-24 22:09:13.186774,Free,free,0.0,0.0,5.0,3.0,1,True,2026-04-24 22:09:13.186774,0.0,False
1197,775,2,active,monthly,2023-08-09,,12.0,0.0,2023-08-23,,2026-04-24 22:09:13.186774,HubSoftware,Education,medium,JP,Japan,Asia/Tokyo,paul.muller@company.io,Paul Muller,2023-08-09,paid_ads,True,,,9.0,2026-04-24 22:09:13.186774,2026-04-24 22:09:13.186774,Starter,starter,12.0,120.0,15.0,10.0,5,True,2026-04-24 22:09:13.186774,12.0,False
1198,776,2,cancelled,monthly,2023-08-19,2024-05-27,12.0,0.0,2023-09-02,Switched competitor,2026-04-24 22:09:13.186774,Arc Software,Technology,enterprise,AU,Australia,Australia/Sydney,wei.rodriguez@arcsoftware.com,Wei Rodriguez,2023-08-19,referral,False,2024-05-27 03:08:50,Missing features,1.0,2026-04-24 22:09:13.186774,2026-04-24 22:09:13.186774,Starter,starter,12.0,120.0,15.0,10.0,5,True,2026-04-24 22:09:13.186774,12.0,True
1199,777,2,active,monthly,2023-06-05,,12.0,0.0,2023-06-19,,2026-04-24 22:09:13.186774,LinkCorp,Marketing,medium,AU,Australia,Australia/Sydney,Donald.Scott@company.io,Donald Scott,2023-06-05,partner,True,,,,2026-04-24 22:09:13.186774,2026-04-24 22:09:13.186774,Starter,starter,12.0,120.0,15.0,10.0,5,True,2026-04-24 22:09:13.186774,12.0,False
1200,778,3,cancelled,monthly,2023-03-27,2024-02-12,19.0,0.0,2023-04-10,Too expensive,2026-04-24 22:09:13.186774,Yield Analytics,Manufacturing,small,SG,Singapore,Asia/Singapore,ana.torres@tech.dev,Ana Torres,2023-03-27,organic,True,,,,2026-04-24 22:09:13.186774,2026-04-24 22:09:13.186774,Starter Plus,starter,19.0,190.0,25.0,20.0,10,True,2026-04-24 22:09:13.186774,19.0,False
1201,778,2,cancelled,monthly,2024-02-12,2024-10-07,12.0,0.0,,Switched competitor,2026-04-24 22:09:13.186774,Yield Analytics,Manufacturing,small,SG,Singapore,Asia/Singapore,ana.torres@tech.dev,Ana Torres,2023-03-27,organic,True,,,,2026-04-24 22:09:13.186774,2026-04-24 22:09:13.186774,Starter,starter,12.0,120.0,15.0,10.0,5,True,2026-04-24 22:09:13.186774,12.0,False
1202,778,3,active,monthly,2024-10-07,,19.0,0.0,,,2026-04-24 22:09:13.186774,Yield Analytics,Manufacturing,small,SG,Singapore,Asia/Singapore,ana.torres@tech.dev,Ana Torres,2023-03-27,organic,True,,,,2026-04-24 22:09:13.186774,2026-04-24 22:09:13.186774,Starter Plus,starter,19.0,190.0,25.0,20.0,10,True,2026-04-24 22:09:13.186774,19.0,False
1203,779,4,expired,monthly,2024-03-01,2025-02-15,39.0,0.0,2024-03-15,,2026-04-24 22:09:13.186774,TidalCloud,Consulting,large,CA,Canada,America/Toronto,mary.martinez@company.io,Mary Martinez,2024-03-01,referral,True,,,10.0,2026-04-24 22:09:13.186774,2026-04-24 22:09:13.186774,Professional,professional,39.0,390.0,50.0,50.0,25,True,2026-04-24 22:09:13.186774,39.0,False
1204,779,6,active,monthly,2025-02-15,,89.1,10.0,,,2026-04-24 22:09:13.186774,TidalCloud,Consulting,large,CA,Canada,America/Toronto,mary.martinez@company.io,Mary Martinez,2024-03-01,referral,True,,,10.0,2026-04-24 22:09:13.186774,2026-04-24 22:09:13.186774,Enterprise,enterprise,99.0,990.0,500.0,,100,True,2026-04-24 22:09:13.186774,99.0,False
1205,780,3,expired,annual,2023-06-12,2024-02-07,15.83,0.0,2023-06-26,,2026-04-24 22:09:13.186774,IonLogic,Retail,small,US,United States,America/Chicago,betty.wilson@protonmail.com,Betty Wilson,2023-06-12,organic,True,,,,2026-04-24 22:09:13.186774,2026-04-24 22:09:13.186774,Starter Plus,starter,19.0,190.0,25.0,20.0,10,True,2026-04-24 22:09:13.186774,19.0,False
1206,780,2,active,monthly,2024-02-07,,10.8,10.0,,,2026-04-24 22:09:13.186774,IonLogic,Retail,small,US,United States,America/Chicago,betty.wilson@protonmail.com,Betty Wilson,2023-06-12,organic,True,,,,2026-04-24 22:09:13.186774,2026-04-24 22:09:13.186774,Starter,starter,12.0,120.0,15.0,10.0,5,True,2026-04-24 22:09:13.186774,12.0,False
1207,781,2,expired,monthly,2024-06-29,2025-02-17,10.2,15.0,2024-07-13,,2026-04-24 22:09:13.186774,JadeCorp,E-commerce,medium,BR,Brazil,America/Sao_Paulo,sarah.lee@company.io,Sarah Lee,2024-06-29,referral,True,,,,2026-04-24 22:09:13.186774,2026-04-24 22:09:13.186774,Starter,starter,12.0,120.0,15.0,10.0,5,True,2026-04-24 22:09:13.186774,12.0,False
1208,781,3,active,annual,2025-02-17,,15.83,0.0,,,2026-04-24 22:09:13.186774,JadeCorp,E-commerce,medium,BR,Brazil,America/Sao_Paulo,sarah.lee@company.io,Sarah Lee,2024-06-29,referral,True,,,,2026-04-24 22:09:13.186774,2026-04-24 22:09:13.186774,Starter Plus,starter,19.0,190.0,25.0,20.0,10,True,2026-04-24 22:09:13.186774,19.0,False
1209,782,1,active,annual,2024-11-30,,0.0,0.0,,,2026-04-24 22:09:13.186774,Core Solutions,Telecommunications,enterprise,US,United States,America/Los_Angeles,Betty.Jackson@enterprise.com,Betty Jackson,2024-11-30,organic,True,,,8.0,2026-04-24 22:09:13.186774,2026-04-24 22:09:13.186774,Free,free,0.0,0.0,5.0,3.0,1,True,2026-04-24 22:09:13.186774,0.0,False
1210,783,1,active,annual,2024-10-02,,0.0,0.0,,,2026-04-24 22:09:13.186774,Nexus Dev,Healthcare,medium,BR,Brazil,America/Sao_Paulo,olga.clark@hotmail.com,Olga Clark,2024-10-02,organic,True,,,7.0,2026-04-24 22:09:13.186774,2026-04-24 22:09:13.186774,Free,free,0.0,0.0,5.0,3.0,1,True,2026-04-24 22:09:13.186774,0.0,False
1211,784,6,cancelled,annual,2023-09-05,2024-04-18,82.5,0.0,2023-09-19,,2026-04-24 22:09:13.186774,TrekSoftware,Education,small,US,United States,America/New_York,susan.torres@corp.net,Susan Torres,2023-09-05,referral,True,,,,2026-04-24 22:09:13.186774,2026-04-24 22:09:13.186774,Enterprise,enterprise,99.0,990.0,500.0,,100,True,2026-04-24 22:09:13.186774,99.0,False
1212,784,5,cancelled,annual,2024-04-18,2025-03-21,49.17,0.0,,Switched competitor,2026-04-24 22:09:13.186774,TrekSoftware,Education,small,US,United States,America/New_York,susan.torres@corp.net,Susan Torres,2023-09-05,referral,True,,,,2026-04-24 22:09:13.186774,2026-04-24 22:09:13.186774,Professional Plus,professional,59.0,590.0,100.0,100.0,50,True,2026-04-24 22:09:13.186774,59.0,False
1213,784,3,active,monthly,2025-03-21,,16.15,15.0,,,2026-04-24 22:09:13.186774,TrekSoftware,Education,small,US,United States,America/New_York,susan.torres@corp.net,Susan Torres,2023-09-05,referral,True,,,,2026-04-24 22:09:13.186774,2026-04-24 22:09:13.186774,Starter Plus,starter,19.0,190.0,25.0,20.0,10,True,2026-04-24 22:09:13.186774,19.0,False
1214,785,4,active,monthly,2024-04-26,,39.0,0.0,2024-05-10,,2026-04-24 22:09:13.186774,MistWorks,Telecommunications,small,GB,United Kingdom,Europe/London,sandra.patel+work@startup.co,Sandra Patel,2024-04-26,event,True,,,7.0,2026-04-24 22:09:13.186774,2026-04-24 22:09:13.186774,Professional,professional,39.0,390.0,50.0,50.0,25,True,2026-04-24 22:09:13.186774,39.0,False
1215,786,4,expired,monthly,2025-04-28,2025-10-17,39.0,0.0,2025-05-12,Budget cuts,2026-04-24 22:09:13.186774,Zeal Group,Logistics,medium,FR,France,Europe/Paris,mary.lewis@protonmail.com,Mary Lewis,2025-04-28,organic,True,,,,2026-04-24 22:09:13.186774,2026-04-24 22:09:13.186774,Professional,professional,39.0,390.0,50.0,50.0,25,True,2026-04-24 22:09:13.186774,39.0,False
1216,786,3,cancelled,annual,2025-10-17,2025-12-16,15.83,0.0,,Budget cuts,2026-04-24 22:09:13.186774,Zeal Group,Logistics,medium,FR,France,Europe/Paris,mary.lewis@protonmail.com,Mary Lewis,2025-04-28,organic,True,,,,2026-04-24 22:09:13.186774,2026-04-24 22:09:13.186774,Starter Plus,starter,19.0,190.0,25.0,20.0,10,True,2026-04-24 22:09:13.186774,19.0,False
1217,786,3,active,monthly,2025-12-16,,14.25,25.0,,,2026-04-24 22:09:13.186774,Zeal Group,Logistics,medium,FR,France,Europe/Paris,mary.lewis@protonmail.com,Mary Lewis,2025-04-28,organic,True,,,,2026-04-24 22:09:13.186774,2026-04-24 22:09:13.186774,Starter Plus,starter,19.0,190.0,25.0,20.0,10,True,2026-04-24 22:09:13.186774,19.0,False
1218,787,2,active,annual,2023-03-17,,10.0,0.0,2023-03-31,,2026-04-24 22:09:13.186774,UnitSolutions,Logistics,small,US,United States,America/Los_Angeles,jessica.muller@company.io,Jessica Muller,2023-03-17,partner,True,,,,2026-04-24 22:09:13.186774,2026-04-24 22:09:13.186774,Starter,starter,12.0,120.0,15.0,10.0,5,True,2026-04-24 22:09:13.186774,12.0,False
1219,788,1,cancelled,annual,2023-05-24,2024-09-13,0.0,0.0,,Not using it,2026-04-24 22:09:13.186774,WarpAnalytics,Legal,medium,IN,India,Asia/Kolkata,mei.lewis@warpanalytics.com,Mei Lewis,2023-05-24,organic,False,2024-09-13 01:27:57,Too expensive,2.0,2026-04-24 22:09:13.186774,2026-04-24 22:09:13.186774,Free,free,0.0,0.0,5.0,3.0,1,True,2026-04-24 22:09:13.186774,0.0,True
1220,789,4,active,monthly,2023-10-27,,39.0,0.0,2023-11-10,,2026-04-24 22:09:13.186774,TrekSolutions,Education,medium,FR,France,Europe/Paris,mark.baker@treksolutions.com,Mark Baker,2023-10-27,partner,True,,,5.0,2026-04-24 22:09:13.186774,2026-04-24 22:09:13.186774,Professional,professional,39.0,390.0,50.0,50.0,25,True,2026-04-24 22:09:13.186774,39.0,False
1221,790,2,cancelled,monthly,2024-10-21,2025-10-17,12.0,0.0,2024-11-04,Not using it,2026-04-24 22:09:13.186774,Acme Analytics,Marketing,large,JP,Japan,Asia/Tokyo,ahmed.king@yahoo.com,Ahmed King,2024-10-21,referral,False,2025-10-17 02:54:20,Outgrew the platform,2.0,2026-04-24 22:09:13.186774,2026-04-24 22:09:13.186774,Starter,starter,12.0,120.0,15.0,10.0,5,True,2026-04-24 22:09:13.186774,12.0,True
1222,791,4,active,annual,2025-03-07,,32.5,0.0,2025-03-21,,2026-04-24 22:09:13.186774,EchoSolutions,Manufacturing,small,SG,Singapore,Asia/Singapore,robert.perez@yahoo.com,Robert Perez,2025-03-07,referral,True,,,5.0,2026-04-24 22:09:13.186774,2026-04-24 22:09:13.186774,Professional,professional,39.0,390.0,50.0,50.0,25,True,2026-04-24 22:09:13.186774,39.0,False
1223,792,4,active,annual,2025-09-20,,32.5,0.0,2025-10-04,,2026-04-24 22:09:13.186774,Onyx Systems,Marketing,medium,US,United States,America/Chicago,sarah.scott@tech.dev,Sarah Scott,2025-09-20,partner,True,,,8.0,2026-04-24 22:09:13.186774,2026-04-24 22:09:13.186774,Professional,professional,39.0,390.0,50.0,50.0,25,True,2026-04-24 22:09:13.186774,39.0,False
1224,793,2,cancelled,monthly,2025-01-30,2025-10-25,12.0,0.0,2025-02-13,Budget cuts,2026-04-24 22:09:13.186774,Peak Platform,E-commerce,large,FR,France,Europe/Paris,Sandra.Lopez@tech.dev,Sandra Lopez,2025-01-30,partner,False,2025-03-25 17:26:14,No longer needed,0.0,2026-04-24 22:09:13.186774,2026-04-24 22:09:13.186774,Starter,starter,12.0,120.0,15.0,10.0,5,True,2026-04-24 22:09:13.186774,12.0,True
1225,793,2,cancelled,monthly,2025-10-25,2025-12-25,12.0,0.0,,Company reorganization,2026-04-24 22:09:13.186774,Peak Platform,E-commerce,large,FR,France,Europe/Paris,Sandra.Lopez@tech.dev,Sandra Lopez,2025-01-30,partner,False,2025-03-25 17:26:14,No longer needed,0.0,2026-04-24 22:09:13.186774,2026-04-24 22:09:13.186774,Starter,starter,12.0,120.0,15.0,10.0,5,True,2026-04-24 22:09:13.186774,12.0,True
1226,793,6,cancelled,annual,2025-12-25,2025-03-25,82.5,0.0,,,2026-04-24 22:09:13.186774,Peak Platform,E-commerce,large,FR,France,Europe/Paris,Sandra.Lopez@tech.dev,Sandra Lopez,2025-01-30,partner,False,2025-03-25 17:26:14,No longer needed,0.0,2026-04-24 22:09:13.186774,2026-04-24 22:09:13.186774,Enterprise,enterprise,99.0,990.0,500.0,,100,True,2026-04-24 22:09:13.186774,99.0,True
1227,794,5,active,annual,2023-04-30,,49.17,0.0,2023-05-14,,2026-04-24 22:09:13.186774,PulseVentures,Consulting,medium,US,United States,America/Chicago,paul.muller@outlook.com,Paul Muller,2023-04-30,partner,True,,,3.0,2026-04-24 22:09:13.186774,2026-04-24 22:09:13.186774,Professional Plus,professional,59.0,590.0,100.0,100.0,50,True,2026-04-24 22:09:13.186774,59.0,False
1228,795,5,active,annual,2023-01-01,,49.17,0.0,2023-01-15,,2026-04-24 22:09:13.186774,Acme Ventures,Manufacturing,enterprise,US,United States,America/Chicago,olga.lewis@corp.net,Olga Lewis,2023-01-01,paid_ads,True,,,6.0,2026-04-24 22:09:13.186774,2026-04-24 22:09:13.186774,Professional Plus,professional,59.0,590.0,100.0,100.0,50,True,2026-04-24 22:09:13.186774,59.0,False
1229,796,1,active,annual,2023-11-23,,0.0,0.0,,,2026-04-24 22:09:13.186774,Iris Platform,Marketing,small,SG,Singapore,Asia/Singapore,kimberly.allen@yahoo.com,Kimberly Allen,2023-11-23,paid_ads,True,,,7.0,2026-04-24 22:09:13.186774,2026-04-24 22:09:13.186774,Free,free,0.0,0.0,5.0,3.0,1,True,2026-04-24 22:09:13.186774,0.0,False
1230,797,2,active,monthly,2025-02-20,,12.0,0.0,2025-03-06,,2026-04-24 22:09:13.186774,EdgeHub,Education,small,CA,Canada,America/Toronto,lisa.green@hotmail.com,Lisa Green,2025-02-20,referral,True,,,6.0,2026-04-24 22:09:13.186774,2026-04-24 22:09:13.186774,Starter,starter,12.0,120.0,15.0,10.0,5,True,2026-04-24 22:09:13.186774,12.0,False
1231,798,2,cancelled,monthly,2023-06-10,2024-02-08,9.6,20.0,2023-06-24,Missing features,2026-04-24 22:09:13.186774,NexusSoftware,Finance,small,US,United States,America/Los_Angeles,richard.singh@yahoo.com,Richard Singh,2023-06-10,organic,True,,,7.0,2026-04-24 22:09:13.186774,2026-04-24 22:09:13.186774,Starter,starter,12.0,120.0,15.0,10.0,5,True,2026-04-24 22:09:13.186774,12.0,False
1232,798,3,active,monthly,2024-02-08,,19.0,0.0,,,2026-04-24 22:09:13.186774,NexusSoftware,Finance,small,US,United States,America/Los_Angeles,richard.singh@yahoo.com,Richard Singh,2023-06-10,organic,True,,,7.0,2026-04-24 22:09:13.186774,2026-04-24 22:09:13.186774,Starter Plus,starter,19.0,190.0,25.0,20.0,10,True,2026-04-24 22:09:13.186774,19.0,False
1233,799,2,cancelled,monthly,2024-03-11,2025-01-16,12.0,0.0,2024-03-25,Budget cuts,2026-04-24 22:09:13.186774,Quark IO,Telecommunications,enterprise,DE,Germany,Europe/Berlin,nancy.martinez@company.io,Nancy Martinez,2024-03-11,organic,True,,,,2026-04-24 22:09:13.186774,2026-04-24 22:09:13.186774,Starter,starter,12.0,120.0,15.0,10.0,5,True,2026-04-24 22:09:13.186774,12.0,False
1234,799,5,active,annual,2025-01-16,,49.17,0.0,,,2026-04-24 22:09:13.186774,Quark IO,Telecommunications,enterprise,DE,Germany,Europe/Berlin,nancy.martinez@company.io,Nancy Martinez,2024-03-11,organic,True,,,,2026-04-24 22:09:13.186774,2026-04-24 22:09:13.186774,Professional Plus,professional,59.0,590.0,100.0,100.0,50,True,2026-04-24 22:09:13.186774,59.0,False
1235,800,5,cancelled,annual,2025-01-03,2025-03-08,49.17,0.0,2025-01-17,Budget cuts,2026-04-24 22:09:13.186774,Arc Studio,Logistics,enterprise,US,United States,America/Los_Angeles,sandra.singh@hotmail.com,Sandra Singh,2025-01-03,organic,True,,,,2026-04-24 22:09:13.186774,2026-04-24 22:09:13.186774,Professional Plus,professional,59.0,590.0,100.0,100.0,50,True,2026-04-24 22:09:13.186774,59.0,False
1236,800,5,cancelled,monthly,2025-03-08,2025-10-26,59.0,0.0,,Not using it,2026-04-24 22:09:13.186774,Arc Studio,Logistics,enterprise,US,United States,America/Los_Angeles,sandra.singh@hotmail.com,Sandra Singh,2025-01-03,organic,True,,,,2026-04-24 22:09:13.186774,2026-04-24 22:09:13.186774,Professional Plus,professional,59.0,590.0,100.0,100.0,50,True,2026-04-24 22:09:13.186774,59.0,False
1237,800,5,active,monthly,2025-10-26,,59.0,0.0,,,2026-04-24 22:09:13.186774,Arc Studio,Logistics,enterprise,US,United States,America/Los_Angeles,sandra.singh@hotmail.com,Sandra Singh,2025-01-03,organic,True,,,,2026-04-24 22:09:13.186774,2026-04-24 22:09:13.186774,Professional Plus,professional,59.0,590.0,100.0,100.0,50,True,2026-04-24 22:09:13.186774,59.0,False
1238,801,5,cancelled,monthly,2023-04-20,2024-01-24,59.0,0.0,2023-05-04,Too expensive,2026-04-24 22:09:13.186774,UltraCorp,Marketing,medium,JP,Japan,Asia/Tokyo,ahmed.gonzalez@enterprise.com,Ahmed Gonzalez,2023-04-20,referral,False,2024-01-24 04:48:52,Company closed,,2026-04-24 22:09:13.186774,2026-04-24 22:09:13.186774,Professional Plus,professional,59.0,590.0,100.0,100.0,50,True,2026-04-24 22:09:13.186774,59.0,True
1239,802,4,active,annual,2024-10-16,,32.5,0.0,2024-10-30,,2026-04-24 22:09:13.186774,CloudHub,Legal,large,CA,Canada,America/Toronto,jessica.moore@cloudhub.com,Jessica Moore,2024-10-16,event,True,,,7.0,2026-04-24 22:09:13.186774,2026-04-24 22:09:13.186774,Professional,professional,39.0,390.0,50.0,50.0,25,True,2026-04-24 22:09:13.186774,39.0,False
1240,803,4,cancelled,annual,2024-07-29,2025-03-06,32.5,0.0,2024-08-12,Missing features,2026-04-24 22:09:13.186774,Vine Tech,Marketing,enterprise,FR,France,Europe/Paris,anthony.ivanov@protonmail.com,Anthony Ivanov,2024-07-29,event,False,2025-03-06 11:21:23,Company closed,6.0,2026-04-24 22:09:13.186774,2026-04-24 22:09:13.186774,Professional,professional,39.0,390.0,50.0,50.0,25,True,2026-04-24 22:09:13.186774,39.0,True
1241,804,1,cancelled,monthly,2023-08-08,2025-09-03,0.0,10.0,,Company reorganization,2026-04-24 22:09:13.186774,Zeal Tech,Retail,enterprise,FR,France,Europe/Paris,yuki.chen@enterprise.com,Yuki Chen,2023-08-08,event,False,2025-09-03 12:28:25,Missing features,2.0,2026-04-24 22:09:13.186774,2026-04-24 22:09:13.186774,Free,free,0.0,0.0,5.0,3.0,1,True,2026-04-24 22:09:13.186774,0.0,True
1242,805,2,cancelled,monthly,2024-08-02,2024-11-03,12.0,0.0,2024-08-16,Missing features,2026-04-24 22:09:13.186774,Arc Corp,Manufacturing,enterprise,CA,Canada,America/Toronto,hassan.brown@tech.dev,Hassan Brown,2024-08-02,organic,True,,,7.0,2026-04-24 22:09:13.186774,2026-04-24 22:09:13.186774,Starter,starter,12.0,120.0,15.0,10.0,5,True,2026-04-24 22:09:13.186774,12.0,False
1243,805,2,expired,annual,2024-11-03,2025-08-18,10.0,0.0,,Too expensive,2026-04-24 22:09:13.186774,Arc Corp,Manufacturing,enterprise,CA,Canada,America/Toronto,hassan.brown@tech.dev,Hassan Brown,2024-08-02,organic,True,,,7.0,2026-04-24 22:09:13.186774,2026-04-24 22:09:13.186774,Starter,starter,12.0,120.0,15.0,10.0,5,True,2026-04-24 22:09:13.186774,12.0,False
1244,805,4,active,annual,2025-08-18,,32.5,0.0,,,2026-04-24 22:09:13.186774,Arc Corp,Manufacturing,enterprise,CA,Canada,America/Toronto,hassan.brown@tech.dev,Hassan Brown,2024-08-02,organic,True,,,7.0,2026-04-24 22:09:13.186774,2026-04-24 22:09:13.186774,Professional,professional,39.0,390.0,50.0,50.0,25,True,2026-04-24 22:09:13.186774,39.0,False
1245,806,4,expired,annual,2024-06-09,2024-08-12,32.5,0.0,2024-06-23,Budget cuts,2026-04-24 22:09:13.186774,Vertex Stack,Healthcare,large,US,United States,America/Chicago,andrew.garcia@tech.dev,Andrew Garcia,2024-06-09,partner,True,,,10.0,2026-04-24 22:09:13.186774,2026-04-24 22:09:13.186774,Professional,professional,39.0,390.0,50.0,50.0,25,True,2026-04-24 22:09:13.186774,39.0,False
1246,806,3,active,monthly,2024-08-12,,19.0,0.0,,,2026-04-24 22:09:13.186774,Vertex Stack,Healthcare,large,US,United States,America/Chicago,andrew.garcia@tech.dev,Andrew Garcia,2024-06-09,partner,True,,,10.0,2026-04-24 22:09:13.186774,2026-04-24 22:09:13.186774,Starter Plus,starter,19.0,190.0,25.0,20.0,10,True,2026-04-24 22:09:13.186774,19.0,False
1247,807,6,cancelled,monthly,2023-03-16,2025-09-24,84.15,15.0,2023-03-30,,2026-04-24 22:09:13.186774,WarpTech,Manufacturing,enterprise,DE,Germany,Europe/Berlin,sandra.lewis@yahoo.com,Sandra Lewis,2023-03-16,organic,False,2025-09-24 13:53:47,Company closed,6.0,2026-04-24 22:09:13.186774,2026-04-24 22:09:13.186774,Enterprise,enterprise,99.0,990.0,500.0,,100,True,2026-04-24 22:09:13.186774,99.0,True
1248,808,1,cancelled,annual,2024-08-21,2025-06-24,0.0,15.0,,Company reorganization,2026-04-24 22:09:13.186774,BoltLogic,Technology,medium,AU,Australia,Australia/Sydney,mary.smith@protonmail.com,Mary Smith,2024-08-21,partner,True,,,7.0,2026-04-24 22:09:13.186774,2026-04-24 22:09:13.186774,Free,free,0.0,0.0,5.0,3.0,1,True,2026-04-24 22:09:13.186774,0.0,False
1249,808,3,active,annual,2025-06-24,,15.83,0.0,,,2026-04-24 22:09:13.186774,BoltLogic,Technology,medium,AU,Australia,Australia/Sydney,mary.smith@protonmail.com,Mary Smith,2024-08-21,partner,True,,,7.0,2026-04-24 22:09:13.186774,2026-04-24 22:09:13.186774,Starter Plus,starter,19.0,190.0,25.0,20.0,10,True,2026-04-24 22:09:13.186774,19.0,False
1250,809,4,active,monthly,2024-07-07,,39.0,0.0,2024-07-21,,2026-04-24 22:09:13.186774,Zeal Digital,E-commerce,small,US,United States,America/Los_Angeles,michael.johnson@gmail.com,Michael Johnson,2024-07-07,partner,True,,,9.0,2026-04-24 22:09:13.186774,2026-04-24 22:09:13.186774,Professional,professional,39.0,390.0,50.0,50.0,25,True,2026-04-24 22:09:13.186774,39.0,False
1251,810,2,expired,annual,2025-08-28,2025-10-29,10.0,0.0,2025-09-11,Budget cuts,2026-04-24 22:09:13.186774,Kite Corp,Education,small,GB,United Kingdom,Europe/London,Lars.Thompson@kitecorp.com,Lars Thompson,2025-08-28,partner,True,,,9.0,2026-04-24 22:09:13.186774,2026-04-24 22:09:13.186774,Starter,starter,12.0,120.0,15.0,10.0,5,True,2026-04-24 22:09:13.186774,12.0,False
1252,810,4,active,annual,2025-10-29,,32.5,0.0,,,2026-04-24 22:09:13.186774,Kite Corp,Education,small,GB,United Kingdom,Europe/London,Lars.Thompson@kitecorp.com,Lars Thompson,2025-08-28,partner,True,,,9.0,2026-04-24 22:09:13.186774,2026-04-24 22:09:13.186774,Professional,professional,39.0,390.0,50.0,50.0,25,True,2026-04-24 22:09:13.186774,39.0,False
1253,811,1,cancelled,monthly,2023-08-03,2025-09-30,0.0,0.0,,Missing features,2026-04-24 22:09:13.186774,Yield Ventures,Retail,small,US,United States,America/Chicago,barbara.allen@outlook.com,Barbara Allen,2023-08-03,organic,False,2025-09-30 19:17:01,,,2026-04-24 22:09:13.186774,2026-04-24 22:09:13.186774,Free,free,0.0,0.0,5.0,3.0,1,True,2026-04-24 22:09:13.186774,0.0,True
1254,812,4,paused,monthly,2024-10-29,,33.15,15.0,2024-11-12,,2026-04-24 22:09:13.186774,BoltLabs,Manufacturing,medium,US,United States,America/Chicago,daniel.white@startup.co,Daniel White,2024-10-29,referral,True,,,,2026-04-24 22:09:13.186774,2026-04-24 22:09:13.186774,Professional,professional,39.0,390.0,50.0,50.0,25,True,2026-04-24 22:09:13.186774,39.0,False
1255,813,1,expired,monthly,2024-06-15,2024-08-19,0.0,0.0,,Not using it,2026-04-24 22:09:13.186774,EchoLabs,Education,large,SG,Singapore,Asia/Singapore,charles.williams@echolabs.com,Charles Williams,2024-06-15,partner,False,2025-07-14 21:56:36,,4.0,2026-04-24 22:09:13.186774,2026-04-24 22:09:13.186774,Free,free,0.0,0.0,5.0,3.0,1,True,2026-04-24 22:09:13.186774,0.0,True
1256,813,2,cancelled,monthly,2024-08-19,2025-07-14,12.0,0.0,,Switched competitor,2026-04-24 22:09:13.186774,EchoLabs,Education,large,SG,Singapore,Asia/Singapore,charles.williams@echolabs.com,Charles Williams,2024-06-15,partner,False,2025-07-14 21:56:36,,4.0,2026-04-24 22:09:13.186774,2026-04-24 22:09:13.186774,Starter,starter,12.0,120.0,15.0,10.0,5,True,2026-04-24 22:09:13.186774,12.0,True
1257,814,1,cancelled,annual,2025-08-05,2025-09-19,0.0,0.0,,,2026-04-24 22:09:13.186774,Nexus Corp,Retail,small,AU,Australia,Australia/Sydney,barbara.lopez@yahoo.com,Barbara Lopez,2025-08-05,organic,False,2025-09-19 18:21:29,Too expensive,1.0,2026-04-24 22:09:13.186774,2026-04-24 22:09:13.186774,Free,free,0.0,0.0,5.0,3.0,1,True,2026-04-24 22:09:13.186774,0.0,True
1258,815,2,cancelled,annual,2023-04-13,2024-04-22,9.0,10.0,2023-04-27,Missing features,2026-04-24 22:09:13.186774,Echo AI,Legal,enterprise,US,United States,America/Los_Angeles,anthony.williams@tech.dev,Anthony Williams,2023-04-13,referral,False,2024-04-22 22:50:45,Switched to competitor,0.0,2026-04-24 22:09:13.186774,2026-04-24 22:09:13.186774,Starter,starter,12.0,120.0,15.0,10.0,5,True,2026-04-24 22:09:13.186774,12.0,True
1259,816,4,active,monthly,2024-11-15,,39.0,0.0,2024-11-29,,2026-04-24 22:09:13.186774,Mist Stack,Technology,small,CA,Canada,America/Toronto,donald.taylor@company.io,Donald Taylor,2024-11-15,partner,True,,,9.0,2026-04-24 22:09:13.186774,2026-04-24 22:09:13.186774,Professional,professional,39.0,390.0,50.0,50.0,25,True,2026-04-24 22:09:13.186774,39.0,False
1260,817,2,active,monthly,2023-04-18,,12.0,0.0,2023-05-02,,2026-04-24 22:09:13.186774,IonPlatform,Insurance,small,GB,United Kingdom,Europe/London,wei.garcia@protonmail.com,Wei Garcia,2023-04-18,event,True,,,9.0,2026-04-24 22:09:13.186774,2026-04-24 22:09:13.186774,Starter,starter,12.0,120.0,15.0,10.0,5,True,2026-04-24 22:09:13.186774,12.0,False
1261,818,2,active,monthly,2025-03-29,,9.0,25.0,2025-04-12,,2026-04-24 22:09:13.186774,KeenAnalytics,Finance,small,AU,Australia,Australia/Sydney,nancy.nelson@gmail.com,Nancy Nelson,2025-03-29,paid_ads,True,,,5.0,2026-04-24 22:09:13.186774,2026-04-24 22:09:13.186774,Starter,starter,12.0,120.0,15.0,10.0,5,True,2026-04-24 22:09:13.186774,12.0,False
1262,819,4,active,monthly,2023-07-12,,39.0,0.0,2023-07-26,,2026-04-24 22:09:13.186774,AcmeDigital,Retail,enterprise,GB,United Kingdom,Europe/London,william.sanchez@enterprise.com,William Sanchez,2023-07-12,organic,True,,,,2026-04-24 22:09:13.186774,2026-04-24 22:09:13.186774,Professional,professional,39.0,390.0,50.0,50.0,25,True,2026-04-24 22:09:13.186774,39.0,False
1263,820,4,cancelled,monthly,2025-07-02,2025-09-03,39.0,0.0,2025-07-16,Not using it,2026-04-24 22:09:13.186774,CoreSoftware,Education,medium,CA,Canada,America/Toronto,linda.chen@company.io,Linda Chen,2025-07-02,referral,False,2025-09-03 02:32:52,,,2026-04-24 22:09:13.186774,2026-04-24 22:09:13.186774,Professional,professional,39.0,390.0,50.0,50.0,25,True,2026-04-24 22:09:13.186774,39.0,True
1264,821,2,expired,annual,2024-04-13,2024-10-05,10.0,0.0,2024-04-27,Switched competitor,2026-04-24 22:09:13.186774,VertexHub,Healthcare,enterprise,IN,India,Asia/Kolkata,Margaret.Adams@outlook.com,Margaret Adams,2024-04-13,paid_ads,True,,,8.0,2026-04-24 22:09:13.186774,2026-04-24 22:09:13.186774,Starter,starter,12.0,120.0,15.0,10.0,5,True,2026-04-24 22:09:13.186774,12.0,False
1265,821,4,active,annual,2024-10-05,,32.5,0.0,,,2026-04-24 22:09:13.186774,VertexHub,Healthcare,enterprise,IN,India,Asia/Kolkata,Margaret.Adams@outlook.com,Margaret Adams,2024-04-13,paid_ads,True,,,8.0,2026-04-24 22:09:13.186774,2026-04-24 22:09:13.186774,Professional,professional,39.0,390.0,50.0,50.0,25,True,2026-04-24 22:09:13.186774,39.0,False
1266,822,2,active,annual,2023-12-29,,10.0,0.0,2024-01-12,,2026-04-24 22:09:13.186774,GlowSolutions,Telecommunications,medium,GB,United Kingdom,Europe/London,elizabeth.santos@hotmail.com,Elizabeth Santos,2023-12-29,organic,True,,,,2026-04-24 22:09:13.186774,2026-04-24 22:09:13.186774,Starter,starter,12.0,120.0,15.0,10.0,5,True,2026-04-24 22:09:13.186774,12.0,False
1267,823,2,cancelled,monthly,2025-08-10,2025-10-19,12.0,0.0,2025-08-24,,2026-04-24 22:09:13.186774,IrisStudio,Legal,medium,US,United States,America/Los_Angeles,nancy.hernandez@corp.net,Nancy Hernandez,2025-08-10,organic,True,,,10.0,2026-04-24 22:09:13.186774,2026-04-24 22:09:13.186774,Starter,starter,12.0,120.0,15.0,10.0,5,True,2026-04-24 22:09:13.186774,12.0,False
1268,823,5,active,annual,2025-10-19,,49.17,0.0,,,2026-04-24 22:09:13.186774,IrisStudio,Legal,medium,US,United States,America/Los_Angeles,nancy.hernandez@corp.net,Nancy Hernandez,2025-08-10,organic,True,,,10.0,2026-04-24 22:09:13.186774,2026-04-24 22:09:13.186774,Professional Plus,professional,59.0,590.0,100.0,100.0,50,True,2026-04-24 22:09:13.186774,59.0,False
1269,824,1,cancelled,monthly,2023-09-15,2024-06-30,0.0,0.0,,Switched competitor,2026-04-24 22:09:13.186774,Zen Cloud,Manufacturing,medium,AU,Australia,Australia/Sydney,donald.robinson@zencloud.com,Donald Robinson,2023-09-15,partner,True,,,,2026-04-24 22:09:13.186774,2026-04-24 22:09:13.186774,Free,free,0.0,0.0,5.0,3.0,1,True,2026-04-24 22:09:13.186774,0.0,False
1270,824,3,expired,monthly,2024-06-30,2024-12-29,19.0,0.0,,,2026-04-24 22:09:13.186774,Zen Cloud,Manufacturing,medium,AU,Australia,Australia/Sydney,donald.robinson@zencloud.com,Donald Robinson,2023-09-15,partner,True,,,,2026-04-24 22:09:13.186774,2026-04-24 22:09:13.186774,Starter Plus,starter,19.0,190.0,25.0,20.0,10,True,2026-04-24 22:09:13.186774,19.0,False
1271,824,6,active,annual,2024-12-29,,82.5,0.0,,,2026-04-24 22:09:13.186774,Zen Cloud,Manufacturing,medium,AU,Australia,Australia/Sydney,donald.robinson@zencloud.com,Donald Robinson,2023-09-15,partner,True,,,,2026-04-24 22:09:13.186774,2026-04-24 22:09:13.186774,Enterprise,enterprise,99.0,990.0,500.0,,100,True,2026-04-24 22:09:13.186774,99.0,False
1272,825,6,active,annual,2025-09-13,,82.5,0.0,2025-09-27,,2026-04-24 22:09:13.186774,KiteHub,E-commerce,medium,US,United States,America/Los_Angeles,raj.clark@kitehub.com,Raj Clark,2025-09-13,paid_ads,True,,,7.0,2026-04-24 22:09:13.186774,2026-04-24 22:09:13.186774,Enterprise,enterprise,99.0,990.0,500.0,,100,True,2026-04-24 22:09:13.186774,99.0,False
1273,826,5,expired,monthly,2023-05-08,2024-01-24,59.0,0.0,2023-05-22,Budget cuts,2026-04-24 22:09:13.186774,UltraLabs,Media,small,JP,Japan,Asia/Tokyo,michael.singh@enterprise.com,Michael Singh,2023-05-08,paid_ads,True,,,,2026-04-24 22:09:13.186774,2026-04-24 22:09:13.186774,Professional Plus,professional,59.0,590.0,100.0,100.0,50,True,2026-04-24 22:09:13.186774,59.0,False
1274,826,5,cancelled,monthly,2024-01-24,2024-09-26,53.1,10.0,,Missing features,2026-04-24 22:09:13.186774,UltraLabs,Media,small,JP,Japan,Asia/Tokyo,michael.singh@enterprise.com,Michael Singh,2023-05-08,paid_ads,True,,,,2026-04-24 22:09:13.186774,2026-04-24 22:09:13.186774,Professional Plus,professional,59.0,590.0,100.0,100.0,50,True,2026-04-24 22:09:13.186774,59.0,False
1275,826,5,active,annual,2024-09-26,,49.17,0.0,,,2026-04-24 22:09:13.186774,UltraLabs,Media,small,JP,Japan,Asia/Tokyo,michael.singh@enterprise.com,Michael Singh,2023-05-08,paid_ads,True,,,,2026-04-24 22:09:13.186774,2026-04-24 22:09:13.186774,Professional Plus,professional,59.0,590.0,100.0,100.0,50,True,2026-04-24 22:09:13.186774,59.0,False
1276,827,4,expired,monthly,2023-08-19,2024-03-18,39.0,0.0,2023-09-02,Too expensive,2026-04-24 22:09:13.186774,VertexAnalytics,Technology,medium,DE,Germany,Europe/Berlin,linda.green@enterprise.com,Linda Green,2023-08-19,organic,True,,,9.0,2026-04-24 22:09:13.186774,2026-04-24 22:09:13.186774,Professional,professional,39.0,390.0,50.0,50.0,25,True,2026-04-24 22:09:13.186774,39.0,False
1277,827,3,expired,monthly,2024-03-18,2025-03-15,19.0,0.0,,Switched competitor,2026-04-24 22:09:13.186774,VertexAnalytics,Technology,medium,DE,Germany,Europe/Berlin,linda.green@enterprise.com,Linda Green,2023-08-19,organic,True,,,9.0,2026-04-24 22:09:13.186774,2026-04-24 22:09:13.186774,Starter Plus,starter,19.0,190.0,25.0,20.0,10,True,2026-04-24 22:09:13.186774,19.0,False
1278,827,2,active,annual,2025-03-15,,10.0,0.0,,,2026-04-24 22:09:13.186774,VertexAnalytics,Technology,medium,DE,Germany,Europe/Berlin,linda.green@enterprise.com,Linda Green,2023-08-19,organic,True,,,9.0,2026-04-24 22:09:13.186774,2026-04-24 22:09:13.186774,Starter,starter,12.0,120.0,15.0,10.0,5,True,2026-04-24 22:09:13.186774,12.0,False
1279,828,1,active,monthly,2025-05-06,,0.0,0.0,,,2026-04-24 22:09:13.186774,OnyxSystems,Education,enterprise,FR,France,Europe/Paris,olga.moore@company.io,Olga Moore,2025-05-06,referral,True,,,0.0,2026-04-24 22:09:13.186774,2026-04-24 22:09:13.186774,Free,free,0.0,0.0,5.0,3.0,1,True,2026-04-24 22:09:13.186774,0.0,False
1280,829,1,expired,monthly,2024-11-19,2025-05-25,0.0,0.0,,Budget cuts,2026-04-24 22:09:13.186774,Grid Ventures,Retail,enterprise,SG,Singapore,Asia/Singapore,michael.torres@hotmail.com,Michael Torres,2024-11-19,organic,True,,,,2026-04-24 22:09:13.186774,2026-04-24 22:09:13.186774,Free,free,0.0,0.0,5.0,3.0,1,True,2026-04-24 22:09:13.186774,0.0,False
1281,829,3,active,annual,2025-05-25,,15.83,0.0,,,2026-04-24 22:09:13.186774,Grid Ventures,Retail,enterprise,SG,Singapore,Asia/Singapore,michael.torres@hotmail.com,Michael Torres,2024-11-19,organic,True,,,,2026-04-24 22:09:13.186774,2026-04-24 22:09:13.186774,Starter Plus,starter,19.0,190.0,25.0,20.0,10,True,2026-04-24 22:09:13.186774,19.0,False
1282,830,1,active,monthly,2023-01-27,,0.0,10.0,,,2026-04-24 22:09:13.186774,Peak HQ,Retail,medium,BR,Brazil,America/Sao_Paulo,Kenji.King@startup.co,Kenji King,2023-01-27,organic,True,,,8.0,2026-04-24 22:09:13.186774,2026-04-24 22:09:13.186774,Free,free,0.0,0.0,5.0,3.0,1,True,2026-04-24 22:09:13.186774,0.0,False
1283,831,1,expired,monthly,2025-03-13,2025-05-26,0.0,0.0,,Missing features,2026-04-24 22:09:13.186774,BoltPro,Telecommunications,small,IN,India,Asia/Kolkata,sofia.baker@hotmail.com,Sofia Baker,2025-03-13,event,False,2025-10-06 22:46:34,,,2026-04-24 22:09:13.186774,2026-04-24 22:09:13.186774,Free,free,0.0,0.0,5.0,3.0,1,True,2026-04-24 22:09:13.186774,0.0,True
1284,831,1,cancelled,monthly,2025-05-26,2025-10-06,0.0,0.0,,,2026-04-24 22:09:13.186774,BoltPro,Telecommunications,small,IN,India,Asia/Kolkata,sofia.baker@hotmail.com,Sofia Baker,2025-03-13,event,False,2025-10-06 22:46:34,,,2026-04-24 22:09:13.186774,2026-04-24 22:09:13.186774,Free,free,0.0,0.0,5.0,3.0,1,True,2026-04-24 22:09:13.186774,0.0,True
1285,832,1,cancelled,monthly,2023-11-10,2024-07-19,0.0,0.0,,Budget cuts,2026-04-24 22:09:13.186774,WarpStudio,Finance,enterprise,CA,Canada,America/Toronto,ana.garcia@hotmail.com,Ana Garcia,2023-11-10,organic,False,2025-06-22 17:56:58,Switched to competitor,,2026-04-24 22:09:13.186774,2026-04-24 22:09:13.186774,Free,free,0.0,0.0,5.0,3.0,1,True,2026-04-24 22:09:13.186774,0.0,True
1286,832,4,cancelled,monthly,2024-07-19,2025-06-22,39.0,0.0,,Company reorganization,2026-04-24 22:09:13.186774,WarpStudio,Finance,enterprise,CA,Canada,America/Toronto,ana.garcia@hotmail.com,Ana Garcia,2023-11-10,organic,False,2025-06-22 17:56:58,Switched to competitor,,2026-04-24 22:09:13.186774,2026-04-24 22:09:13.186774,Professional,professional,39.0,390.0,50.0,50.0,25,True,2026-04-24 22:09:13.186774,39.0,True
1287,833,6,cancelled,monthly,2025-02-11,2025-05-30,79.2,20.0,2025-02-25,Company reorganization,2026-04-24 22:09:13.186774,NexusIO,Insurance,medium,GB,United Kingdom,Europe/London,thomas.rivera@enterprise.com,Thomas Rivera,2025-02-11,event,False,2025-05-17 10:56:11,Company closed,1.0,2026-04-24 22:09:13.186774,2026-04-24 22:09:13.186774,Enterprise,enterprise,99.0,990.0,500.0,,100,True,2026-04-24 22:09:13.186774,99.0,True
1288,833,2,cancelled,annual,2025-05-30,2025-05-17,10.0,0.0,,Missing features,2026-04-24 22:09:13.186774,NexusIO,Insurance,medium,GB,United Kingdom,Europe/London,thomas.rivera@enterprise.com,Thomas Rivera,2025-02-11,event,False,2025-05-17 10:56:11,Company closed,1.0,2026-04-24 22:09:13.186774,2026-04-24 22:09:13.186774,Starter,starter,12.0,120.0,15.0,10.0,5,True,2026-04-24 22:09:13.186774,12.0,True
1289,834,2,active,monthly,2025-08-01,,12.0,0.0,2025-08-15,,2026-04-24 22:09:13.186774,Trek Group,Telecommunications,large,AU,Australia,Australia/Sydney,ana.taylor@company.io,Ana Taylor,2025-08-01,event,True,,,,2026-04-24 22:09:13.186774,2026-04-24 22:09:13.186774,Starter,starter,12.0,120.0,15.0,10.0,5,True,2026-04-24 22:09:13.186774,12.0,False
1290,835,2,expired,monthly,2023-01-22,2023-10-16,12.0,0.0,2023-02-05,Switched competitor,2026-04-24 22:09:13.186774,Orbit Net,E-commerce,small,GB,United Kingdom,Europe/London,mark.adams@protonmail.com,Mark Adams,2023-01-22,partner,True,,,7.0,2026-04-24 22:09:13.186774,2026-04-24 22:09:13.186774,Starter,starter,12.0,120.0,15.0,10.0,5,True,2026-04-24 22:09:13.186774,12.0,False
1291,835,5,cancelled,annual,2023-10-16,2024-10-02,49.17,0.0,,Missing features,2026-04-24 22:09:13.186774,Orbit Net,E-commerce,small,GB,United Kingdom,Europe/London,mark.adams@protonmail.com,Mark Adams,2023-01-22,partner,True,,,7.0,2026-04-24 22:09:13.186774,2026-04-24 22:09:13.186774,Professional Plus,professional,59.0,590.0,100.0,100.0,50,True,2026-04-24 22:09:13.186774,59.0,False
1292,835,4,active,monthly,2024-10-02,,39.0,0.0,,,2026-04-24 22:09:13.186774,Orbit Net,E-commerce,small,GB,United Kingdom,Europe/London,mark.adams@protonmail.com,Mark Adams,2023-01-22,partner,True,,,7.0,2026-04-24 22:09:13.186774,2026-04-24 22:09:13.186774,Professional,professional,39.0,390.0,50.0,50.0,25,True,2026-04-24 22:09:13.186774,39.0,False
1293,836,1,cancelled,annual,2025-04-27,2025-10-12,0.0,0.0,,Too expensive,2026-04-24 22:09:13.186774,Xenon Analytics,Manufacturing,small,IN,India,Asia/Kolkata,jessica.lee@yahoo.com,Jessica Lee,2025-04-27,paid_ads,True,,,8.0,2026-04-24 22:09:13.186774,2026-04-24 22:09:13.186774,Free,free,0.0,0.0,5.0,3.0,1,True,2026-04-24 22:09:13.186774,0.0,False
1294,836,7,expired,monthly,2025-10-12,2025-12-11,199.0,0.0,,,2026-04-24 22:09:13.186774,Xenon Analytics,Manufacturing,small,IN,India,Asia/Kolkata,jessica.lee@yahoo.com,Jessica Lee,2025-04-27,paid_ads,True,,,8.0,2026-04-24 22:09:13.186774,2026-04-24 22:09:13.186774,Enterprise Custom,enterprise,199.0,1990.0,,,500,True,2026-04-24 22:09:13.186774,199.0,False
1295,836,5,active,annual,2025-12-11,,49.17,0.0,,,2026-04-24 22:09:13.186774,Xenon Analytics,Manufacturing,small,IN,India,Asia/Kolkata,jessica.lee@yahoo.com,Jessica Lee,2025-04-27,paid_ads,True,,,8.0,2026-04-24 22:09:13.186774,2026-04-24 22:09:13.186774,Professional Plus,professional,59.0,590.0,100.0,100.0,50,True,2026-04-24 22:09:13.186774,59.0,False
1296,837,1,active,annual,2024-08-11,,0.0,20.0,,,2026-04-24 22:09:13.186774,Mist Platform,Legal,small,FR,France,Europe/Paris,carlos.adams@hotmail.com,Carlos Adams,2024-08-11,organic,True,,,7.0,2026-04-24 22:09:13.186774,2026-04-24 22:09:13.186774,Free,free,0.0,0.0,5.0,3.0,1,True,2026-04-24 22:09:13.186774,0.0,False
1297,838,3,cancelled,monthly,2023-10-10,2024-07-13,19.0,0.0,2023-10-24,Too expensive,2026-04-24 22:09:13.186774,Core Dynamics,Logistics,small,IN,India,Asia/Kolkata,donald.rivera@outlook.com,Donald Rivera,2023-10-10,organic,True,,,,2026-04-24 22:09:13.186774,2026-04-24 22:09:13.186774,Starter Plus,starter,19.0,190.0,25.0,20.0,10,True,2026-04-24 22:09:13.186774,19.0,False
1298,838,4,active,annual,2024-07-13,,29.25,10.0,,,2026-04-24 22:09:13.186774,Core Dynamics,Logistics,small,IN,India,Asia/Kolkata,donald.rivera@outlook.com,Donald Rivera,2023-10-10,organic,True,,,,2026-04-24 22:09:13.186774,2026-04-24 22:09:13.186774,Professional,professional,39.0,390.0,50.0,50.0,25,True,2026-04-24 22:09:13.186774,39.0,False
1299,839,2,expired,annual,2025-03-28,2025-10-26,10.0,0.0,2025-04-11,Company reorganization,2026-04-24 22:09:13.186774,TrekHub,Manufacturing,small,SG,Singapore,Asia/Singapore,mark.martin@company.io,Mark Martin,2025-03-28,paid_ads,True,,,,2026-04-24 22:09:13.186774,2026-04-24 22:09:13.186774,Starter,starter,12.0,120.0,15.0,10.0,5,True,2026-04-24 22:09:13.186774,12.0,False
1300,839,4,cancelled,monthly,2025-10-26,2025-12-25,39.0,0.0,,Not using it,2026-04-24 22:09:13.186774,TrekHub,Manufacturing,small,SG,Singapore,Asia/Singapore,mark.martin@company.io,Mark Martin,2025-03-28,paid_ads,True,,,,2026-04-24 22:09:13.186774,2026-04-24 22:09:13.186774,Professional,professional,39.0,390.0,50.0,50.0,25,True,2026-04-24 22:09:13.186774,39.0,False
1301,839,3,active,monthly,2025-12-25,,19.0,0.0,,,2026-04-24 22:09:13.186774,TrekHub,Manufacturing,small,SG,Singapore,Asia/Singapore,mark.martin@company.io,Mark Martin,2025-03-28,paid_ads,True,,,,2026-04-24 22:09:13.186774,2026-04-24 22:09:13.186774,Starter Plus,starter,19.0,190.0,25.0,20.0,10,True,2026-04-24 22:09:13.186774,19.0,False
1302,840,3,active,annual,2023-03-14,,15.83,0.0,2023-03-28,,2026-04-24 22:09:13.186774,ZealDynamics,Real Estate,small,US,United States,America/New_York,donna.brown@outlook.com,Donna Brown,2023-03-14,partner,True,,,9.0,2026-04-24 22:09:13.186774,2026-04-24 22:09:13.186774,Starter Plus,starter,19.0,190.0,25.0,20.0,10,True,2026-04-24 22:09:13.186774,19.0,False
1303,841,5,active,monthly,2025-08-26,,59.0,0.0,2025-09-09,,2026-04-24 22:09:13.186774,PulseGroup,Finance,enterprise,US,United States,America/Los_Angeles,mary.adams@pulsegroup.com,Mary Adams,2025-08-26,organic,True,,,,2026-04-24 22:09:13.186774,2026-04-24 22:09:13.186774,Professional Plus,professional,59.0,590.0,100.0,100.0,50,True,2026-04-24 22:09:13.186774,59.0,False
1304,842,4,expired,monthly,2024-10-24,2025-09-01,39.0,0.0,2024-11-07,Switched competitor,2026-04-24 22:09:13.186774,Tidal Studio,Finance,large,AU,Australia,Australia/Sydney,thomas.young@hotmail.com,Thomas Young,2024-10-24,event,True,,,9.0,2026-04-24 22:09:13.186774,2026-04-24 22:09:13.186774,Professional,professional,39.0,390.0,50.0,50.0,25,True,2026-04-24 22:09:13.186774,39.0,False
1305,842,4,active,monthly,2025-09-01,,39.0,0.0,,,2026-04-24 22:09:13.186774,Tidal Studio,Finance,large,AU,Australia,Australia/Sydney,thomas.young@hotmail.com,Thomas Young,2024-10-24,event,True,,,9.0,2026-04-24 22:09:13.186774,2026-04-24 22:09:13.186774,Professional,professional,39.0,390.0,50.0,50.0,25,True,2026-04-24 22:09:13.186774,39.0,False
1306,843,4,cancelled,annual,2023-11-10,2024-03-27,32.5,0.0,2023-11-24,Company reorganization,2026-04-24 22:09:13.186774,Jade AI,Logistics,small,US,United States,America/Chicago,william.smith@gmail.com,William Smith,2023-11-10,paid_ads,False,2025-02-23 05:45:13,Integration issues,0.0,2026-04-24 22:09:13.186774,2026-04-24 22:09:13.186774,Professional,professional,39.0,390.0,50.0,50.0,25,True,2026-04-24 22:09:13.186774,39.0,True
1307,843,4,cancelled,monthly,2024-03-27,2025-02-23,33.15,15.0,,Budget cuts,2026-04-24 22:09:13.186774,Jade AI,Logistics,small,US,United States,America/Chicago,william.smith@gmail.com,William Smith,2023-11-10,paid_ads,False,2025-02-23 05:45:13,Integration issues,0.0,2026-04-24 22:09:13.186774,2026-04-24 22:09:13.186774,Professional,professional,39.0,390.0,50.0,50.0,25,True,2026-04-24 22:09:13.186774,39.0,True
1308,844,2,active,annual,2023-07-01,,10.0,0.0,2023-07-15,,2026-04-24 22:09:13.186774,MetaStack,Finance,medium,GB,United Kingdom,Europe/London,daniel.miller@corp.net,Daniel Miller,2023-07-01,paid_ads,True,,,,2026-04-24 22:09:13.186774,2026-04-24 22:09:13.186774,Starter,starter,12.0,120.0,15.0,10.0,5,True,2026-04-24 22:09:13.186774,12.0,False
1309,845,3,active,monthly,2023-06-21,,19.0,0.0,2023-07-05,,2026-04-24 22:09:13.186774,CoreLabs,Telecommunications,medium,US,United States,America/Chicago,hassan.martin@yahoo.com,Hassan Martin,2023-06-21,organic,True,,,8.0,2026-04-24 22:09:13.186774,2026-04-24 22:09:13.186774,Starter Plus,starter,19.0,190.0,25.0,20.0,10,True,2026-04-24 22:09:13.186774,19.0,False
1310,846,4,cancelled,annual,2024-02-18,2024-05-03,32.5,0.0,2024-03-03,,2026-04-24 22:09:13.186774,YieldHQ,Logistics,medium,US,United States,America/Chicago,lisa.thomas@enterprise.com,Lisa Thomas,2024-02-18,referral,False,2024-05-03 12:50:02,Not enough users,,2026-04-24 22:09:13.186774,2026-04-24 22:09:13.186774,Professional,professional,39.0,390.0,50.0,50.0,25,True,2026-04-24 22:09:13.186774,39.0,True
1311,847,2,cancelled,annual,2023-10-17,2024-03-25,10.0,0.0,2023-10-31,,2026-04-24 22:09:13.186774,HiveTech,Marketing,medium,BR,Brazil,America/Sao_Paulo,andrew.hall@tech.dev,Andrew Hall,2023-10-17,organic,True,,,5.0,2026-04-24 22:09:13.186774,2026-04-24 22:09:13.186774,Starter,starter,12.0,120.0,15.0,10.0,5,True,2026-04-24 22:09:13.186774,12.0,False
1312,847,2,active,monthly,2024-03-25,,12.0,0.0,,,2026-04-24 22:09:13.186774,HiveTech,Marketing,medium,BR,Brazil,America/Sao_Paulo,andrew.hall@tech.dev,Andrew Hall,2023-10-17,organic,True,,,5.0,2026-04-24 22:09:13.186774,2026-04-24 22:09:13.186774,Starter,starter,12.0,120.0,15.0,10.0,5,True,2026-04-24 22:09:13.186774,12.0,False
1313,848,2,active,monthly,2025-03-16,,12.0,0.0,2025-03-30,,2026-04-24 22:09:13.186774,ZenCorp,Consulting,small,CA,Canada,America/Toronto,michael.lee@protonmail.com,Michael Lee,2025-03-16,organic,True,,,,2026-04-24 22:09:13.186774,2026-04-24 22:09:13.186774,Starter,starter,12.0,120.0,15.0,10.0,5,True,2026-04-24 22:09:13.186774,12.0,False
1314,849,6,active,monthly,2023-02-18,,99.0,0.0,2023-03-04,,2026-04-24 22:09:13.186774,Flow Cloud,Telecommunications,medium,FR,France,Europe/Paris,andrew.wright@gmail.com,Andrew Wright,2023-02-18,organic,True,,,6.0,2026-04-24 22:09:13.186774,2026-04-24 22:09:13.186774,Enterprise,enterprise,99.0,990.0,500.0,,100,True,2026-04-24 22:09:13.186774,99.0,False
1315,850,3,cancelled,annual,2025-08-30,2025-10-09,15.83,0.0,2025-09-13,Too expensive,2026-04-24 22:09:13.186774,RiftCorp,Media,enterprise,US,United States,America/Los_Angeles,steven.white@riftcorp.com,Steven White,2025-08-30,referral,False,2025-10-09 18:08:39,,5.0,2026-04-24 22:09:13.186774,2026-04-24 22:09:13.186774,Starter Plus,starter,19.0,190.0,25.0,20.0,10,True,2026-04-24 22:09:13.186774,19.0,True
1316,851,2,active,monthly,2025-07-26,,12.0,0.0,2025-08-09,,2026-04-24 22:09:13.186774,NovaVentures,Technology,small,AU,Australia,Australia/Sydney,susan.hall@hotmail.com,Susan Hall,2025-07-26,organic,True,,,,2026-04-24 22:09:13.186774,2026-04-24 22:09:13.186774,Starter,starter,12.0,120.0,15.0,10.0,5,True,2026-04-24 22:09:13.186774,12.0,False
1317,852,5,active,monthly,2024-12-28,,59.0,0.0,2025-01-11,,2026-04-24 22:09:13.186774,OrbitStudio,Manufacturing,small,US,United States,America/Los_Angeles,elizabeth.hill@startup.co,Elizabeth Hill,2024-12-28,partner,True,,,,2026-04-24 22:09:13.186774,2026-04-24 22:09:13.186774,Professional Plus,professional,59.0,590.0,100.0,100.0,50,True,2026-04-24 22:09:13.186774,59.0,False
1318,853,5,cancelled,annual,2024-05-14,2025-03-30,49.17,0.0,2024-05-28,Switched competitor,2026-04-24 22:09:13.186774,PeakPro,Manufacturing,large,US,United States,America/New_York,anthony.ivanov@hotmail.com,Anthony Ivanov,2024-05-14,organic,True,,,8.0,2026-04-24 22:09:13.186774,2026-04-24 22:09:13.186774,Professional Plus,professional,59.0,590.0,100.0,100.0,50,True,2026-04-24 22:09:13.186774,59.0,False
1319,853,2,active,monthly,2025-03-30,,12.0,0.0,,,2026-04-24 22:09:13.186774,PeakPro,Manufacturing,large,US,United States,America/New_York,anthony.ivanov@hotmail.com,Anthony Ivanov,2024-05-14,organic,True,,,8.0,2026-04-24 22:09:13.186774,2026-04-24 22:09:13.186774,Starter,starter,12.0,120.0,15.0,10.0,5,True,2026-04-24 22:09:13.186774,12.0,False
1320,854,3,cancelled,monthly,2023-05-03,2024-03-03,19.0,0.0,2023-05-17,Switched competitor,2026-04-24 22:09:13.186774,VineAnalytics,Legal,large,AU,Australia,Australia/Sydney,christopher.wright@vineanalytics.com,Christopher Wright,2023-05-03,partner,True,,,,2026-04-24 22:09:13.186774,2026-04-24 22:09:13.186774,Starter Plus,starter,19.0,190.0,25.0,20.0,10,True,2026-04-24 22:09:13.186774,19.0,False
1321,854,5,active,monthly,2024-03-03,,59.0,0.0,,,2026-04-24 22:09:13.186774,VineAnalytics,Legal,large,AU,Australia,Australia/Sydney,christopher.wright@vineanalytics.com,Christopher Wright,2023-05-03,partner,True,,,,2026-04-24 22:09:13.186774,2026-04-24 22:09:13.186774,Professional Plus,professional,59.0,590.0,100.0,100.0,50,True,2026-04-24 22:09:13.186774,59.0,False
1322,855,3,expired,monthly,2023-07-08,2024-05-16,19.0,0.0,2023-07-22,,2026-04-24 22:09:13.186774,FlowDynamics,E-commerce,small,JP,Japan,Asia/Tokyo,john.walker@gmail.com,John Walker,2023-07-08,paid_ads,False,2023-11-19 16:52:05,Missing features,2.0,2026-04-24 22:09:13.186774,2026-04-24 22:09:13.186774,Starter Plus,starter,19.0,190.0,25.0,20.0,10,True,2026-04-24 22:09:13.186774,19.0,True
1323,855,2,cancelled,monthly,2024-05-16,2023-11-19,12.0,0.0,,Budget cuts,2026-04-24 22:09:13.186774,FlowDynamics,E-commerce,small,JP,Japan,Asia/Tokyo,john.walker@gmail.com,John Walker,2023-07-08,paid_ads,False,2023-11-19 16:52:05,Missing features,2.0,2026-04-24 22:09:13.186774,2026-04-24 22:09:13.186774,Starter,starter,12.0,120.0,15.0,10.0,5,True,2026-04-24 22:09:13.186774,12.0,True
1324,856,1,active,annual,2023-09-14,,0.0,0.0,,,2026-04-24 22:09:13.186774,QuestDev,E-commerce,enterprise,GB,United Kingdom,Europe/London,Olga.Lee+work@company.io,Olga Lee,2023-09-14,organic,True,,,5.0,2026-04-24 22:09:13.186774,2026-04-24 22:09:13.186774,Free,free,0.0,0.0,5.0,3.0,1,True,2026-04-24 22:09:13.186774,0.0,False
1325,857,5,active,monthly,2023-03-13,,47.2,20.0,2023-03-27,,2026-04-24 22:09:13.186774,Sync Dev,Healthcare,small,US,United States,America/Los_Angeles,aisha.gonzalez@gmail.com,Aisha Gonzalez,2023-03-13,event,True,,,,2026-04-24 22:09:13.186774,2026-04-24 22:09:13.186774,Professional Plus,professional,59.0,590.0,100.0,100.0,50,True,2026-04-24 22:09:13.186774,59.0,False
1326,858,3,expired,monthly,2023-11-26,2024-07-13,19.0,0.0,2023-12-10,Company reorganization,2026-04-24 22:09:13.186774,Ultra AI,Healthcare,large,US,United States,America/Chicago,anthony.king@yahoo.com,Anthony King,2023-11-26,partner,True,,,3.0,2026-04-24 22:09:13.186774,2026-04-24 22:09:13.186774,Starter Plus,starter,19.0,190.0,25.0,20.0,10,True,2026-04-24 22:09:13.186774,19.0,False
1327,858,4,expired,monthly,2024-07-13,2025-06-26,39.0,0.0,,Too expensive,2026-04-24 22:09:13.186774,Ultra AI,Healthcare,large,US,United States,America/Chicago,anthony.king@yahoo.com,Anthony King,2023-11-26,partner,True,,,3.0,2026-04-24 22:09:13.186774,2026-04-24 22:09:13.186774,Professional,professional,39.0,390.0,50.0,50.0,25,True,2026-04-24 22:09:13.186774,39.0,False
1328,858,2,active,annual,2025-06-26,,10.0,0.0,,,2026-04-24 22:09:13.186774,Ultra AI,Healthcare,large,US,United States,America/Chicago,anthony.king@yahoo.com,Anthony King,2023-11-26,partner,True,,,3.0,2026-04-24 22:09:13.186774,2026-04-24 22:09:13.186774,Starter,starter,12.0,120.0,15.0,10.0,5,True,2026-04-24 22:09:13.186774,12.0,False
1329,859,3,active,monthly,2024-10-22,,19.0,0.0,2024-11-05,,2026-04-24 22:09:13.186774,Orbit Hub,Logistics,small,BR,Brazil,America/Sao_Paulo,Paul.Jones@enterprise.com,Paul Jones,2024-10-22,organic,True,,,,2026-04-24 22:09:13.186774,2026-04-24 22:09:13.186774,Starter Plus,starter,19.0,190.0,25.0,20.0,10,True,2026-04-24 22:09:13.186774,19.0,False
1330,860,4,cancelled,annual,2023-08-18,2025-01-23,32.5,0.0,2023-09-01,Budget cuts,2026-04-24 22:09:13.186774,Flux Group,Education,small,SG,Singapore,Asia/Singapore,sandra.walker@tech.dev,Sandra Walker,2023-08-18,event,False,2025-01-23 20:16:41,,10.0,2026-04-24 22:09:13.186774,2026-04-24 22:09:13.186774,Professional,professional,39.0,390.0,50.0,50.0,25,True,2026-04-24 22:09:13.186774,39.0,True
1331,861,2,cancelled,annual,2024-02-16,2025-07-16,10.0,0.0,2024-03-01,Budget cuts,2026-04-24 22:09:13.186774,KiteStudio,Manufacturing,enterprise,DE,Germany,Europe/Berlin,elizabeth.williams@tech.dev,Elizabeth Williams,2024-02-16,organic,False,2025-07-16 14:48:17,Company closed,2.0,2026-04-24 22:09:13.186774,2026-04-24 22:09:13.186774,Starter,starter,12.0,120.0,15.0,10.0,5,True,2026-04-24 22:09:13.186774,12.0,True
1332,862,1,active,annual,2025-02-21,,0.0,10.0,,,2026-04-24 22:09:13.186774,Nova Net,E-commerce,medium,GB,United Kingdom,Europe/London,kenji.patel@enterprise.com,Kenji Patel,2025-02-21,organic,True,,,6.0,2026-04-24 22:09:13.186774,2026-04-24 22:09:13.186774,Free,free,0.0,0.0,5.0,3.0,1,True,2026-04-24 22:09:13.186774,0.0,False
1333,863,4,cancelled,annual,2024-03-18,2025-03-27,32.5,0.0,2024-04-01,Too expensive,2026-04-24 22:09:13.186774,TidalHub,Manufacturing,small,GB,United Kingdom,Europe/London,susan.perez@startup.co,Susan Perez,2024-03-18,organic,False,2025-03-27 01:45:07,Too expensive,,2026-04-24 22:09:13.186774,2026-04-24 22:09:13.186774,Professional,professional,39.0,390.0,50.0,50.0,25,True,2026-04-24 22:09:13.186774,39.0,True
1334,864,3,expired,monthly,2024-05-13,2025-01-31,19.0,0.0,2024-05-27,Switched competitor,2026-04-24 22:09:13.186774,Zen Ventures,Insurance,enterprise,GB,United Kingdom,Europe/London,elizabeth.clark@yahoo.com,Elizabeth Clark,2024-05-13,organic,True,,,,2026-04-24 22:09:13.186774,2026-04-24 22:09:13.186774,Starter Plus,starter,19.0,190.0,25.0,20.0,10,True,2026-04-24 22:09:13.186774,19.0,False
1335,864,2,active,annual,2025-01-31,,9.0,10.0,,,2026-04-24 22:09:13.186774,Zen Ventures,Insurance,enterprise,GB,United Kingdom,Europe/London,elizabeth.clark@yahoo.com,Elizabeth Clark,2024-05-13,organic,True,,,,2026-04-24 22:09:13.186774,2026-04-24 22:09:13.186774,Starter,starter,12.0,120.0,15.0,10.0,5,True,2026-04-24 22:09:13.186774,12.0,False
1336,865,3,expired,monthly,2024-08-20,2025-02-27,16.15,15.0,2024-09-03,Company reorganization,2026-04-24 22:09:13.186774,FlowWorks,Marketing,small,FR,France,Europe/Paris,elizabeth.wilson@corp.net,Elizabeth Wilson,2024-08-20,paid_ads,True,,,6.0,2026-04-24 22:09:13.186774,2026-04-24 22:09:13.186774,Starter Plus,starter,19.0,190.0,25.0,20.0,10,True,2026-04-24 22:09:13.186774,19.0,False
1337,865,3,active,annual,2025-02-27,,15.83,0.0,,,2026-04-24 22:09:13.186774,FlowWorks,Marketing,small,FR,France,Europe/Paris,elizabeth.wilson@corp.net,Elizabeth Wilson,2024-08-20,paid_ads,True,,,6.0,2026-04-24 22:09:13.186774,2026-04-24 22:09:13.186774,Starter Plus,starter,19.0,190.0,25.0,20.0,10,True,2026-04-24 22:09:13.186774,19.0,False
1338,866,5,active,monthly,2024-10-05,,59.0,0.0,2024-10-19,,2026-04-24 22:09:13.186774,Jade Solutions,Telecommunications,small,US,United States,America/Los_Angeles,anthony.davis@yahoo.com,Anthony Davis,2024-10-05,partner,True,,,,2026-04-24 22:09:13.186774,2026-04-24 22:09:13.186774,Professional Plus,professional,59.0,590.0,100.0,100.0,50,True,2026-04-24 22:09:13.186774,59.0,False
1339,867,1,expired,annual,2025-02-24,2025-10-08,0.0,0.0,,Too expensive,2026-04-24 22:09:13.186774,HubOps,Telecommunications,medium,US,United States,America/Chicago,priya.williams@startup.co,Priya Williams,2025-02-24,organic,False,2025-08-13 17:39:56,Not enough users,1.0,2026-04-24 22:09:13.186774,2026-04-24 22:09:13.186774,Free,free,0.0,0.0,5.0,3.0,1,True,2026-04-24 22:09:13.186774,0.0,True
1340,867,4,cancelled,annual,2025-10-08,2025-08-13,24.38,25.0,,Too expensive,2026-04-24 22:09:13.186774,HubOps,Telecommunications,medium,US,United States,America/Chicago,priya.williams@startup.co,Priya Williams,2025-02-24,organic,False,2025-08-13 17:39:56,Not enough users,1.0,2026-04-24 22:09:13.186774,2026-04-24 22:09:13.186774,Professional,professional,39.0,390.0,50.0,50.0,25,True,2026-04-24 22:09:13.186774,39.0,True
1341,868,4,active,monthly,2025-08-29,,39.0,0.0,2025-09-12,,2026-04-24 22:09:13.186774,Tidal Ops,Manufacturing,small,US,United States,America/Chicago,mei.nelson@protonmail.com,Mei Nelson,2025-08-29,referral,True,,,10.0,2026-04-24 22:09:13.186774,2026-04-24 22:09:13.186774,Professional,professional,39.0,390.0,50.0,50.0,25,True,2026-04-24 22:09:13.186774,39.0,False
1342,869,3,active,annual,2023-01-25,,15.83,0.0,2023-02-08,,2026-04-24 22:09:13.186774,BoltGroup,Manufacturing,small,IN,India,Asia/Kolkata,ana.taylor@tech.dev,Ana Taylor,2023-01-25,organic,True,,,,2026-04-24 22:09:13.186774,2026-04-24 22:09:13.186774,Starter Plus,starter,19.0,190.0,25.0,20.0,10,True,2026-04-24 22:09:13.186774,19.0,False
1343,870,4,active,monthly,2023-05-14,,39.0,0.0,2023-05-28,,2026-04-24 22:09:13.186774,QuarkHQ,Marketing,small,DE,Germany,Europe/Berlin,ahmed.kim@company.io,Ahmed Kim,2023-05-14,organic,True,,,,2026-04-24 22:09:13.186774,2026-04-24 22:09:13.186774,Professional,professional,39.0,390.0,50.0,50.0,25,True,2026-04-24 22:09:13.186774,39.0,False
1344,871,2,cancelled,annual,2025-04-02,2025-07-16,10.0,0.0,2025-04-16,Company reorganization,2026-04-24 22:09:13.186774,Yield Software,Telecommunications,medium,AU,Australia,Australia/Sydney,matthew.williams@startup.co,Matthew Williams,2025-04-02,organic,True,,,,2026-04-24 22:09:13.186774,2026-04-24 22:09:13.186774,Starter,starter,12.0,120.0,15.0,10.0,5,True,2026-04-24 22:09:13.186774,12.0,False
1345,871,2,active,monthly,2025-07-16,,9.0,25.0,,,2026-04-24 22:09:13.186774,Yield Software,Telecommunications,medium,AU,Australia,Australia/Sydney,matthew.williams@startup.co,Matthew Williams,2025-04-02,organic,True,,,,2026-04-24 22:09:13.186774,2026-04-24 22:09:13.186774,Starter,starter,12.0,120.0,15.0,10.0,5,True,2026-04-24 22:09:13.186774,12.0,False
1346,872,6,cancelled,annual,2025-07-06,2025-10-02,82.5,0.0,2025-07-20,Too expensive,2026-04-24 22:09:13.186774,Meta IO,Education,small,US,United States,America/Chicago,mark.nelson@company.io,Mark Nelson,2025-07-06,referral,False,2025-10-22 17:11:46,No longer needed,,2026-04-24 22:09:13.186774,2026-04-24 22:09:13.186774,Enterprise,enterprise,99.0,990.0,500.0,,100,True,2026-04-24 22:09:13.186774,99.0,True
1347,872,3,cancelled,monthly,2025-10-02,2025-12-01,19.0,0.0,,Too expensive,2026-04-24 22:09:13.186774,Meta IO,Education,small,US,United States,America/Chicago,mark.nelson@company.io,Mark Nelson,2025-07-06,referral,False,2025-10-22 17:11:46,No longer needed,,2026-04-24 22:09:13.186774,2026-04-24 22:09:13.186774,Starter Plus,starter,19.0,190.0,25.0,20.0,10,True,2026-04-24 22:09:13.186774,19.0,True
1348,872,7,cancelled,annual,2025-12-01,2025-10-22,165.83,0.0,,Switched competitor,2026-04-24 22:09:13.186774,Meta IO,Education,small,US,United States,America/Chicago,mark.nelson@company.io,Mark Nelson,2025-07-06,referral,False,2025-10-22 17:11:46,No longer needed,,2026-04-24 22:09:13.186774,2026-04-24 22:09:13.186774,Enterprise Custom,enterprise,199.0,1990.0,,,500,True,2026-04-24 22:09:13.186774,199.0,True
1349,873,1,active,monthly,2023-12-05,,0.0,0.0,,,2026-04-24 22:09:13.186774,EdgeLabs,Legal,enterprise,IN,India,Asia/Kolkata,kenji.flores@enterprise.com,Kenji Flores,2023-12-05,paid_ads,True,,,4.0,2026-04-24 22:09:13.186774,2026-04-24 22:09:13.186774,Free,free,0.0,0.0,5.0,3.0,1,True,2026-04-24 22:09:13.186774,0.0,False
1350,874,3,expired,annual,2023-03-23,2024-02-24,15.83,0.0,2023-04-06,Company reorganization,2026-04-24 22:09:13.186774,MetaPro,Finance,small,FR,France,Europe/Paris,jennifer.smith@metapro.com,Jennifer Smith,2023-03-23,partner,True,,,,2026-04-24 22:09:13.186774,2026-04-24 22:09:13.186774,Starter Plus,starter,19.0,190.0,25.0,20.0,10,True,2026-04-24 22:09:13.186774,19.0,False
1351,874,2,active,monthly,2024-02-24,,12.0,0.0,,,2026-04-24 22:09:13.186774,MetaPro,Finance,small,FR,France,Europe/Paris,jennifer.smith@metapro.com,Jennifer Smith,2023-03-23,partner,True,,,,2026-04-24 22:09:13.186774,2026-04-24 22:09:13.186774,Starter,starter,12.0,120.0,15.0,10.0,5,True,2026-04-24 22:09:13.186774,12.0,False
1352,875,1,expired,monthly,2023-08-22,2023-10-24,0.0,0.0,,Too expensive,2026-04-24 22:09:13.186774,JetDynamics,E-commerce,large,US,United States,America/Chicago,carlos.kim@company.io,Carlos Kim,2023-08-22,event,False,2025-01-26 10:47:34,Integration issues,2.0,2026-04-24 22:09:13.186774,2026-04-24 22:09:13.186774,Free,free,0.0,0.0,5.0,3.0,1,True,2026-04-24 22:09:13.186774,0.0,True
1353,875,5,cancelled,monthly,2023-10-24,2025-01-26,59.0,0.0,,Too expensive,2026-04-24 22:09:13.186774,JetDynamics,E-commerce,large,US,United States,America/Chicago,carlos.kim@company.io,Carlos Kim,2023-08-22,event,False,2025-01-26 10:47:34,Integration issues,2.0,2026-04-24 22:09:13.186774,2026-04-24 22:09:13.186774,Professional Plus,professional,59.0,590.0,100.0,100.0,50,True,2026-04-24 22:09:13.186774,59.0,True
1354,876,2,active,annual,2024-05-20,,8.0,20.0,2024-06-03,,2026-04-24 22:09:13.186774,Wave Pro,E-commerce,medium,US,United States,America/New_York,raj.baker@wavepro.com,Raj Baker,2024-05-20,organic,True,,,,2026-04-24 22:09:13.186774,2026-04-24 22:09:13.186774,Starter,starter,12.0,120.0,15.0,10.0,5,True,2026-04-24 22:09:13.186774,12.0,False
1355,877,6,active,annual,2024-09-12,,61.88,25.0,2024-09-26,,2026-04-24 22:09:13.186774,FlowOps,Legal,medium,US,United States,America/New_York,ahmed.baker@company.io,Ahmed Baker,2024-09-12,organic,True,,,6.0,2026-04-24 22:09:13.186774,2026-04-24 22:09:13.186774,Enterprise,enterprise,99.0,990.0,500.0,,100,True,2026-04-24 22:09:13.186774,99.0,False
1356,878,1,expired,monthly,2024-02-24,2024-05-29,0.0,20.0,,Not using it,2026-04-24 22:09:13.186774,EchoStudio,Insurance,medium,IN,India,Asia/Kolkata,paul.chen@gmail.com,Paul Chen,2024-02-24,organic,True,,,10.0,2026-04-24 22:09:13.186774,2026-04-24 22:09:13.186774,Free,free,0.0,0.0,5.0,3.0,1,True,2026-04-24 22:09:13.186774,0.0,False
1357,878,2,active,monthly,2024-05-29,,12.0,0.0,,,2026-04-24 22:09:13.186774,EchoStudio,Insurance,medium,IN,India,Asia/Kolkata,paul.chen@gmail.com,Paul Chen,2024-02-24,organic,True,,,10.0,2026-04-24 22:09:13.186774,2026-04-24 22:09:13.186774,Starter,starter,12.0,120.0,15.0,10.0,5,True,2026-04-24 22:09:13.186774,12.0,False
1358,879,2,cancelled,annual,2024-10-09,2025-02-03,10.0,0.0,2024-10-23,Too expensive,2026-04-24 22:09:13.186774,DriftHQ,Finance,large,AU,Australia,Australia/Sydney,anthony.johnson@startup.co,Anthony Johnson,2024-10-09,paid_ads,False,2025-03-30 00:39:53,Too expensive,6.0,2026-04-24 22:09:13.186774,2026-04-24 22:09:13.186774,Starter,starter,12.0,120.0,15.0,10.0,5,True,2026-04-24 22:09:13.186774,12.0,True
1359,879,1,cancelled,monthly,2025-02-03,2025-03-30,0.0,0.0,,Company reorganization,2026-04-24 22:09:13.186774,DriftHQ,Finance,large,AU,Australia,Australia/Sydney,anthony.johnson@startup.co,Anthony Johnson,2024-10-09,paid_ads,False,2025-03-30 00:39:53,Too expensive,6.0,2026-04-24 22:09:13.186774,2026-04-24 22:09:13.186774,Free,free,0.0,0.0,5.0,3.0,1,True,2026-04-24 22:09:13.186774,0.0,True
1360,880,4,expired,monthly,2023-06-12,2023-08-31,39.0,0.0,2023-06-26,Budget cuts,2026-04-24 22:09:13.186774,JetVentures,E-commerce,small,US,United States,America/New_York,betty.walker@gmail.com,Betty Walker,2023-06-12,event,True,,,,2026-04-24 22:09:13.186774,2026-04-24 22:09:13.186774,Professional,professional,39.0,390.0,50.0,50.0,25,True,2026-04-24 22:09:13.186774,39.0,False
1361,880,1,active,monthly,2023-08-31,,0.0,0.0,,,2026-04-24 22:09:13.186774,JetVentures,E-commerce,small,US,United States,America/New_York,betty.walker@gmail.com,Betty Walker,2023-06-12,event,True,,,,2026-04-24 22:09:13.186774,2026-04-24 22:09:13.186774,Free,free,0.0,0.0,5.0,3.0,1,True,2026-04-24 22:09:13.186774,0.0,False
1362,881,1,active,annual,2023-03-10,,0.0,0.0,,,2026-04-24 22:09:13.186774,OrbitSoftware,Legal,medium,AU,Australia,Australia/Sydney,margaret.hernandez@company.io,Margaret Hernandez,2023-03-10,event,True,,,,2026-04-24 22:09:13.186774,2026-04-24 22:09:13.186774,Free,free,0.0,0.0,5.0,3.0,1,True,2026-04-24 22:09:13.186774,0.0,False
1363,882,2,expired,monthly,2023-11-15,2024-05-15,12.0,0.0,2023-11-29,Company reorganization,2026-04-24 22:09:13.186774,JetPlatform,Consulting,enterprise,GB,United Kingdom,Europe/London,Anthony.Young@yahoo.com,Anthony Young,2023-11-15,paid_ads,True,,,4.0,2026-04-24 22:09:13.186774,2026-04-24 22:09:13.186774,Starter,starter,12.0,120.0,15.0,10.0,5,True,2026-04-24 22:09:13.186774,12.0,False
1364,882,3,expired,annual,2024-05-15,2025-04-16,13.46,15.0,,Company reorganization,2026-04-24 22:09:13.186774,JetPlatform,Consulting,enterprise,GB,United Kingdom,Europe/London,Anthony.Young@yahoo.com,Anthony Young,2023-11-15,paid_ads,True,,,4.0,2026-04-24 22:09:13.186774,2026-04-24 22:09:13.186774,Starter Plus,starter,19.0,190.0,25.0,20.0,10,True,2026-04-24 22:09:13.186774,19.0,False
1365,882,5,active,annual,2025-04-16,,49.17,0.0,,,2026-04-24 22:09:13.186774,JetPlatform,Consulting,enterprise,GB,United Kingdom,Europe/London,Anthony.Young@yahoo.com,Anthony Young,2023-11-15,paid_ads,True,,,4.0,2026-04-24 22:09:13.186774,2026-04-24 22:09:13.186774,Professional Plus,professional,59.0,590.0,100.0,100.0,50,True,2026-04-24 22:09:13.186774,59.0,False
1366,883,2,cancelled,annual,2025-09-15,2025-11-15,10.0,0.0,2025-09-29,Budget cuts,2026-04-24 22:09:13.186774,OrbitWorks,Telecommunications,medium,DE,Germany,Europe/Berlin,kimberly.perez@hotmail.com,Kimberly Perez,2025-09-15,partner,True,,,,2026-04-24 22:09:13.186774,2026-04-24 22:09:13.186774,Starter,starter,12.0,120.0,15.0,10.0,5,True,2026-04-24 22:09:13.186774,12.0,False
1367,883,7,active,monthly,2025-11-15,,199.0,0.0,,,2026-04-24 22:09:13.186774,OrbitWorks,Telecommunications,medium,DE,Germany,Europe/Berlin,kimberly.perez@hotmail.com,Kimberly Perez,2025-09-15,partner,True,,,,2026-04-24 22:09:13.186774,2026-04-24 22:09:13.186774,Enterprise Custom,enterprise,199.0,1990.0,,,500,True,2026-04-24 22:09:13.186774,199.0,False
1368,884,1,active,annual,2024-05-17,,0.0,25.0,,,2026-04-24 22:09:13.186774,PulseIO,Telecommunications,small,IN,India,Asia/Kolkata,steven.miller@pulseio.com,Steven Miller,2024-05-17,event,True,,,,2026-04-24 22:09:13.186774,2026-04-24 22:09:13.186774,Free,free,0.0,0.0,5.0,3.0,1,True,2026-04-24 22:09:13.186774,0.0,False
1369,885,6,expired,annual,2023-05-30,2024-03-02,82.5,0.0,2023-06-13,Missing features,2026-04-24 22:09:13.186774,Jet Studio,Retail,enterprise,US,United States,America/New_York,donald.thomas+nimbus@corp.net,Donald Thomas,2023-05-30,referral,True,,,,2026-04-24 22:09:13.186774,2026-04-24 22:09:13.186774,Enterprise,enterprise,99.0,990.0,500.0,,100,True,2026-04-24 22:09:13.186774,99.0,False
1370,885,3,cancelled,annual,2024-03-02,2024-07-10,12.67,20.0,,,2026-04-24 22:09:13.186774,Jet Studio,Retail,enterprise,US,United States,America/New_York,donald.thomas+nimbus@corp.net,Donald Thomas,2023-05-30,referral,True,,,,2026-04-24 22:09:13.186774,2026-04-24 22:09:13.186774,Starter Plus,starter,19.0,190.0,25.0,20.0,10,True,2026-04-24 22:09:13.186774,19.0,False
1371,885,1,active,annual,2024-07-10,,0.0,0.0,,,2026-04-24 22:09:13.186774,Jet Studio,Retail,enterprise,US,United States,America/New_York,donald.thomas+nimbus@corp.net,Donald Thomas,2023-05-30,referral,True,,,,2026-04-24 22:09:13.186774,2026-04-24 22:09:13.186774,Free,free,0.0,0.0,5.0,3.0,1,True,2026-04-24 22:09:13.186774,0.0,False
1372,886,1,expired,annual,2025-03-20,2025-08-02,0.0,0.0,,,2026-04-24 22:09:13.186774,Mist Group,Healthcare,small,FR,France,Europe/Paris,patricia.chen@tech.dev,Patricia Chen,2025-03-20,organic,True,,,,2026-04-24 22:09:13.186774,2026-04-24 22:09:13.186774,Free,free,0.0,0.0,5.0,3.0,1,True,2026-04-24 22:09:13.186774,0.0,False
1373,886,3,active,annual,2025-08-02,,14.25,10.0,,,2026-04-24 22:09:13.186774,Mist Group,Healthcare,small,FR,France,Europe/Paris,patricia.chen@tech.dev,Patricia Chen,2025-03-20,organic,True,,,,2026-04-24 22:09:13.186774,2026-04-24 22:09:13.186774,Starter Plus,starter,19.0,190.0,25.0,20.0,10,True,2026-04-24 22:09:13.186774,19.0,False
1374,887,3,active,annual,2024-01-27,,15.83,0.0,2024-02-10,,2026-04-24 22:09:13.186774,Sync Labs,Technology,large,SG,Singapore,Asia/Singapore,priya.clark@yahoo.com,Priya Clark,2024-01-27,referral,True,,,9.0,2026-04-24 22:09:13.186774,2026-04-24 22:09:13.186774,Starter Plus,starter,19.0,190.0,25.0,20.0,10,True,2026-04-24 22:09:13.186774,19.0,False
1375,888,5,cancelled,monthly,2024-02-10,2025-06-30,59.0,0.0,2024-02-24,,2026-04-24 22:09:13.186774,Ultra Dynamics,Consulting,small,US,United States,America/Los_Angeles,charles.santos@startup.co,Charles Santos,2024-02-10,organic,False,2025-06-30 04:40:40,,1.0,2026-04-24 22:09:13.186774,2026-04-24 22:09:13.186774,Professional Plus,professional,59.0,590.0,100.0,100.0,50,True,2026-04-24 22:09:13.186774,59.0,True
1376,889,1,cancelled,monthly,2023-08-29,2024-07-03,0.0,0.0,,Company reorganization,2026-04-24 22:09:13.186774,GlowAI,Legal,small,CA,Canada,America/Toronto,robert.jones@yahoo.com,Robert Jones,2023-08-29,referral,False,2024-07-03 20:47:39,Company closed,2.0,2026-04-24 22:09:13.186774,2026-04-24 22:09:13.186774,Free,free,0.0,0.0,5.0,3.0,1,True,2026-04-24 22:09:13.186774,0.0,True
1377,890,4,active,monthly,2024-10-20,,35.1,10.0,2024-11-03,,2026-04-24 22:09:13.186774,Flow Software,Consulting,small,US,United States,America/Chicago,priya.taylor@flowsoftware.com,Priya Taylor,2024-10-20,partner,True,,,2.0,2026-04-24 22:09:13.186774,2026-04-24 22:09:13.186774,Professional,professional,39.0,390.0,50.0,50.0,25,True,2026-04-24 22:09:13.186774,39.0,False
1378,891,3,expired,monthly,2025-02-22,2025-07-17,19.0,0.0,2025-03-08,Not using it,2026-04-24 22:09:13.186774,WarpPlatform,Retail,small,JP,Japan,Asia/Tokyo,charles.lee@warpplatform.com,Charles Lee,2025-02-22,organic,True,,,8.0,2026-04-24 22:09:13.186774,2026-04-24 22:09:13.186774,Starter Plus,starter,19.0,190.0,25.0,20.0,10,True,2026-04-24 22:09:13.186774,19.0,False
1379,891,3,active,monthly,2025-07-17,,19.0,0.0,,,2026-04-24 22:09:13.186774,WarpPlatform,Retail,small,JP,Japan,Asia/Tokyo,charles.lee@warpplatform.com,Charles Lee,2025-02-22,organic,True,,,8.0,2026-04-24 22:09:13.186774,2026-04-24 22:09:13.186774,Starter Plus,starter,19.0,190.0,25.0,20.0,10,True,2026-04-24 22:09:13.186774,19.0,False
1380,892,3,cancelled,annual,2025-04-28,2025-07-08,15.83,0.0,2025-05-12,Missing features,2026-04-24 22:09:13.186774,Link AI,E-commerce,small,BR,Brazil,America/Sao_Paulo,ashley.smith@company.io,Ashley Smith,2025-04-28,event,False,2025-07-08 07:37:08,No longer needed,8.0,2026-04-24 22:09:13.186774,2026-04-24 22:09:13.186774,Starter Plus,starter,19.0,190.0,25.0,20.0,10,True,2026-04-24 22:09:13.186774,19.0,True
1381,893,3,cancelled,annual,2024-10-28,2025-08-17,15.83,0.0,2024-11-11,,2026-04-24 22:09:13.186774,RushDynamics,Manufacturing,small,GB,United Kingdom,Europe/London,priya.hill@protonmail.com,Priya Hill,2024-10-28,organic,True,,,8.0,2026-04-24 22:09:13.186774,2026-04-24 22:09:13.186774,Starter Plus,starter,19.0,190.0,25.0,20.0,10,True,2026-04-24 22:09:13.186774,19.0,False
1382,893,4,active,monthly,2025-08-17,,39.0,0.0,,,2026-04-24 22:09:13.186774,RushDynamics,Manufacturing,small,GB,United Kingdom,Europe/London,priya.hill@protonmail.com,Priya Hill,2024-10-28,organic,True,,,8.0,2026-04-24 22:09:13.186774,2026-04-24 22:09:13.186774,Professional,professional,39.0,390.0,50.0,50.0,25,True,2026-04-24 22:09:13.186774,39.0,False
1383,894,4,active,monthly,2025-04-17,,39.0,0.0,2025-05-01,,2026-04-24 22:09:13.186774,Yield Systems,Legal,enterprise,GB,United Kingdom,Europe/London,richard.kim@hotmail.com,Richard Kim,2025-04-17,partner,True,,,8.0,2026-04-24 22:09:13.186774,2026-04-24 22:09:13.186774,Professional,professional,39.0,390.0,50.0,50.0,25,True,2026-04-24 22:09:13.186774,39.0,False
1384,895,2,active,monthly,2024-04-13,,12.0,0.0,2024-04-27,,2026-04-24 22:09:13.186774,Bolt Cloud,Technology,small,US,United States,America/Los_Angeles,kenji.perez@startup.co,Kenji Perez,2024-04-13,paid_ads,True,,,,2026-04-24 22:09:13.186774,2026-04-24 22:09:13.186774,Starter,starter,12.0,120.0,15.0,10.0,5,True,2026-04-24 22:09:13.186774,12.0,False
1385,896,3,cancelled,monthly,2024-09-26,2025-04-09,19.0,0.0,2024-10-10,Switched competitor,2026-04-24 22:09:13.186774,FluxIO,Education,enterprise,SG,Singapore,Asia/Singapore,ana.thomas@gmail.com,Ana Thomas,2024-09-26,event,False,2024-10-30 08:30:09,Poor support experience,,2026-04-24 22:09:13.186774,2026-04-24 22:09:13.186774,Starter Plus,starter,19.0,190.0,25.0,20.0,10,True,2026-04-24 22:09:13.186774,19.0,True
1386,896,6,cancelled,monthly,2025-04-09,2024-10-30,99.0,0.0,,Company reorganization,2026-04-24 22:09:13.186774,FluxIO,Education,enterprise,SG,Singapore,Asia/Singapore,ana.thomas@gmail.com,Ana Thomas,2024-09-26,event,False,2024-10-30 08:30:09,Poor support experience,,2026-04-24 22:09:13.186774,2026-04-24 22:09:13.186774,Enterprise,enterprise,99.0,990.0,500.0,,100,True,2026-04-24 22:09:13.186774,99.0,True
1387,897,5,expired,annual,2024-03-03,2024-05-12,49.17,0.0,2024-03-17,Not using it,2026-04-24 22:09:13.186774,CoreLogic,Finance,small,US,United States,America/New_York,nancy.wilson@corelogic.com,Nancy Wilson,2024-03-03,referral,True,,,1.0,2026-04-24 22:09:13.186774,2026-04-24 22:09:13.186774,Professional Plus,professional,59.0,590.0,100.0,100.0,50,True,2026-04-24 22:09:13.186774,59.0,False
1388,897,1,active,annual,2024-05-12,,0.0,0.0,,,2026-04-24 22:09:13.186774,CoreLogic,Finance,small,US,United States,America/New_York,nancy.wilson@corelogic.com,Nancy Wilson,2024-03-03,referral,True,,,1.0,2026-04-24 22:09:13.186774,2026-04-24 22:09:13.186774,Free,free,0.0,0.0,5.0,3.0,1,True,2026-04-24 22:09:13.186774,0.0,False
1389,898,4,cancelled,annual,2023-04-26,2024-05-24,32.5,0.0,2023-05-10,Budget cuts,2026-04-24 22:09:13.186774,Nova Systems,Telecommunications,large,FR,France,Europe/Paris,Fatima.Muller@enterprise.com,Fatima Muller,2023-04-26,event,False,2024-05-24 18:05:01,Not enough users,,2026-04-24 22:09:13.186774,2026-04-24 22:09:13.186774,Professional,professional,39.0,390.0,50.0,50.0,25,True,2026-04-24 22:09:13.186774,39.0,True
1390,899,1,active,monthly,2023-02-15,,0.0,0.0,,,2026-04-24 22:09:13.186774,Rift Logic,Technology,small,CA,Canada,America/Toronto,margaret.santos@gmail.com,Margaret Santos,2023-02-15,event,True,,,,2026-04-24 22:09:13.186774,2026-04-24 22:09:13.186774,Free,free,0.0,0.0,5.0,3.0,1,True,2026-04-24 22:09:13.186774,0.0,False
1391,900,2,active,annual,2024-03-21,,10.0,0.0,2024-04-04,,2026-04-24 22:09:13.186774,Rush Software,E-commerce,large,CA,Canada,America/Toronto,hassan.smith@corp.net,Hassan Smith,2024-03-21,partner,True,,,,2026-04-24 22:09:13.186774,2026-04-24 22:09:13.186774,Starter,starter,12.0,120.0,15.0,10.0,5,True,2026-04-24 22:09:13.186774,12.0,False
1392,901,2,cancelled,monthly,2024-07-07,2025-05-02,12.0,0.0,2024-07-21,Too expensive,2026-04-24 22:09:13.186774,Xenon Tech,Real Estate,small,CA,Canada,America/Toronto,sofia.walker@company.io,Sofia Walker,2024-07-07,referral,False,2025-05-02 08:35:31,Budget cuts,2.0,2026-04-24 22:09:13.186774,2026-04-24 22:09:13.186774,Starter,starter,12.0,120.0,15.0,10.0,5,True,2026-04-24 22:09:13.186774,12.0,True
1393,902,3,active,monthly,2023-05-21,,19.0,0.0,2023-06-04,,2026-04-24 22:09:13.186774,Rift Hub,Telecommunications,medium,SG,Singapore,Asia/Singapore,paul.clark@corp.net,Paul Clark,2023-05-21,paid_ads,True,,,7.0,2026-04-24 22:09:13.186774,2026-04-24 22:09:13.186774,Starter Plus,starter,19.0,190.0,25.0,20.0,10,True,2026-04-24 22:09:13.186774,19.0,False
1394,903,2,cancelled,annual,2024-02-10,2025-01-30,10.0,0.0,2024-02-24,Not using it,2026-04-24 22:09:13.186774,OnyxDigital,Media,large,FR,France,Europe/Paris,william.tanaka@hotmail.com,William Tanaka,2024-02-10,organic,False,2025-01-30 10:16:47,Switched to competitor,,2026-04-24 22:09:13.186774,2026-04-24 22:09:13.186774,Starter,starter,12.0,120.0,15.0,10.0,5,True,2026-04-24 22:09:13.186774,12.0,True
1395,904,3,active,monthly,2025-03-27,,19.0,0.0,2025-04-10,,2026-04-24 22:09:13.186774,QuarkDynamics,Finance,large,GB,United Kingdom,Europe/London,fatima.rivera@company.io,Fatima Rivera,2025-03-27,organic,True,,,,2026-04-24 22:09:13.186774,2026-04-24 22:09:13.186774,Starter Plus,starter,19.0,190.0,25.0,20.0,10,True,2026-04-24 22:09:13.186774,19.0,False
1396,905,3,cancelled,annual,2025-07-03,2025-10-26,11.88,25.0,2025-07-17,Switched competitor,2026-04-24 22:09:13.186774,OrbitVentures,Manufacturing,large,US,United States,America/Chicago,joseph.green@hotmail.com,Joseph Green,2025-07-03,paid_ads,True,,,3.0,2026-04-24 22:09:13.186774,2026-04-24 22:09:13.186774,Starter Plus,starter,19.0,190.0,25.0,20.0,10,True,2026-04-24 22:09:13.186774,19.0,False
1397,905,4,active,monthly,2025-10-26,,39.0,0.0,,,2026-04-24 22:09:13.186774,OrbitVentures,Manufacturing,large,US,United States,America/Chicago,joseph.green@hotmail.com,Joseph Green,2025-07-03,paid_ads,True,,,3.0,2026-04-24 22:09:13.186774,2026-04-24 22:09:13.186774,Professional,professional,39.0,390.0,50.0,50.0,25,True,2026-04-24 22:09:13.186774,39.0,False
1398,906,5,active,monthly,2023-02-01,,59.0,0.0,2023-02-15,,2026-04-24 22:09:13.186774,EdgeNet,E-commerce,enterprise,AU,Australia,Australia/Sydney,karen.ivanov@edgenet.com,Karen Ivanov,2023-02-01,referral,True,,,9.0,2026-04-24 22:09:13.186774,2026-04-24 22:09:13.186774,Professional Plus,professional,59.0,590.0,100.0,100.0,50,True,2026-04-24 22:09:13.186774,59.0,False
1399,907,5,active,monthly,2023-08-02,,59.0,0.0,2023-08-16,,2026-04-24 22:09:13.186774,EdgeAnalytics,Healthcare,medium,IN,India,Asia/Kolkata,Wei.Sanchez@company.io,Wei Sanchez,2023-08-02,referral,True,,,,2026-04-24 22:09:13.186774,2026-04-24 22:09:13.186774,Professional Plus,professional,59.0,590.0,100.0,100.0,50,True,2026-04-24 22:09:13.186774,59.0,False
1400,908,5,expired,monthly,2024-01-28,2024-12-06,44.25,25.0,2024-02-11,Budget cuts,2026-04-24 22:09:13.186774,OnyxGroup,Logistics,medium,US,United States,America/New_York,ashley.lee@enterprise.com,Ashley Lee,2024-01-28,organic,True,,,,2026-04-24 22:09:13.186774,2026-04-24 22:09:13.186774,Professional Plus,professional,59.0,590.0,100.0,100.0,50,True,2026-04-24 22:09:13.186774,59.0,False
1401,908,4,active,monthly,2024-12-06,,39.0,0.0,,,2026-04-24 22:09:13.186774,OnyxGroup,Logistics,medium,US,United States,America/New_York,ashley.lee@enterprise.com,Ashley Lee,2024-01-28,organic,True,,,,2026-04-24 22:09:13.186774,2026-04-24 22:09:13.186774,Professional,professional,39.0,390.0,50.0,50.0,25,True,2026-04-24 22:09:13.186774,39.0,False
1402,909,4,cancelled,annual,2024-07-10,2024-10-31,32.5,0.0,2024-07-24,Too expensive,2026-04-24 22:09:13.186774,SageVentures,Marketing,large,CA,Canada,America/Toronto,Mary.Harris@outlook.com,Mary Harris,2024-07-10,referral,False,2025-02-15 14:23:31,,,2026-04-24 22:09:13.186774,2026-04-24 22:09:13.186774,Professional,professional,39.0,390.0,50.0,50.0,25,True,2026-04-24 22:09:13.186774,39.0,True
1403,909,5,cancelled,monthly,2024-10-31,2025-06-30,44.25,25.0,,Budget cuts,2026-04-24 22:09:13.186774,SageVentures,Marketing,large,CA,Canada,America/Toronto,Mary.Harris@outlook.com,Mary Harris,2024-07-10,referral,False,2025-02-15 14:23:31,,,2026-04-24 22:09:13.186774,2026-04-24 22:09:13.186774,Professional Plus,professional,59.0,590.0,100.0,100.0,50,True,2026-04-24 22:09:13.186774,59.0,True
1404,909,7,cancelled,monthly,2025-06-30,2025-02-15,199.0,0.0,,Budget cuts,2026-04-24 22:09:13.186774,SageVentures,Marketing,large,CA,Canada,America/Toronto,Mary.Harris@outlook.com,Mary Harris,2024-07-10,referral,False,2025-02-15 14:23:31,,,2026-04-24 22:09:13.186774,2026-04-24 22:09:13.186774,Enterprise Custom,enterprise,199.0,1990.0,,,500,True,2026-04-24 22:09:13.186774,199.0,True
1405,910,1,cancelled,annual,2024-02-25,2025-09-08,0.0,0.0,,Too expensive,2026-04-24 22:09:13.186774,DriftLogic,E-commerce,medium,CA,Canada,America/Toronto,john.lee@enterprise.com,John Lee,2024-02-25,organic,False,2025-09-08 03:23:57,No longer needed,5.0,2026-04-24 22:09:13.186774,2026-04-24 22:09:13.186774,Free,free,0.0,0.0,5.0,3.0,1,True,2026-04-24 22:09:13.186774,0.0,True
1406,911,4,active,monthly,2023-05-01,,39.0,0.0,2023-05-15,,2026-04-24 22:09:13.186774,Luna HQ,Education,large,BR,Brazil,America/Sao_Paulo,matthew.tanaka@gmail.com,Matthew Tanaka,2023-05-01,event,True,,,10.0,2026-04-24 22:09:13.186774,2026-04-24 22:09:13.186774,Professional,professional,39.0,390.0,50.0,50.0,25,True,2026-04-24 22:09:13.186774,39.0,False
1407,912,1,active,monthly,2025-02-01,,0.0,15.0,,,2026-04-24 22:09:13.186774,Vertex Corp,Healthcare,large,US,United States,America/Los_Angeles,dmitri.jones@gmail.com,Dmitri Jones,2025-02-01,organic,True,,,,2026-04-24 22:09:13.186774,2026-04-24 22:09:13.186774,Free,free,0.0,0.0,5.0,3.0,1,True,2026-04-24 22:09:13.186774,0.0,False
1408,913,3,cancelled,annual,2023-05-23,2023-12-31,15.83,0.0,2023-06-06,Too expensive,2026-04-24 22:09:13.186774,Vertex Ops,Real Estate,enterprise,CA,Canada,America/Toronto,joseph.rivera@vertexops.com,Joseph Rivera,2023-05-23,organic,False,2023-07-28 18:47:14,Not enough users,6.0,2026-04-24 22:09:13.186774,2026-04-24 22:09:13.186774,Starter Plus,starter,19.0,190.0,25.0,20.0,10,True,2026-04-24 22:09:13.186774,19.0,True
1409,913,1,expired,monthly,2023-12-31,2024-03-05,0.0,0.0,,Too expensive,2026-04-24 22:09:13.186774,Vertex Ops,Real Estate,enterprise,CA,Canada,America/Toronto,joseph.rivera@vertexops.com,Joseph Rivera,2023-05-23,organic,False,2023-07-28 18:47:14,Not enough users,6.0,2026-04-24 22:09:13.186774,2026-04-24 22:09:13.186774,Free,free,0.0,0.0,5.0,3.0,1,True,2026-04-24 22:09:13.186774,0.0,True
1410,913,5,cancelled,monthly,2024-03-05,2023-07-28,59.0,0.0,,Company reorganization,2026-04-24 22:09:13.186774,Vertex Ops,Real Estate,enterprise,CA,Canada,America/Toronto,joseph.rivera@vertexops.com,Joseph Rivera,2023-05-23,organic,False,2023-07-28 18:47:14,Not enough users,6.0,2026-04-24 22:09:13.186774,2026-04-24 22:09:13.186774,Professional Plus,professional,59.0,590.0,100.0,100.0,50,True,2026-04-24 22:09:13.186774,59.0,True
1411,914,1,active,annual,2025-07-30,,0.0,0.0,,,2026-04-24 22:09:13.186774,RushCorp,Manufacturing,small,US,United States,America/Chicago,jennifer.taylor@enterprise.com,Jennifer Taylor,2025-07-30,paid_ads,True,,,,2026-04-24 22:09:13.186774,2026-04-24 22:09:13.186774,Free,free,0.0,0.0,5.0,3.0,1,True,2026-04-24 22:09:13.186774,0.0,False
1412,915,1,cancelled,annual,2024-11-03,2025-05-12,0.0,0.0,,Switched competitor,2026-04-24 22:09:13.186774,Keen Solutions,Logistics,small,CA,Canada,America/Toronto,wei.wright@outlook.com,Wei Wright,2024-11-03,paid_ads,False,2025-05-12 11:49:22,Switched to competitor,1.0,2026-04-24 22:09:13.186774,2026-04-24 22:09:13.186774,Free,free,0.0,0.0,5.0,3.0,1,True,2026-04-24 22:09:13.186774,0.0,True
1413,916,1,active,monthly,2023-01-10,,0.0,25.0,,,2026-04-24 22:09:13.186774,TidalDigital,Manufacturing,small,IN,India,Asia/Kolkata,patricia.allen@protonmail.com,Patricia Allen,2023-01-10,organic,True,,,,2026-04-24 22:09:13.186774,2026-04-24 22:09:13.186774,Free,free,0.0,0.0,5.0,3.0,1,True,2026-04-24 22:09:13.186774,0.0,False
1414,917,6,active,monthly,2023-05-11,,99.0,0.0,2023-05-25,,2026-04-24 22:09:13.186774,MetaOps,Consulting,small,US,United States,America/Chicago,barbara.harris@metaops.com,Barbara Harris,2023-05-11,referral,True,,,9.0,2026-04-24 22:09:13.186774,2026-04-24 22:09:13.186774,Enterprise,enterprise,99.0,990.0,500.0,,100,True,2026-04-24 22:09:13.186774,99.0,False
1415,918,6,expired,monthly,2023-11-25,2024-11-15,99.0,0.0,2023-12-09,Budget cuts,2026-04-24 22:09:13.186774,PulseStack,Retail,large,IN,India,Asia/Kolkata,joseph.ivanov@pulsestack.com,Joseph Ivanov,2023-11-25,organic,True,,,8.0,2026-04-24 22:09:13.186774,2026-04-24 22:09:13.186774,Enterprise,enterprise,99.0,990.0,500.0,,100,True,2026-04-24 22:09:13.186774,99.0,False
1416,918,4,active,monthly,2024-11-15,,39.0,0.0,,,2026-04-24 22:09:13.186774,PulseStack,Retail,large,IN,India,Asia/Kolkata,joseph.ivanov@pulsestack.com,Joseph Ivanov,2023-11-25,organic,True,,,8.0,2026-04-24 22:09:13.186774,2026-04-24 22:09:13.186774,Professional,professional,39.0,390.0,50.0,50.0,25,True,2026-04-24 22:09:13.186774,39.0,False
1417,919,3,cancelled,annual,2023-10-22,2024-01-05,14.25,10.0,2023-11-05,Too expensive,2026-04-24 22:09:13.186774,OrbitPro,Consulting,medium,JP,Japan,Asia/Tokyo,anthony.adams@hotmail.com,Anthony Adams,2023-10-22,organic,True,,,8.0,2026-04-24 22:09:13.186774,2026-04-24 22:09:13.186774,Starter Plus,starter,19.0,190.0,25.0,20.0,10,True,2026-04-24 22:09:13.186774,19.0,False
1418,919,7,cancelled,annual,2024-01-05,2024-09-23,165.83,0.0,,Company reorganization,2026-04-24 22:09:13.186774,OrbitPro,Consulting,medium,JP,Japan,Asia/Tokyo,anthony.adams@hotmail.com,Anthony Adams,2023-10-22,organic,True,,,8.0,2026-04-24 22:09:13.186774,2026-04-24 22:09:13.186774,Enterprise Custom,enterprise,199.0,1990.0,,,500,True,2026-04-24 22:09:13.186774,199.0,False
1419,919,6,active,monthly,2024-09-23,,79.2,20.0,,,2026-04-24 22:09:13.186774,OrbitPro,Consulting,medium,JP,Japan,Asia/Tokyo,anthony.adams@hotmail.com,Anthony Adams,2023-10-22,organic,True,,,8.0,2026-04-24 22:09:13.186774,2026-04-24 22:09:13.186774,Enterprise,enterprise,99.0,990.0,500.0,,100,True,2026-04-24 22:09:13.186774,99.0,False
1420,920,1,expired,monthly,2025-05-25,2025-09-25,0.0,0.0,,Switched competitor,2026-04-24 22:09:13.186774,Rush Logic,Education,medium,SG,Singapore,Asia/Singapore,hassan.perez@company.io,Hassan Perez,2025-05-25,paid_ads,True,,,7.0,2026-04-24 22:09:13.186774,2026-04-24 22:09:13.186774,Free,free,0.0,0.0,5.0,3.0,1,True,2026-04-24 22:09:13.186774,0.0,False
1421,920,5,active,monthly,2025-09-25,,59.0,0.0,,,2026-04-24 22:09:13.186774,Rush Logic,Education,medium,SG,Singapore,Asia/Singapore,hassan.perez@company.io,Hassan Perez,2025-05-25,paid_ads,True,,,7.0,2026-04-24 22:09:13.186774,2026-04-24 22:09:13.186774,Professional Plus,professional,59.0,590.0,100.0,100.0,50,True,2026-04-24 22:09:13.186774,59.0,False
1422,921,1,cancelled,monthly,2024-08-31,2025-07-24,0.0,0.0,,Missing features,2026-04-24 22:09:13.186774,Flux Works,Media,medium,BR,Brazil,America/Sao_Paulo,aisha.jones@protonmail.com,Aisha Jones,2024-08-31,partner,True,,,10.0,2026-04-24 22:09:13.186774,2026-04-24 22:09:13.186774,Free,free,0.0,0.0,5.0,3.0,1,True,2026-04-24 22:09:13.186774,0.0,False
1423,921,3,expired,monthly,2025-07-24,2025-09-29,19.0,0.0,,,2026-04-24 22:09:13.186774,Flux Works,Media,medium,BR,Brazil,America/Sao_Paulo,aisha.jones@protonmail.com,Aisha Jones,2024-08-31,partner,True,,,10.0,2026-04-24 22:09:13.186774,2026-04-24 22:09:13.186774,Starter Plus,starter,19.0,190.0,25.0,20.0,10,True,2026-04-24 22:09:13.186774,19.0,False
1424,921,3,active,monthly,2025-09-29,,19.0,0.0,,,2026-04-24 22:09:13.186774,Flux Works,Media,medium,BR,Brazil,America/Sao_Paulo,aisha.jones@protonmail.com,Aisha Jones,2024-08-31,partner,True,,,10.0,2026-04-24 22:09:13.186774,2026-04-24 22:09:13.186774,Starter Plus,starter,19.0,190.0,25.0,20.0,10,True,2026-04-24 22:09:13.186774,19.0,False
1425,922,1,active,annual,2024-12-05,,0.0,0.0,,,2026-04-24 22:09:13.186774,HiveOps,Education,medium,AU,Australia,Australia/Sydney,wei.nelson@yahoo.com,Wei Nelson,2024-12-05,organic,True,,,,2026-04-24 22:09:13.186774,2026-04-24 22:09:13.186774,Free,free,0.0,0.0,5.0,3.0,1,True,2026-04-24 22:09:13.186774,0.0,False
1426,923,4,active,monthly,2023-07-30,,35.1,10.0,2023-08-13,,2026-04-24 22:09:13.186774,TrekDynamics,E-commerce,enterprise,CA,Canada,America/Toronto,emily.king@protonmail.com,Emily King,2023-07-30,organic,True,,,,2026-04-24 22:09:13.186774,2026-04-24 22:09:13.186774,Professional,professional,39.0,390.0,50.0,50.0,25,True,2026-04-24 22:09:13.186774,39.0,False
1427,924,1,active,monthly,2023-09-18,,0.0,15.0,,,2026-04-24 22:09:13.186774,LunaStack,Marketing,small,AU,Australia,Australia/Sydney,donald.rivera@tech.dev,Donald Rivera,2023-09-18,organic,True,,,10.0,2026-04-24 22:09:13.186774,2026-04-24 22:09:13.186774,Free,free,0.0,0.0,5.0,3.0,1,True,2026-04-24 22:09:13.186774,0.0,False
1428,925,1,active,monthly,2024-05-02,,0.0,0.0,,,2026-04-24 22:09:13.186774,DriftDynamics,Education,medium,BR,Brazil,America/Sao_Paulo,anthony.gonzalez@enterprise.com,Anthony Gonzalez,2024-05-02,referral,True,,,4.0,2026-04-24 22:09:13.186774,2026-04-24 22:09:13.186774,Free,free,0.0,0.0,5.0,3.0,1,True,2026-04-24 22:09:13.186774,0.0,False
1429,926,1,active,annual,2024-12-04,,0.0,0.0,,,2026-04-24 22:09:13.186774,XenonHub,Technology,small,US,United States,America/Chicago,sarah.miller@outlook.com,Sarah Miller,2024-12-04,organic,True,,,8.0,2026-04-24 22:09:13.186774,2026-04-24 22:09:13.186774,Free,free,0.0,0.0,5.0,3.0,1,True,2026-04-24 22:09:13.186774,0.0,False
1430,927,5,cancelled,monthly,2023-06-05,2024-11-08,59.0,0.0,2023-06-19,Company reorganization,2026-04-24 22:09:13.186774,Beam Platform,E-commerce,small,BR,Brazil,America/Sao_Paulo,joshua.torres@company.io,Joshua Torres,2023-06-05,organic,False,2024-11-08 00:05:42,,6.0,2026-04-24 22:09:13.186774,2026-04-24 22:09:13.186774,Professional Plus,professional,59.0,590.0,100.0,100.0,50,True,2026-04-24 22:09:13.186774,59.0,True
1431,928,5,active,annual,2023-06-19,,49.17,0.0,2023-07-03,,2026-04-24 22:09:13.186774,KiteTech,Real Estate,small,CA,Canada,America/Toronto,linda.miller@hotmail.com,Linda Miller,2023-06-19,event,True,,,,2026-04-24 22:09:13.186774,2026-04-24 22:09:13.186774,Professional Plus,professional,59.0,590.0,100.0,100.0,50,True,2026-04-24 22:09:13.186774,59.0,False
1432,929,1,expired,monthly,2024-03-30,2025-03-19,0.0,0.0,,Not using it,2026-04-24 22:09:13.186774,Tidal Corp,Real Estate,enterprise,BR,Brazil,America/Sao_Paulo,ana.harris@outlook.com,Ana Harris,2024-03-30,organic,True,,,,2026-04-24 22:09:13.186774,2026-04-24 22:09:13.186774,Free,free,0.0,0.0,5.0,3.0,1,True,2026-04-24 22:09:13.186774,0.0,False
1433,929,5,active,monthly,2025-03-19,,59.0,0.0,,,2026-04-24 22:09:13.186774,Tidal Corp,Real Estate,enterprise,BR,Brazil,America/Sao_Paulo,ana.harris@outlook.com,Ana Harris,2024-03-30,organic,True,,,,2026-04-24 22:09:13.186774,2026-04-24 22:09:13.186774,Professional Plus,professional,59.0,590.0,100.0,100.0,50,True,2026-04-24 22:09:13.186774,59.0,False
1434,930,1,active,annual,2024-09-13,,0.0,0.0,,,2026-04-24 22:09:13.186774,Rift IO,Manufacturing,enterprise,JP,Japan,Asia/Tokyo,Lisa.Lee@startup.co,Lisa Lee,2024-09-13,organic,True,,,2.0,2026-04-24 22:09:13.186774,2026-04-24 22:09:13.186774,Free,free,0.0,0.0,5.0,3.0,1,True,2026-04-24 22:09:13.186774,0.0,False
1435,931,1,active,monthly,2024-12-03,,0.0,0.0,,,2026-04-24 22:09:13.186774,Ultra Studio,Manufacturing,small,GB,United Kingdom,Europe/London,yuki.jackson@enterprise.com,Yuki Jackson,2024-12-03,referral,True,,,8.0,2026-04-24 22:09:13.186774,2026-04-24 22:09:13.186774,Free,free,0.0,0.0,5.0,3.0,1,True,2026-04-24 22:09:13.186774,0.0,False
1436,932,1,active,annual,2023-09-19,,0.0,0.0,,,2026-04-24 22:09:13.186774,TrekLabs,Marketing,small,AU,Australia,Australia/Sydney,mary.young@treklabs.com,Mary Young,2023-09-19,event,True,,,10.0,2026-04-24 22:09:13.186774,2026-04-24 22:09:13.186774,Free,free,0.0,0.0,5.0,3.0,1,True,2026-04-24 22:09:13.186774,0.0,False
1437,933,4,cancelled,monthly,2024-12-13,2025-08-29,39.0,0.0,2024-12-27,,2026-04-24 22:09:13.186774,HiveGroup,E-commerce,enterprise,US,United States,America/New_York,Matthew.White@hivegroup.com,Matthew White,2024-12-13,event,True,,,8.0,2026-04-24 22:09:13.186774,2026-04-24 22:09:13.186774,Professional,professional,39.0,390.0,50.0,50.0,25,True,2026-04-24 22:09:13.186774,39.0,False
1438,933,6,expired,monthly,2025-08-29,2025-10-29,84.15,15.0,,,2026-04-24 22:09:13.186774,HiveGroup,E-commerce,enterprise,US,United States,America/New_York,Matthew.White@hivegroup.com,Matthew White,2024-12-13,event,True,,,8.0,2026-04-24 22:09:13.186774,2026-04-24 22:09:13.186774,Enterprise,enterprise,99.0,990.0,500.0,,100,True,2026-04-24 22:09:13.186774,99.0,False
1439,933,2,active,monthly,2025-10-29,,12.0,0.0,,,2026-04-24 22:09:13.186774,HiveGroup,E-commerce,enterprise,US,United States,America/New_York,Matthew.White@hivegroup.com,Matthew White,2024-12-13,event,True,,,8.0,2026-04-24 22:09:13.186774,2026-04-24 22:09:13.186774,Starter,starter,12.0,120.0,15.0,10.0,5,True,2026-04-24 22:09:13.186774,12.0,False
1440,934,5,cancelled,annual,2024-08-09,2025-05-07,49.17,0.0,2024-08-23,,2026-04-24 22:09:13.186774,Beam Analytics,Retail,small,GB,United Kingdom,Europe/London,anthony.martin@outlook.com,Anthony Martin,2024-08-09,paid_ads,True,,,,2026-04-24 22:09:13.186774,2026-04-24 22:09:13.186774,Professional Plus,professional,59.0,590.0,100.0,100.0,50,True,2026-04-24 22:09:13.186774,59.0,False
1441,934,6,active,annual,2025-05-07,,61.88,25.0,,,2026-04-24 22:09:13.186774,Beam Analytics,Retail,small,GB,United Kingdom,Europe/London,anthony.martin@outlook.com,Anthony Martin,2024-08-09,paid_ads,True,,,,2026-04-24 22:09:13.186774,2026-04-24 22:09:13.186774,Enterprise,enterprise,99.0,990.0,500.0,,100,True,2026-04-24 22:09:13.186774,99.0,False
1442,935,4,active,annual,2023-04-14,,32.5,0.0,2023-04-28,,2026-04-24 22:09:13.186774,SyncDynamics,Manufacturing,small,GB,United Kingdom,Europe/London,mary.tanaka@syncdynamics.com,Mary Tanaka,2023-04-14,referral,True,,,,2026-04-24 22:09:13.186774,2026-04-24 22:09:13.186774,Professional,professional,39.0,390.0,50.0,50.0,25,True,2026-04-24 22:09:13.186774,39.0,False
1443,936,1,active,monthly,2023-06-25,,0.0,0.0,,,2026-04-24 22:09:13.186774,ZealHQ,Marketing,large,US,United States,America/Los_Angeles,elizabeth.wright@gmail.com,Elizabeth Wright,2023-06-25,organic,True,,,1.0,2026-04-24 22:09:13.186774,2026-04-24 22:09:13.186774,Free,free,0.0,0.0,5.0,3.0,1,True,2026-04-24 22:09:13.186774,0.0,False
1444,937,1,cancelled,monthly,2023-05-20,2023-11-19,0.0,0.0,,Missing features,2026-04-24 22:09:13.186774,DriftPlatform,Legal,small,FR,France,Europe/Paris,jessica.hernandez@outlook.com,Jessica Hernandez,2023-05-20,organic,False,2025-06-03 18:51:05,Outgrew the platform,,2026-04-24 22:09:13.186774,2026-04-24 22:09:13.186774,Free,free,0.0,0.0,5.0,3.0,1,True,2026-04-24 22:09:13.186774,0.0,True
1445,937,2,expired,monthly,2023-11-19,2024-10-23,12.0,0.0,,Missing features,2026-04-24 22:09:13.186774,DriftPlatform,Legal,small,FR,France,Europe/Paris,jessica.hernandez@outlook.com,Jessica Hernandez,2023-05-20,organic,False,2025-06-03 18:51:05,Outgrew the platform,,2026-04-24 22:09:13.186774,2026-04-24 22:09:13.186774,Starter,starter,12.0,120.0,15.0,10.0,5,True,2026-04-24 22:09:13.186774,12.0,True
1446,937,1,cancelled,monthly,2024-10-23,2025-06-03,0.0,0.0,,Not using it,2026-04-24 22:09:13.186774,DriftPlatform,Legal,small,FR,France,Europe/Paris,jessica.hernandez@outlook.com,Jessica Hernandez,2023-05-20,organic,False,2025-06-03 18:51:05,Outgrew the platform,,2026-04-24 22:09:13.186774,2026-04-24 22:09:13.186774,Free,free,0.0,0.0,5.0,3.0,1,True,2026-04-24 22:09:13.186774,0.0,True
1447,938,4,cancelled,monthly,2024-06-20,2025-04-18,31.2,20.0,2024-07-04,,2026-04-24 22:09:13.186774,JadeDynamics,Telecommunications,medium,CA,Canada,America/Toronto,raj.king@startup.co,Raj King,2024-06-20,paid_ads,True,,,9.0,2026-04-24 22:09:13.186774,2026-04-24 22:09:13.186774,Professional,professional,39.0,390.0,50.0,50.0,25,True,2026-04-24 22:09:13.186774,39.0,False
1448,938,4,active,monthly,2025-04-18,,35.1,10.0,,,2026-04-24 22:09:13.186774,JadeDynamics,Telecommunications,medium,CA,Canada,America/Toronto,raj.king@startup.co,Raj King,2024-06-20,paid_ads,True,,,9.0,2026-04-24 22:09:13.186774,2026-04-24 22:09:13.186774,Professional,professional,39.0,390.0,50.0,50.0,25,True,2026-04-24 22:09:13.186774,39.0,False
1449,939,1,active,annual,2025-03-04,,0.0,0.0,,,2026-04-24 22:09:13.186774,HubGroup,Manufacturing,medium,DE,Germany,Europe/Berlin,nancy.johnson@gmail.com,Nancy Johnson,2025-03-04,paid_ads,True,,,9.0,2026-04-24 22:09:13.186774,2026-04-24 22:09:13.186774,Free,free,0.0,0.0,5.0,3.0,1,True,2026-04-24 22:09:13.186774,0.0,False
1450,940,2,active,monthly,2023-07-29,,12.0,0.0,2023-08-12,,2026-04-24 22:09:13.186774,PeakCloud,Finance,small,GB,United Kingdom,Europe/London,mark.taylor@enterprise.com,Mark Taylor,2023-07-29,paid_ads,True,,,2.0,2026-04-24 22:09:13.186774,2026-04-24 22:09:13.186774,Starter,starter,12.0,120.0,15.0,10.0,5,True,2026-04-24 22:09:13.186774,12.0,False
1451,941,1,active,annual,2023-02-11,,0.0,0.0,,,2026-04-24 22:09:13.186774,Data Studio,Consulting,medium,SG,Singapore,Asia/Singapore,kenji.ramirez@tech.dev,Kenji Ramirez,2023-02-11,referral,True,,,,2026-04-24 22:09:13.186774,2026-04-24 22:09:13.186774,Free,free,0.0,0.0,5.0,3.0,1,True,2026-04-24 22:09:13.186774,0.0,False
1452,942,6,expired,annual,2024-06-05,2024-11-12,70.12,15.0,2024-06-19,Budget cuts,2026-04-24 22:09:13.186774,EdgeStudio,Education,medium,US,United States,America/Los_Angeles,james.miller@edgestudio.com,James Miller,2024-06-05,organic,True,,,1.0,2026-04-24 22:09:13.186774,2026-04-24 22:09:13.186774,Enterprise,enterprise,99.0,990.0,500.0,,100,True,2026-04-24 22:09:13.186774,99.0,False
1453,942,3,expired,annual,2024-11-12,2025-02-25,15.83,0.0,,,2026-04-24 22:09:13.186774,EdgeStudio,Education,medium,US,United States,America/Los_Angeles,james.miller@edgestudio.com,James Miller,2024-06-05,organic,True,,,1.0,2026-04-24 22:09:13.186774,2026-04-24 22:09:13.186774,Starter Plus,starter,19.0,190.0,25.0,20.0,10,True,2026-04-24 22:09:13.186774,19.0,False
1454,942,5,active,monthly,2025-02-25,,59.0,0.0,,,2026-04-24 22:09:13.186774,EdgeStudio,Education,medium,US,United States,America/Los_Angeles,james.miller@edgestudio.com,James Miller,2024-06-05,organic,True,,,1.0,2026-04-24 22:09:13.186774,2026-04-24 22:09:13.186774,Professional Plus,professional,59.0,590.0,100.0,100.0,50,True,2026-04-24 22:09:13.186774,59.0,False
1455,943,4,expired,annual,2024-03-19,2024-06-29,27.62,15.0,2024-04-02,Budget cuts,2026-04-24 22:09:13.186774,VertexGroup,Real Estate,small,DE,Germany,Europe/Berlin,nancy.brown@enterprise.com,Nancy Brown,2024-03-19,referral,True,,,9.0,2026-04-24 22:09:13.186774,2026-04-24 22:09:13.186774,Professional,professional,39.0,390.0,50.0,50.0,25,True,2026-04-24 22:09:13.186774,39.0,False
1456,943,4,active,monthly,2024-06-29,,35.1,10.0,,,2026-04-24 22:09:13.186774,VertexGroup,Real Estate,small,DE,Germany,Europe/Berlin,nancy.brown@enterprise.com,Nancy Brown,2024-03-19,referral,True,,,9.0,2026-04-24 22:09:13.186774,2026-04-24 22:09:13.186774,Professional,professional,39.0,390.0,50.0,50.0,25,True,2026-04-24 22:09:13.186774,39.0,False
1457,944,1,cancelled,monthly,2023-08-14,2024-12-26,0.0,0.0,,Missing features,2026-04-24 22:09:13.186774,TrekHQ,Logistics,small,US,United States,America/Los_Angeles,elizabeth.kim@startup.co,Elizabeth Kim,2023-08-14,partner,False,2024-12-26 13:18:51,Too expensive,,2026-04-24 22:09:13.186774,2026-04-24 22:09:13.186774,Free,free,0.0,0.0,5.0,3.0,1,True,2026-04-24 22:09:13.186774,0.0,True
1458,945,5,active,annual,2024-05-09,,49.17,0.0,2024-05-23,,2026-04-24 22:09:13.186774,Jet Corp,Media,medium,DE,Germany,Europe/Berlin,susan.smith@gmail.com,Susan Smith,2024-05-09,paid_ads,True,,,10.0,2026-04-24 22:09:13.186774,2026-04-24 22:09:13.186774,Professional Plus,professional,59.0,590.0,100.0,100.0,50,True,2026-04-24 22:09:13.186774,59.0,False
1459,946,2,cancelled,monthly,2024-11-14,2025-05-08,12.0,0.0,2024-11-28,Budget cuts,2026-04-24 22:09:13.186774,XenonIO,Education,medium,JP,Japan,Asia/Tokyo,kimberly.ivanov@company.io,Kimberly Ivanov,2024-11-14,event,True,,,,2026-04-24 22:09:13.186774,2026-04-24 22:09:13.186774,Starter,starter,12.0,120.0,15.0,10.0,5,True,2026-04-24 22:09:13.186774,12.0,False
1460,946,5,active,annual,2025-05-08,,36.88,25.0,,,2026-04-24 22:09:13.186774,XenonIO,Education,medium,JP,Japan,Asia/Tokyo,kimberly.ivanov@company.io,Kimberly Ivanov,2024-11-14,event,True,,,,2026-04-24 22:09:13.186774,2026-04-24 22:09:13.186774,Professional Plus,professional,59.0,590.0,100.0,100.0,50,True,2026-04-24 22:09:13.186774,59.0,False
1461,947,5,expired,monthly,2023-11-04,2024-08-24,59.0,0.0,2023-11-18,Missing features,2026-04-24 22:09:13.186774,OrbitLabs,Education,small,JP,Japan,Asia/Tokyo,karen.young@gmail.com,Karen Young,2023-11-04,partner,True,,,9.0,2026-04-24 22:09:13.186774,2026-04-24 22:09:13.186774,Professional Plus,professional,59.0,590.0,100.0,100.0,50,True,2026-04-24 22:09:13.186774,59.0,False
1462,947,5,paused,annual,2024-08-24,,49.17,0.0,,,2026-04-24 22:09:13.186774,OrbitLabs,Education,small,JP,Japan,Asia/Tokyo,karen.young@gmail.com,Karen Young,2023-11-04,partner,True,,,9.0,2026-04-24 22:09:13.186774,2026-04-24 22:09:13.186774,Professional Plus,professional,59.0,590.0,100.0,100.0,50,True,2026-04-24 22:09:13.186774,59.0,False
1463,948,4,expired,monthly,2023-11-03,2024-01-20,35.1,10.0,2023-11-17,Budget cuts,2026-04-24 22:09:13.186774,OrbitPlatform,Finance,small,FR,France,Europe/Paris,paul.allen@startup.co,Paul Allen,2023-11-03,referral,False,2024-04-07 04:12:11,Integration issues,8.0,2026-04-24 22:09:13.186774,2026-04-24 22:09:13.186774,Professional,professional,39.0,390.0,50.0,50.0,25,True,2026-04-24 22:09:13.186774,39.0,True
1464,948,6,cancelled,monthly,2024-01-20,2024-04-07,99.0,0.0,,,2026-04-24 22:09:13.186774,OrbitPlatform,Finance,small,FR,France,Europe/Paris,paul.allen@startup.co,Paul Allen,2023-11-03,referral,False,2024-04-07 04:12:11,Integration issues,8.0,2026-04-24 22:09:13.186774,2026-04-24 22:09:13.186774,Enterprise,enterprise,99.0,990.0,500.0,,100,True,2026-04-24 22:09:13.186774,99.0,True
1465,949,5,cancelled,annual,2024-01-15,2024-08-15,49.17,0.0,2024-01-29,Too expensive,2026-04-24 22:09:13.186774,ZealWorks,Technology,medium,AU,Australia,Australia/Sydney,sofia.ramirez@gmail.com,Sofia Ramirez,2024-01-15,referral,False,2024-08-15 01:26:12,Not enough users,,2026-04-24 22:09:13.186774,2026-04-24 22:09:13.186774,Professional Plus,professional,59.0,590.0,100.0,100.0,50,True,2026-04-24 22:09:13.186774,59.0,True
1466,950,5,expired,monthly,2024-05-19,2024-08-23,59.0,0.0,2024-06-02,Company reorganization,2026-04-24 22:09:13.186774,Ultra Ventures,Manufacturing,enterprise,US,United States,America/Chicago,michael.garcia@yahoo.com,Michael Garcia,2024-05-19,paid_ads,True,,,,2026-04-24 22:09:13.186774,2026-04-24 22:09:13.186774,Professional Plus,professional,59.0,590.0,100.0,100.0,50,True,2026-04-24 22:09:13.186774,59.0,False
1467,950,4,expired,monthly,2024-08-23,2025-04-19,35.1,10.0,,Too expensive,2026-04-24 22:09:13.186774,Ultra Ventures,Manufacturing,enterprise,US,United States,America/Chicago,michael.garcia@yahoo.com,Michael Garcia,2024-05-19,paid_ads,True,,,,2026-04-24 22:09:13.186774,2026-04-24 22:09:13.186774,Professional,professional,39.0,390.0,50.0,50.0,25,True,2026-04-24 22:09:13.186774,39.0,False
1468,950,4,active,annual,2025-04-19,,32.5,0.0,,,2026-04-24 22:09:13.186774,Ultra Ventures,Manufacturing,enterprise,US,United States,America/Chicago,michael.garcia@yahoo.com,Michael Garcia,2024-05-19,paid_ads,True,,,,2026-04-24 22:09:13.186774,2026-04-24 22:09:13.186774,Professional,professional,39.0,390.0,50.0,50.0,25,True,2026-04-24 22:09:13.186774,39.0,False
1469,951,4,cancelled,monthly,2023-03-31,2024-08-23,29.25,25.0,2023-04-14,,2026-04-24 22:09:13.186774,DataLabs,Technology,small,DE,Germany,Europe/Berlin,dmitri.white@company.io,Dmitri White,2023-03-31,referral,False,2024-08-23 04:57:55,Company closed,10.0,2026-04-24 22:09:13.186774,2026-04-24 22:09:13.186774,Professional,professional,39.0,390.0,50.0,50.0,25,True,2026-04-24 22:09:13.186774,39.0,True
1470,952,5,cancelled,monthly,2023-09-24,2024-04-19,59.0,0.0,2023-10-08,Not using it,2026-04-24 22:09:13.186774,Link Cloud,Real Estate,enterprise,JP,Japan,Asia/Tokyo,robert.santos@enterprise.com,Robert Santos,2023-09-24,partner,False,2025-06-17 19:05:22,,3.0,2026-04-24 22:09:13.186774,2026-04-24 22:09:13.186774,Professional Plus,professional,59.0,590.0,100.0,100.0,50,True,2026-04-24 22:09:13.186774,59.0,True
1471,952,7,cancelled,monthly,2024-04-19,2024-12-15,199.0,0.0,,Budget cuts,2026-04-24 22:09:13.186774,Link Cloud,Real Estate,enterprise,JP,Japan,Asia/Tokyo,robert.santos@enterprise.com,Robert Santos,2023-09-24,partner,False,2025-06-17 19:05:22,,3.0,2026-04-24 22:09:13.186774,2026-04-24 22:09:13.186774,Enterprise Custom,enterprise,199.0,1990.0,,,500,True,2026-04-24 22:09:13.186774,199.0,True
1472,952,6,cancelled,annual,2024-12-15,2025-06-17,70.12,15.0,,Too expensive,2026-04-24 22:09:13.186774,Link Cloud,Real Estate,enterprise,JP,Japan,Asia/Tokyo,robert.santos@enterprise.com,Robert Santos,2023-09-24,partner,False,2025-06-17 19:05:22,,3.0,2026-04-24 22:09:13.186774,2026-04-24 22:09:13.186774,Enterprise,enterprise,99.0,990.0,500.0,,100,True,2026-04-24 22:09:13.186774,99.0,True
1473,953,6,expired,annual,2023-08-29,2024-06-13,82.5,0.0,2023-09-12,Missing features,2026-04-24 22:09:13.186774,KiteNet,Consulting,small,JP,Japan,Asia/Tokyo,karen.jackson@startup.co,Karen Jackson,2023-08-29,organic,True,,,,2026-04-24 22:09:13.186774,2026-04-24 22:09:13.186774,Enterprise,enterprise,99.0,990.0,500.0,,100,True,2026-04-24 22:09:13.186774,99.0,False
1474,953,7,active,monthly,2024-06-13,,199.0,0.0,,,2026-04-24 22:09:13.186774,KiteNet,Consulting,small,JP,Japan,Asia/Tokyo,karen.jackson@startup.co,Karen Jackson,2023-08-29,organic,True,,,,2026-04-24 22:09:13.186774,2026-04-24 22:09:13.186774,Enterprise Custom,enterprise,199.0,1990.0,,,500,True,2026-04-24 22:09:13.186774,199.0,False
1475,954,1,active,annual,2024-12-05,,0.0,0.0,,,2026-04-24 22:09:13.186774,Data Ventures,Telecommunications,small,US,United States,America/Los_Angeles,michael.lewis@protonmail.com,Michael Lewis,2024-12-05,organic,True,,,7.0,2026-04-24 22:09:13.186774,2026-04-24 22:09:13.186774,Free,free,0.0,0.0,5.0,3.0,1,True,2026-04-24 22:09:13.186774,0.0,False
1476,955,1,cancelled,monthly,2024-01-08,2024-07-04,0.0,0.0,,Budget cuts,2026-04-24 22:09:13.186774,HubStack,Logistics,medium,FR,France,Europe/Paris,emily.martin@enterprise.com,Emily Martin,2024-01-08,event,False,2024-07-04 17:36:22,Company closed,0.0,2026-04-24 22:09:13.186774,2026-04-24 22:09:13.186774,Free,free,0.0,0.0,5.0,3.0,1,True,2026-04-24 22:09:13.186774,0.0,True
1477,956,2,cancelled,monthly,2024-12-25,2025-08-28,12.0,0.0,2025-01-08,Budget cuts,2026-04-24 22:09:13.186774,YieldSolutions,Consulting,large,AU,Australia,Australia/Sydney,mei.rivera@company.io,Mei Rivera,2024-12-25,paid_ads,True,,,10.0,2026-04-24 22:09:13.186774,2026-04-24 22:09:13.186774,Starter,starter,12.0,120.0,15.0,10.0,5,True,2026-04-24 22:09:13.186774,12.0,False
1478,956,2,active,annual,2025-08-28,,8.5,15.0,,,2026-04-24 22:09:13.186774,YieldSolutions,Consulting,large,AU,Australia,Australia/Sydney,mei.rivera@company.io,Mei Rivera,2024-12-25,paid_ads,True,,,10.0,2026-04-24 22:09:13.186774,2026-04-24 22:09:13.186774,Starter,starter,12.0,120.0,15.0,10.0,5,True,2026-04-24 22:09:13.186774,12.0,False
1479,957,6,cancelled,monthly,2025-01-08,2025-02-21,99.0,0.0,2025-01-22,Budget cuts,2026-04-24 22:09:13.186774,ArcTech,Marketing,small,US,United States,America/New_York,david.thomas@protonmail.com,David Thomas,2025-01-08,organic,False,2025-02-21 22:22:17,,2.0,2026-04-24 22:09:13.186774,2026-04-24 22:09:13.186774,Enterprise,enterprise,99.0,990.0,500.0,,100,True,2026-04-24 22:09:13.186774,99.0,True
1480,958,5,active,monthly,2024-02-05,,59.0,0.0,2024-02-19,,2026-04-24 22:09:13.186774,GridIO,Media,small,GB,United Kingdom,Europe/London,elizabeth.perez@tech.dev,Elizabeth Perez,2024-02-05,partner,True,,,,2026-04-24 22:09:13.186774,2026-04-24 22:09:13.186774,Professional Plus,professional,59.0,590.0,100.0,100.0,50,True,2026-04-24 22:09:13.186774,59.0,False
1481,959,2,cancelled,monthly,2023-12-07,2024-07-23,12.0,0.0,2023-12-21,Switched competitor,2026-04-24 22:09:13.186774,BeamHub,Insurance,small,CA,Canada,America/Toronto,olga.nguyen@beamhub.com,Olga Nguyen,2023-12-07,referral,False,2025-04-07 17:43:33,,,2026-04-24 22:09:13.186774,2026-04-24 22:09:13.186774,Starter,starter,12.0,120.0,15.0,10.0,5,True,2026-04-24 22:09:13.186774,12.0,True
1482,959,4,cancelled,monthly,2024-07-23,2025-04-07,39.0,0.0,,Not using it,2026-04-24 22:09:13.186774,BeamHub,Insurance,small,CA,Canada,America/Toronto,olga.nguyen@beamhub.com,Olga Nguyen,2023-12-07,referral,False,2025-04-07 17:43:33,,,2026-04-24 22:09:13.186774,2026-04-24 22:09:13.186774,Professional,professional,39.0,390.0,50.0,50.0,25,True,2026-04-24 22:09:13.186774,39.0,True
1483,960,6,active,annual,2025-04-21,,70.12,15.0,2025-05-05,,2026-04-24 22:09:13.186774,Peak AI,Retail,small,SG,Singapore,Asia/Singapore,emily.taylor+work@gmail.com,Emily Taylor,2025-04-21,referral,True,,,7.0,2026-04-24 22:09:13.186774,2026-04-24 22:09:13.186774,Enterprise,enterprise,99.0,990.0,500.0,,100,True,2026-04-24 22:09:13.186774,99.0,False
1484,961,2,active,monthly,2024-11-08,,9.6,20.0,2024-11-22,,2026-04-24 22:09:13.186774,Unit Hub,Logistics,enterprise,DE,Germany,Europe/Berlin,lars.hill@corp.net,Lars Hill,2024-11-08,partner,True,,,,2026-04-24 22:09:13.186774,2026-04-24 22:09:13.186774,Starter,starter,12.0,120.0,15.0,10.0,5,True,2026-04-24 22:09:13.186774,12.0,False
1485,962,5,cancelled,monthly,2023-01-22,2024-03-28,50.15,15.0,2023-02-05,Not using it,2026-04-24 22:09:13.186774,YieldDynamics,Finance,medium,SG,Singapore,Asia/Singapore,richard.smith@hotmail.com,Richard Smith,2023-01-22,event,False,2024-03-28 02:08:27,No longer needed,,2026-04-24 22:09:13.186774,2026-04-24 22:09:13.186774,Professional Plus,professional,59.0,590.0,100.0,100.0,50,True,2026-04-24 22:09:13.186774,59.0,True
1486,963,4,active,monthly,2025-05-23,,39.0,0.0,2025-06-06,,2026-04-24 22:09:13.186774,Grid Hub,Telecommunications,small,DE,Germany,Europe/Berlin,paul.hall@yahoo.com,Paul Hall,2025-05-23,referral,True,,,,2026-04-24 22:09:13.186774,2026-04-24 22:09:13.186774,Professional,professional,39.0,390.0,50.0,50.0,25,True,2026-04-24 22:09:13.186774,39.0,False
1487,964,3,active,monthly,2023-12-31,,19.0,0.0,2024-01-14,,2026-04-24 22:09:13.186774,Core Works,Healthcare,medium,JP,Japan,Asia/Tokyo,sandra.allen@protonmail.com,Sandra Allen,2023-12-31,partner,True,,,7.0,2026-04-24 22:09:13.186774,2026-04-24 22:09:13.186774,Starter Plus,starter,19.0,190.0,25.0,20.0,10,True,2026-04-24 22:09:13.186774,19.0,False
1488,965,4,active,annual,2025-08-04,,27.62,15.0,2025-08-18,,2026-04-24 22:09:13.186774,IrisAnalytics,Telecommunications,medium,US,United States,America/Chicago,robert.hernandez@tech.dev,Robert Hernandez,2025-08-04,organic,True,,,6.0,2026-04-24 22:09:13.186774,2026-04-24 22:09:13.186774,Professional,professional,39.0,390.0,50.0,50.0,25,True,2026-04-24 22:09:13.186774,39.0,False
1489,966,1,expired,annual,2023-03-10,2023-11-22,0.0,0.0,,Not using it,2026-04-24 22:09:13.186774,Glow Hub,Insurance,medium,GB,United Kingdom,Europe/London,william.gonzalez@corp.net,William Gonzalez,2023-03-10,referral,True,,,,2026-04-24 22:09:13.186774,2026-04-24 22:09:13.186774,Free,free,0.0,0.0,5.0,3.0,1,True,2026-04-24 22:09:13.186774,0.0,False
1490,966,1,active,annual,2023-11-22,,0.0,0.0,,,2026-04-24 22:09:13.186774,Glow Hub,Insurance,medium,GB,United Kingdom,Europe/London,william.gonzalez@corp.net,William Gonzalez,2023-03-10,referral,True,,,,2026-04-24 22:09:13.186774,2026-04-24 22:09:13.186774,Free,free,0.0,0.0,5.0,3.0,1,True,2026-04-24 22:09:13.186774,0.0,False
1491,967,1,cancelled,annual,2024-11-11,2025-05-16,0.0,0.0,,Too expensive,2026-04-24 22:09:13.186774,JadeHub,Marketing,large,IN,India,Asia/Kolkata,Richard.Williams@corp.net,Richard Williams,2024-11-11,organic,True,,,,2026-04-24 22:09:13.186774,2026-04-24 22:09:13.186774,Free,free,0.0,0.0,5.0,3.0,1,True,2026-04-24 22:09:13.186774,0.0,False
1492,967,4,cancelled,monthly,2025-05-16,2025-07-24,39.0,0.0,,Too expensive,2026-04-24 22:09:13.186774,JadeHub,Marketing,large,IN,India,Asia/Kolkata,Richard.Williams@corp.net,Richard Williams,2024-11-11,organic,True,,,,2026-04-24 22:09:13.186774,2026-04-24 22:09:13.186774,Professional,professional,39.0,390.0,50.0,50.0,25,True,2026-04-24 22:09:13.186774,39.0,False
1493,967,6,active,monthly,2025-07-24,,99.0,0.0,,,2026-04-24 22:09:13.186774,JadeHub,Marketing,large,IN,India,Asia/Kolkata,Richard.Williams@corp.net,Richard Williams,2024-11-11,organic,True,,,,2026-04-24 22:09:13.186774,2026-04-24 22:09:13.186774,Enterprise,enterprise,99.0,990.0,500.0,,100,True,2026-04-24 22:09:13.186774,99.0,False
1494,968,6,cancelled,annual,2023-12-15,2024-03-29,82.5,0.0,2023-12-29,Not using it,2026-04-24 22:09:13.186774,Grid Group,Media,medium,US,United States,America/Chicago,emily.rodriguez@tech.dev,Emily Rodriguez,2023-12-15,organic,False,2025-10-04 18:57:13,Too expensive,,2026-04-24 22:09:13.186774,2026-04-24 22:09:13.186774,Enterprise,enterprise,99.0,990.0,500.0,,100,True,2026-04-24 22:09:13.186774,99.0,True
1495,968,1,expired,monthly,2024-03-29,2024-11-20,0.0,0.0,,Budget cuts,2026-04-24 22:09:13.186774,Grid Group,Media,medium,US,United States,America/Chicago,emily.rodriguez@tech.dev,Emily Rodriguez,2023-12-15,organic,False,2025-10-04 18:57:13,Too expensive,,2026-04-24 22:09:13.186774,2026-04-24 22:09:13.186774,Free,free,0.0,0.0,5.0,3.0,1,True,2026-04-24 22:09:13.186774,0.0,True
1496,968,4,cancelled,monthly,2024-11-20,2025-10-04,39.0,0.0,,,2026-04-24 22:09:13.186774,Grid Group,Media,medium,US,United States,America/Chicago,emily.rodriguez@tech.dev,Emily Rodriguez,2023-12-15,organic,False,2025-10-04 18:57:13,Too expensive,,2026-04-24 22:09:13.186774,2026-04-24 22:09:13.186774,Professional,professional,39.0,390.0,50.0,50.0,25,True,2026-04-24 22:09:13.186774,39.0,True
1497,969,5,expired,annual,2025-04-15,2025-08-14,49.17,0.0,2025-04-29,Not using it,2026-04-24 22:09:13.186774,PulseCloud,Manufacturing,small,US,United States,America/New_York,ana.miller@yahoo.com,Ana Miller,2025-04-15,organic,True,,,6.0,2026-04-24 22:09:13.186774,2026-04-24 22:09:13.186774,Professional Plus,professional,59.0,590.0,100.0,100.0,50,True,2026-04-24 22:09:13.186774,59.0,False
1498,969,4,active,annual,2025-08-14,,32.5,0.0,,,2026-04-24 22:09:13.186774,PulseCloud,Manufacturing,small,US,United States,America/New_York,ana.miller@yahoo.com,Ana Miller,2025-04-15,organic,True,,,6.0,2026-04-24 22:09:13.186774,2026-04-24 22:09:13.186774,Professional,professional,39.0,390.0,50.0,50.0,25,True,2026-04-24 22:09:13.186774,39.0,False
1499,970,2,cancelled,monthly,2023-05-07,2024-04-30,12.0,0.0,2023-05-21,,2026-04-24 22:09:13.186774,Ion Dev,Real Estate,medium,US,United States,America/Chicago,nancy.davis@company.io,Nancy Davis,2023-05-07,partner,False,2024-04-30 19:30:28,Integration issues,,2026-04-24 22:09:13.186774,2026-04-24 22:09:13.186774,Starter,starter,12.0,120.0,15.0,10.0,5,True,2026-04-24 22:09:13.186774,12.0,True
1500,971,1,expired,monthly,2025-02-09,2025-09-01,0.0,0.0,,Switched competitor,2026-04-24 22:09:13.186774,FlowNet,Real Estate,enterprise,FR,France,Europe/Paris,paul.martin@outlook.com,Paul Martin,2025-02-09,referral,True,,,9.0,2026-04-24 22:09:13.186774,2026-04-24 22:09:13.186774,Free,free,0.0,0.0,5.0,3.0,1,True,2026-04-24 22:09:13.186774,0.0,False
1501,971,2,active,monthly,2025-09-01,,12.0,0.0,,,2026-04-24 22:09:13.186774,FlowNet,Real Estate,enterprise,FR,France,Europe/Paris,paul.martin@outlook.com,Paul Martin,2025-02-09,referral,True,,,9.0,2026-04-24 22:09:13.186774,2026-04-24 22:09:13.186774,Starter,starter,12.0,120.0,15.0,10.0,5,True,2026-04-24 22:09:13.186774,12.0,False
1502,972,5,expired,monthly,2023-04-20,2023-11-16,59.0,0.0,2023-05-04,Switched competitor,2026-04-24 22:09:13.186774,Data Digital,Healthcare,small,BR,Brazil,America/Sao_Paulo,james.miller@company.io,James Miller,2023-04-20,partner,True,,,8.0,2026-04-24 22:09:13.186774,2026-04-24 22:09:13.186774,Professional Plus,professional,59.0,590.0,100.0,100.0,50,True,2026-04-24 22:09:13.186774,59.0,False
1503,972,4,expired,monthly,2023-11-16,2024-06-01,35.1,10.0,,,2026-04-24 22:09:13.186774,Data Digital,Healthcare,small,BR,Brazil,America/Sao_Paulo,james.miller@company.io,James Miller,2023-04-20,partner,True,,,8.0,2026-04-24 22:09:13.186774,2026-04-24 22:09:13.186774,Professional,professional,39.0,390.0,50.0,50.0,25,True,2026-04-24 22:09:13.186774,39.0,False
1504,972,1,active,monthly,2024-06-01,,0.0,0.0,,,2026-04-24 22:09:13.186774,Data Digital,Healthcare,small,BR,Brazil,America/Sao_Paulo,james.miller@company.io,James Miller,2023-04-20,partner,True,,,8.0,2026-04-24 22:09:13.186774,2026-04-24 22:09:13.186774,Free,free,0.0,0.0,5.0,3.0,1,True,2026-04-24 22:09:13.186774,0.0,False
1505,973,3,active,annual,2025-09-07,,15.83,0.0,2025-09-21,,2026-04-24 22:09:13.186774,Peak Ventures,Legal,enterprise,US,United States,America/Chicago,Aisha.Tanaka@yahoo.com,Aisha Tanaka,2025-09-07,partner,True,,,,2026-04-24 22:09:13.186774,2026-04-24 22:09:13.186774,Starter Plus,starter,19.0,190.0,25.0,20.0,10,True,2026-04-24 22:09:13.186774,19.0,False
1506,974,1,active,monthly,2024-03-16,,0.0,15.0,,,2026-04-24 22:09:13.186774,ArcLabs,Telecommunications,small,BR,Brazil,America/Sao_Paulo,mei.patel@tech.dev,Mei Patel,2024-03-16,partner,True,,,,2026-04-24 22:09:13.186774,2026-04-24 22:09:13.186774,Free,free,0.0,0.0,5.0,3.0,1,True,2026-04-24 22:09:13.186774,0.0,False
1507,975,3,active,monthly,2025-02-03,,19.0,0.0,2025-02-17,,2026-04-24 22:09:13.186774,Nexus Systems,Legal,medium,DE,Germany,Europe/Berlin,raj.hill@startup.co,Raj Hill,2025-02-03,referral,True,,,5.0,2026-04-24 22:09:13.186774,2026-04-24 22:09:13.186774,Starter Plus,starter,19.0,190.0,25.0,20.0,10,True,2026-04-24 22:09:13.186774,19.0,False
1508,976,2,active,annual,2023-01-15,,10.0,0.0,2023-01-29,,2026-04-24 22:09:13.186774,Edge Ops,Manufacturing,small,GB,United Kingdom,Europe/London,sarah.davis@outlook.com,Sarah Davis,2023-01-15,paid_ads,True,,,7.0,2026-04-24 22:09:13.186774,2026-04-24 22:09:13.186774,Starter,starter,12.0,120.0,15.0,10.0,5,True,2026-04-24 22:09:13.186774,12.0,False
1509,977,2,expired,monthly,2025-05-28,2025-08-11,12.0,0.0,2025-06-11,Not using it,2026-04-24 22:09:13.186774,YieldOps,Education,medium,SG,Singapore,Asia/Singapore,richard.green@hotmail.com,Richard Green,2025-05-28,event,True,,,7.0,2026-04-24 22:09:13.186774,2026-04-24 22:09:13.186774,Starter,starter,12.0,120.0,15.0,10.0,5,True,2026-04-24 22:09:13.186774,12.0,False
1510,977,6,active,monthly,2025-08-11,,99.0,0.0,,,2026-04-24 22:09:13.186774,YieldOps,Education,medium,SG,Singapore,Asia/Singapore,richard.green@hotmail.com,Richard Green,2025-05-28,event,True,,,7.0,2026-04-24 22:09:13.186774,2026-04-24 22:09:13.186774,Enterprise,enterprise,99.0,990.0,500.0,,100,True,2026-04-24 22:09:13.186774,99.0,False
1511,978,3,cancelled,monthly,2023-05-25,2023-11-27,19.0,0.0,2023-06-08,,2026-04-24 22:09:13.186774,Beam HQ,Finance,small,US,United States,America/New_York,ahmed.robinson@outlook.com,Ahmed Robinson,2023-05-25,referral,True,,,9.0,2026-04-24 22:09:13.186774,2026-04-24 22:09:13.186774,Starter Plus,starter,19.0,190.0,25.0,20.0,10,True,2026-04-24 22:09:13.186774,19.0,False
1512,978,4,active,annual,2023-11-27,,27.62,15.0,,,2026-04-24 22:09:13.186774,Beam HQ,Finance,small,US,United States,America/New_York,ahmed.robinson@outlook.com,Ahmed Robinson,2023-05-25,referral,True,,,9.0,2026-04-24 22:09:13.186774,2026-04-24 22:09:13.186774,Professional,professional,39.0,390.0,50.0,50.0,25,True,2026-04-24 22:09:13.186774,39.0,False
1513,979,2,cancelled,monthly,2023-10-04,2024-04-22,12.0,0.0,2023-10-18,Not using it,2026-04-24 22:09:13.186774,Drift Studio,Education,large,GB,United Kingdom,Europe/London,mark.gonzalez@enterprise.com,Mark Gonzalez,2023-10-04,organic,False,2024-04-22 07:38:30,Not enough users,,2026-04-24 22:09:13.186774,2026-04-24 22:09:13.186774,Starter,starter,12.0,120.0,15.0,10.0,5,True,2026-04-24 22:09:13.186774,12.0,True
1514,980,2,expired,monthly,2024-12-07,2025-07-10,10.8,10.0,2024-12-21,Switched competitor,2026-04-24 22:09:13.186774,ZealPlatform,Manufacturing,small,JP,Japan,Asia/Tokyo,steven.adams@company.io,Steven Adams,2024-12-07,organic,False,2025-09-18 15:44:35,Outgrew the platform,,2026-04-24 22:09:13.186774,2026-04-24 22:09:13.186774,Starter,starter,12.0,120.0,15.0,10.0,5,True,2026-04-24 22:09:13.186774,12.0,True
1515,980,5,cancelled,annual,2025-07-10,2025-09-18,49.17,0.0,,Too expensive,2026-04-24 22:09:13.186774,ZealPlatform,Manufacturing,small,JP,Japan,Asia/Tokyo,steven.adams@company.io,Steven Adams,2024-12-07,organic,False,2025-09-18 15:44:35,Outgrew the platform,,2026-04-24 22:09:13.186774,2026-04-24 22:09:13.186774,Professional Plus,professional,59.0,590.0,100.0,100.0,50,True,2026-04-24 22:09:13.186774,59.0,True
1516,981,4,expired,monthly,2023-01-04,2023-11-09,39.0,0.0,2023-01-18,Budget cuts,2026-04-24 22:09:13.186774,QuarkPlatform,Logistics,medium,BR,Brazil,America/Sao_Paulo,andrew.tanaka@enterprise.com,Andrew Tanaka,2023-01-04,organic,False,2023-03-05 09:37:26,Company closed,,2026-04-24 22:09:13.186774,2026-04-24 22:09:13.186774,Professional,professional,39.0,390.0,50.0,50.0,25,True,2026-04-24 22:09:13.186774,39.0,True
1517,981,7,cancelled,monthly,2023-11-09,2023-03-05,149.25,25.0,,Company reorganization,2026-04-24 22:09:13.186774,QuarkPlatform,Logistics,medium,BR,Brazil,America/Sao_Paulo,andrew.tanaka@enterprise.com,Andrew Tanaka,2023-01-04,organic,False,2023-03-05 09:37:26,Company closed,,2026-04-24 22:09:13.186774,2026-04-24 22:09:13.186774,Enterprise Custom,enterprise,199.0,1990.0,,,500,True,2026-04-24 22:09:13.186774,199.0,True
1518,982,6,active,monthly,2024-04-28,,99.0,0.0,2024-05-12,,2026-04-24 22:09:13.186774,Rush Ventures,E-commerce,large,AU,Australia,Australia/Sydney,wei.santos@rushventures.com,Wei Santos,2024-04-28,organic,True,,,,2026-04-24 22:09:13.186774,2026-04-24 22:09:13.186774,Enterprise,enterprise,99.0,990.0,500.0,,100,True,2026-04-24 22:09:13.186774,99.0,False
1519,983,4,active,annual,2023-05-19,,32.5,0.0,2023-06-02,,2026-04-24 22:09:13.186774,OrbitCorp,E-commerce,medium,AU,Australia,Australia/Sydney,paul.chen@tech.dev,Paul Chen,2023-05-19,organic,True,,,7.0,2026-04-24 22:09:13.186774,2026-04-24 22:09:13.186774,Professional,professional,39.0,390.0,50.0,50.0,25,True,2026-04-24 22:09:13.186774,39.0,False
1520,984,4,expired,monthly,2023-08-31,2023-11-05,39.0,0.0,2023-09-14,Missing features,2026-04-24 22:09:13.186774,QuarkLabs,Manufacturing,small,DE,Germany,Europe/Berlin,raj.nguyen@outlook.com,Raj Nguyen,2023-08-31,partner,True,,,5.0,2026-04-24 22:09:13.186774,2026-04-24 22:09:13.186774,Professional,professional,39.0,390.0,50.0,50.0,25,True,2026-04-24 22:09:13.186774,39.0,False
1521,984,4,active,annual,2023-11-05,,32.5,0.0,,,2026-04-24 22:09:13.186774,QuarkLabs,Manufacturing,small,DE,Germany,Europe/Berlin,raj.nguyen@outlook.com,Raj Nguyen,2023-08-31,partner,True,,,5.0,2026-04-24 22:09:13.186774,2026-04-24 22:09:13.186774,Professional,professional,39.0,390.0,50.0,50.0,25,True,2026-04-24 22:09:13.186774,39.0,False
1522,985,2,active,annual,2023-08-10,,10.0,0.0,2023-08-24,,2026-04-24 22:09:13.186774,CloudIO,Media,small,SG,Singapore,Asia/Singapore,priya.hall@enterprise.com,Priya Hall,2023-08-10,referral,True,,,,2026-04-24 22:09:13.186774,2026-04-24 22:09:13.186774,Starter,starter,12.0,120.0,15.0,10.0,5,True,2026-04-24 22:09:13.186774,12.0,False
1523,986,1,cancelled,monthly,2023-10-09,2024-01-22,0.0,20.0,,,2026-04-24 22:09:13.186774,Sage Studio,Telecommunications,small,CA,Canada,America/Toronto,kimberly.hall@sagestudio.com,Kimberly Hall,2023-10-09,paid_ads,False,2025-08-07 17:02:40,No longer needed,0.0,2026-04-24 22:09:13.186774,2026-04-24 22:09:13.186774,Free,free,0.0,0.0,5.0,3.0,1,True,2026-04-24 22:09:13.186774,0.0,True
1524,986,3,cancelled,monthly,2024-01-22,2025-08-07,19.0,0.0,,Not using it,2026-04-24 22:09:13.186774,Sage Studio,Telecommunications,small,CA,Canada,America/Toronto,kimberly.hall@sagestudio.com,Kimberly Hall,2023-10-09,paid_ads,False,2025-08-07 17:02:40,No longer needed,0.0,2026-04-24 22:09:13.186774,2026-04-24 22:09:13.186774,Starter Plus,starter,19.0,190.0,25.0,20.0,10,True,2026-04-24 22:09:13.186774,19.0,True
1525,987,3,expired,monthly,2024-03-18,2024-12-24,19.0,0.0,2024-04-01,Too expensive,2026-04-24 22:09:13.186774,DataOps,Real Estate,small,US,United States,America/New_York,linda.patel@protonmail.com,Linda Patel,2024-03-18,organic,False,2024-06-05 03:24:02,No longer needed,0.0,2026-04-24 22:09:13.186774,2026-04-24 22:09:13.186774,Starter Plus,starter,19.0,190.0,25.0,20.0,10,True,2026-04-24 22:09:13.186774,19.0,True
1526,987,2,cancelled,monthly,2024-12-24,2024-06-05,12.0,0.0,,Budget cuts,2026-04-24 22:09:13.186774,DataOps,Real Estate,small,US,United States,America/New_York,linda.patel@protonmail.com,Linda Patel,2024-03-18,organic,False,2024-06-05 03:24:02,No longer needed,0.0,2026-04-24 22:09:13.186774,2026-04-24 22:09:13.186774,Starter,starter,12.0,120.0,15.0,10.0,5,True,2026-04-24 22:09:13.186774,12.0,True
1527,988,1,expired,monthly,2023-06-20,2024-03-10,0.0,0.0,,Budget cuts,2026-04-24 22:09:13.186774,Arc Systems,Healthcare,enterprise,US,United States,America/Los_Angeles,susan.jones@hotmail.com,Susan Jones,2023-06-20,organic,True,,,8.0,2026-04-24 22:09:13.186774,2026-04-24 22:09:13.186774,Free,free,0.0,0.0,5.0,3.0,1,True,2026-04-24 22:09:13.186774,0.0,False
1528,988,4,expired,annual,2024-03-10,2025-03-10,32.5,0.0,,Company reorganization,2026-04-24 22:09:13.186774,Arc Systems,Healthcare,enterprise,US,United States,America/Los_Angeles,susan.jones@hotmail.com,Susan Jones,2023-06-20,organic,True,,,8.0,2026-04-24 22:09:13.186774,2026-04-24 22:09:13.186774,Professional,professional,39.0,390.0,50.0,50.0,25,True,2026-04-24 22:09:13.186774,39.0,False
1529,988,4,active,annual,2025-03-10,,32.5,0.0,,,2026-04-24 22:09:13.186774,Arc Systems,Healthcare,enterprise,US,United States,America/Los_Angeles,susan.jones@hotmail.com,Susan Jones,2023-06-20,organic,True,,,8.0,2026-04-24 22:09:13.186774,2026-04-24 22:09:13.186774,Professional,professional,39.0,390.0,50.0,50.0,25,True,2026-04-24 22:09:13.186774,39.0,False
1530,989,3,active,monthly,2023-08-08,,16.15,15.0,2023-08-22,,2026-04-24 22:09:13.186774,MistDynamics,E-commerce,medium,AU,Australia,Australia/Sydney,barbara.flores@company.io,Barbara Flores,2023-08-08,organic,True,,,,2026-04-24 22:09:13.186774,2026-04-24 22:09:13.186774,Starter Plus,starter,19.0,190.0,25.0,20.0,10,True,2026-04-24 22:09:13.186774,19.0,False
1531,990,2,cancelled,annual,2025-04-16,2025-10-08,9.0,10.0,2025-04-30,Not using it,2026-04-24 22:09:13.186774,Data Platform,Legal,large,JP,Japan,Asia/Tokyo,ana.davis@corp.net,Ana Davis,2025-04-16,paid_ads,False,2025-08-24 13:50:33,No longer needed,1.0,2026-04-24 22:09:13.186774,2026-04-24 22:09:13.186774,Starter,starter,12.0,120.0,15.0,10.0,5,True,2026-04-24 22:09:13.186774,12.0,True
1532,990,5,cancelled,monthly,2025-10-08,2025-12-08,59.0,0.0,,,2026-04-24 22:09:13.186774,Data Platform,Legal,large,JP,Japan,Asia/Tokyo,ana.davis@corp.net,Ana Davis,2025-04-16,paid_ads,False,2025-08-24 13:50:33,No longer needed,1.0,2026-04-24 22:09:13.186774,2026-04-24 22:09:13.186774,Professional Plus,professional,59.0,590.0,100.0,100.0,50,True,2026-04-24 22:09:13.186774,59.0,True
1533,990,6,cancelled,annual,2025-12-08,2025-08-24,66.0,20.0,,Company reorganization,2026-04-24 22:09:13.186774,Data Platform,Legal,large,JP,Japan,Asia/Tokyo,ana.davis@corp.net,Ana Davis,2025-04-16,paid_ads,False,2025-08-24 13:50:33,No longer needed,1.0,2026-04-24 22:09:13.186774,2026-04-24 22:09:13.186774,Enterprise,enterprise,99.0,990.0,500.0,,100,True,2026-04-24 22:09:13.186774,99.0,True
1534,991,1,cancelled,annual,2024-05-17,2025-02-27,0.0,0.0,,Budget cuts,2026-04-24 22:09:13.186774,PulseDynamics,Marketing,medium,JP,Japan,Asia/Tokyo,jennifer.taylor@pulsedynamics.com,Jennifer Taylor,2024-05-17,partner,True,,,9.0,2026-04-24 22:09:13.186774,2026-04-24 22:09:13.186774,Free,free,0.0,0.0,5.0,3.0,1,True,2026-04-24 22:09:13.186774,0.0,False
1535,991,5,cancelled,monthly,2025-02-27,2025-09-12,59.0,0.0,,Budget cuts,2026-04-24 22:09:13.186774,PulseDynamics,Marketing,medium,JP,Japan,Asia/Tokyo,jennifer.taylor@pulsedynamics.com,Jennifer Taylor,2024-05-17,partner,True,,,9.0,2026-04-24 22:09:13.186774,2026-04-24 22:09:13.186774,Professional Plus,professional,59.0,590.0,100.0,100.0,50,True,2026-04-24 22:09:13.186774,59.0,False
1536,991,2,active,annual,2025-09-12,,9.0,10.0,,,2026-04-24 22:09:13.186774,PulseDynamics,Marketing,medium,JP,Japan,Asia/Tokyo,jennifer.taylor@pulsedynamics.com,Jennifer Taylor,2024-05-17,partner,True,,,9.0,2026-04-24 22:09:13.186774,2026-04-24 22:09:13.186774,Starter,starter,12.0,120.0,15.0,10.0,5,True,2026-04-24 22:09:13.186774,12.0,False
1537,992,1,active,monthly,2024-11-28,,0.0,0.0,,,2026-04-24 22:09:13.186774,Jet Group,Consulting,small,AU,Australia,Australia/Sydney,olga.green@company.io,Olga Green,2024-11-28,organic,True,,,,2026-04-24 22:09:13.186774,2026-04-24 22:09:13.186774,Free,free,0.0,0.0,5.0,3.0,1,True,2026-04-24 22:09:13.186774,0.0,False
1538,993,4,active,monthly,2025-04-07,,39.0,0.0,2025-04-21,,2026-04-24 22:09:13.186774,Bolt Hub,Logistics,large,US,United States,America/New_York,kenji.tanaka@yahoo.com,Kenji Tanaka,2025-04-07,referral,True,,,8.0,2026-04-24 22:09:13.186774,2026-04-24 22:09:13.186774,Professional,professional,39.0,390.0,50.0,50.0,25,True,2026-04-24 22:09:13.186774,39.0,False
1539,994,5,cancelled,monthly,2025-02-09,2025-05-15,50.15,15.0,2025-02-23,Too expensive,2026-04-24 22:09:13.186774,OnyxPro,Technology,large,US,United States,America/Los_Angeles,daniel.lee@tech.dev,Daniel Lee,2025-02-09,paid_ads,True,,,8.0,2026-04-24 22:09:13.186774,2026-04-24 22:09:13.186774,Professional Plus,professional,59.0,590.0,100.0,100.0,50,True,2026-04-24 22:09:13.186774,59.0,False
1540,994,2,expired,monthly,2025-05-15,2025-10-24,12.0,0.0,,,2026-04-24 22:09:13.186774,OnyxPro,Technology,large,US,United States,America/Los_Angeles,daniel.lee@tech.dev,Daniel Lee,2025-02-09,paid_ads,True,,,8.0,2026-04-24 22:09:13.186774,2026-04-24 22:09:13.186774,Starter,starter,12.0,120.0,15.0,10.0,5,True,2026-04-24 22:09:13.186774,12.0,False
1541,994,5,active,monthly,2025-10-24,,59.0,0.0,,,2026-04-24 22:09:13.186774,OnyxPro,Technology,large,US,United States,America/Los_Angeles,daniel.lee@tech.dev,Daniel Lee,2025-02-09,paid_ads,True,,,8.0,2026-04-24 22:09:13.186774,2026-04-24 22:09:13.186774,Professional Plus,professional,59.0,590.0,100.0,100.0,50,True,2026-04-24 22:09:13.186774,59.0,False
1542,995,2,cancelled,annual,2024-09-05,2025-04-25,10.0,0.0,2024-09-19,Not using it,2026-04-24 22:09:13.186774,Warp Cloud,Media,medium,US,United States,America/New_York,charles.harris@warpcloud.com,Charles Harris,2024-09-05,referral,False,2025-04-25 22:42:39,Missing features,4.0,2026-04-24 22:09:13.186774,2026-04-24 22:09:13.186774,Starter,starter,12.0,120.0,15.0,10.0,5,True,2026-04-24 22:09:13.186774,12.0,True
1543,996,2,paused,monthly,2023-11-26,,12.0,0.0,2023-12-10,,2026-04-24 22:09:13.186774,XenonPro,Media,small,AU,Australia,Australia/Sydney,matthew.torres@protonmail.com,Matthew Torres,2023-11-26,paid_ads,True,,,6.0,2026-04-24 22:09:13.186774,2026-04-24 22:09:13.186774,Starter,starter,12.0,120.0,15.0,10.0,5,True,2026-04-24 22:09:13.186774,12.0,False
1544,997,1,cancelled,annual,2025-01-26,2025-10-25,0.0,10.0,,Company reorganization,2026-04-24 22:09:13.186774,Edge AI,Education,enterprise,US,United States,America/New_York,linda.sanchez@tech.dev,Linda Sanchez,2025-01-26,paid_ads,False,2025-10-25 22:48:48,,7.0,2026-04-24 22:09:13.186774,2026-04-24 22:09:13.186774,Free,free,0.0,0.0,5.0,3.0,1,True,2026-04-24 22:09:13.186774,0.0,True
1545,998,2,active,monthly,2024-02-14,,12.0,0.0,2024-02-28,,2026-04-24 22:09:13.186774,Trek Hub,E-commerce,medium,SG,Singapore,Asia/Singapore,robert.sanchez@trekhub.com,Robert Sanchez,2024-02-14,event,True,,,4.0,2026-04-24 22:09:13.186774,2026-04-24 22:09:13.186774,Starter,starter,12.0,120.0,15.0,10.0,5,True,2026-04-24 22:09:13.186774,12.0,False
1546,999,1,active,monthly,2025-09-10,,0.0,0.0,,,2026-04-24 22:09:13.186774,Pulse Corp,Insurance,large,US,United States,America/Los_Angeles,nancy.patel@pulsecorp.com,Nancy Patel,2025-09-10,organic,True,,,9.0,2026-04-24 22:09:13.186774,2026-04-24 22:09:13.186774,Free,free,0.0,0.0,5.0,3.0,1,True,2026-04-24 22:09:13.186774,0.0,False
1547,1000,1,active,annual,2025-01-08,,0.0,0.0,,,2026-04-24 22:09:13.186774,SyncStack,Marketing,enterprise,IN,India,Asia/Kolkata,priya.jackson@startup.co,Priya Jackson,2025-01-08,event,True,,,8.0,2026-04-24 22:09:13.186774,2026-04-24 22:09:13.186774,Free,free,0.0,0.0,5.0,3.0,1,True,2026-04-24 22:09:13.186774,0.0,False
1548,1001,1,cancelled,annual,2025-07-29,2025-10-30,0.0,0.0,,Too expensive,2026-04-24 22:09:13.186774,Flow IO,Manufacturing,small,AU,Australia,Australia/Sydney,mei.moore@tech.dev,Mei Moore,2025-07-29,paid_ads,False,2025-09-18 22:18:24,,1.0,2026-04-24 22:09:13.186774,2026-04-24 22:09:13.186774,Free,free,0.0,0.0,5.0,3.0,1,True,2026-04-24 22:09:13.186774,0.0,True
1549,1001,4,cancelled,monthly,2025-10-30,2025-09-18,39.0,0.0,,Company reorganization,2026-04-24 22:09:13.186774,Flow IO,Manufacturing,small,AU,Australia,Australia/Sydney,mei.moore@tech.dev,Mei Moore,2025-07-29,paid_ads,False,2025-09-18 22:18:24,,1.0,2026-04-24 22:09:13.186774,2026-04-24 22:09:13.186774,Professional,professional,39.0,390.0,50.0,50.0,25,True,2026-04-24 22:09:13.186774,39.0,True
1550,1002,4,expired,monthly,2024-10-16,2025-06-28,39.0,0.0,2024-10-30,Missing features,2026-04-24 22:09:13.186774,RushWorks,Finance,medium,BR,Brazil,America/Sao_Paulo,dmitri.hall@gmail.com,Dmitri Hall,2024-10-16,partner,False,2025-10-12 06:12:49,Poor support experience,8.0,2026-04-24 22:09:13.186774,2026-04-24 22:09:13.186774,Professional,professional,39.0,390.0,50.0,50.0,25,True,2026-04-24 22:09:13.186774,39.0,True
1551,1002,6,cancelled,monthly,2025-06-28,2025-10-20,79.2,20.0,,Not using it,2026-04-24 22:09:13.186774,RushWorks,Finance,medium,BR,Brazil,America/Sao_Paulo,dmitri.hall@gmail.com,Dmitri Hall,2024-10-16,partner,False,2025-10-12 06:12:49,Poor support experience,8.0,2026-04-24 22:09:13.186774,2026-04-24 22:09:13.186774,Enterprise,enterprise,99.0,990.0,500.0,,100,True,2026-04-24 22:09:13.186774,99.0,True
1552,1002,4,cancelled,monthly,2025-10-20,2025-10-12,31.2,20.0,,Switched competitor,2026-04-24 22:09:13.186774,RushWorks,Finance,medium,BR,Brazil,America/Sao_Paulo,dmitri.hall@gmail.com,Dmitri Hall,2024-10-16,partner,False,2025-10-12 06:12:49,Poor support experience,8.0,2026-04-24 22:09:13.186774,2026-04-24 22:09:13.186774,Professional,professional,39.0,390.0,50.0,50.0,25,True,2026-04-24 22:09:13.186774,39.0,True
1553,1003,3,active,monthly,2024-04-10,,19.0,0.0,2024-04-24,,2026-04-24 22:09:13.186774,LinkWorks,Healthcare,medium,FR,France,Europe/Paris,joseph.tanaka@outlook.com,Joseph Tanaka,2024-04-10,referral,True,,,,2026-04-24 22:09:13.186774,2026-04-24 22:09:13.186774,Starter Plus,starter,19.0,190.0,25.0,20.0,10,True,2026-04-24 22:09:13.186774,19.0,False
1554,1004,1,cancelled,annual,2024-02-21,2024-08-25,0.0,0.0,,Switched competitor,2026-04-24 22:09:13.186774,MetaPlatform,Logistics,large,GB,United Kingdom,Europe/London,ashley.wilson@metaplatform.com,Ashley Wilson,2024-02-21,referral,True,,,,2026-04-24 22:09:13.186774,2026-04-24 22:09:13.186774,Free,free,0.0,0.0,5.0,3.0,1,True,2026-04-24 22:09:13.186774,0.0,False
1555,1004,3,expired,annual,2024-08-25,2025-05-04,15.83,0.0,,Missing features,2026-04-24 22:09:13.186774,MetaPlatform,Logistics,large,GB,United Kingdom,Europe/London,ashley.wilson@metaplatform.com,Ashley Wilson,2024-02-21,referral,True,,,,2026-04-24 22:09:13.186774,2026-04-24 22:09:13.186774,Starter Plus,starter,19.0,190.0,25.0,20.0,10,True,2026-04-24 22:09:13.186774,19.0,False
1556,1004,5,active,monthly,2025-05-04,,53.1,10.0,,,2026-04-24 22:09:13.186774,MetaPlatform,Logistics,large,GB,United Kingdom,Europe/London,ashley.wilson@metaplatform.com,Ashley Wilson,2024-02-21,referral,True,,,,2026-04-24 22:09:13.186774,2026-04-24 22:09:13.186774,Professional Plus,professional,59.0,590.0,100.0,100.0,50,True,2026-04-24 22:09:13.186774,59.0,False
1557,1005,6,active,monthly,2025-01-07,,99.0,0.0,2025-01-21,,2026-04-24 22:09:13.186774,WarpGroup,Consulting,enterprise,IN,India,Asia/Kolkata,matthew.miller@startup.co,Matthew Miller,2025-01-07,organic,True,,,,2026-04-24 22:09:13.186774,2026-04-24 22:09:13.186774,Enterprise,enterprise,99.0,990.0,500.0,,100,True,2026-04-24 22:09:13.186774,99.0,False
1558,1006,4,active,monthly,2024-06-20,,39.0,0.0,2024-07-04,,2026-04-24 22:09:13.186774,LunaSoftware,Insurance,small,BR,Brazil,America/Sao_Paulo,michael.perez@yahoo.com,Michael Perez,2024-06-20,referral,True,,,7.0,2026-04-24 22:09:13.186774,2026-04-24 22:09:13.186774,Professional,professional,39.0,390.0,50.0,50.0,25,True,2026-04-24 22:09:13.186774,39.0,False
1559,1007,2,active,annual,2024-02-06,,10.0,0.0,2024-02-20,,2026-04-24 22:09:13.186774,OnyxNet,Legal,small,BR,Brazil,America/Sao_Paulo,linda.patel@corp.net,Linda Patel,2024-02-06,paid_ads,True,,,,2026-04-24 22:09:13.186774,2026-04-24 22:09:13.186774,Starter,starter,12.0,120.0,15.0,10.0,5,True,2026-04-24 22:09:13.186774,12.0,False
1560,1008,1,active,monthly,2023-08-20,,0.0,0.0,,,2026-04-24 22:09:13.186774,DataTech,Healthcare,enterprise,US,United States,America/Chicago,kenji.king@outlook.com,Kenji King,2023-08-20,organic,True,,,6.0,2026-04-24 22:09:13.186774,2026-04-24 22:09:13.186774,Free,free,0.0,0.0,5.0,3.0,1,True,2026-04-24 22:09:13.186774,0.0,False
1561,1009,2,active,monthly,2023-03-17,,10.2,15.0,2023-03-31,,2026-04-24 22:09:13.186774,LinkDigital,Manufacturing,small,US,United States,America/Los_Angeles,sofia.patel@corp.net,Sofia Patel,2023-03-17,referral,True,,,6.0,2026-04-24 22:09:13.186774,2026-04-24 22:09:13.186774,Starter,starter,12.0,120.0,15.0,10.0,5,True,2026-04-24 22:09:13.186774,12.0,False
1562,1010,1,cancelled,monthly,2024-10-07,2025-09-09,0.0,0.0,,Too expensive,2026-04-24 22:09:13.186774,FlowAnalytics,Legal,large,FR,France,Europe/Paris,christopher.rodriguez@gmail.com,Christopher Rodriguez,2024-10-07,organic,False,2025-09-09 14:16:30,Company closed,9.0,2026-04-24 22:09:13.186774,2026-04-24 22:09:13.186774,Free,free,0.0,0.0,5.0,3.0,1,True,2026-04-24 22:09:13.186774,0.0,True
1563,1011,1,active,annual,2025-06-11,,0.0,0.0,,,2026-04-24 22:09:13.186774,Zeal Labs,Technology,small,US,United States,America/New_York,dorothy.wilson@zeallabs.com,Dorothy Wilson,2025-06-11,referral,True,,,8.0,2026-04-24 22:09:13.186774,2026-04-24 22:09:13.186774,Free,free,0.0,0.0,5.0,3.0,1,True,2026-04-24 22:09:13.186774,0.0,False
1564,1012,6,expired,annual,2023-04-22,2023-09-22,82.5,0.0,2023-05-06,Missing features,2026-04-24 22:09:13.186774,Luna Hub,E-commerce,small,IN,India,Asia/Kolkata,daniel.brown@yahoo.com,Daniel Brown,2023-04-22,organic,True,,,,2026-04-24 22:09:13.186774,2026-04-24 22:09:13.186774,Enterprise,enterprise,99.0,990.0,500.0,,100,True,2026-04-24 22:09:13.186774,99.0,False
1565,1012,4,expired,monthly,2023-09-22,2023-12-22,39.0,0.0,,,2026-04-24 22:09:13.186774,Luna Hub,E-commerce,small,IN,India,Asia/Kolkata,daniel.brown@yahoo.com,Daniel Brown,2023-04-22,organic,True,,,,2026-04-24 22:09:13.186774,2026-04-24 22:09:13.186774,Professional,professional,39.0,390.0,50.0,50.0,25,True,2026-04-24 22:09:13.186774,39.0,False
1566,1012,5,active,annual,2023-12-22,,49.17,0.0,,,2026-04-24 22:09:13.186774,Luna Hub,E-commerce,small,IN,India,Asia/Kolkata,daniel.brown@yahoo.com,Daniel Brown,2023-04-22,organic,True,,,,2026-04-24 22:09:13.186774,2026-04-24 22:09:13.186774,Professional Plus,professional,59.0,590.0,100.0,100.0,50,True,2026-04-24 22:09:13.186774,59.0,False
1567,1013,5,active,monthly,2023-09-01,,59.0,0.0,2023-09-15,,2026-04-24 22:09:13.186774,SyncPro,Healthcare,small,DE,Germany,Europe/Berlin,kimberly.smith@hotmail.com,Kimberly Smith,2023-09-01,paid_ads,True,,,,2026-04-24 22:09:13.186774,2026-04-24 22:09:13.186774,Professional Plus,professional,59.0,590.0,100.0,100.0,50,True,2026-04-24 22:09:13.186774,59.0,False
1568,1014,1,active,annual,2023-02-18,,0.0,0.0,,,2026-04-24 22:09:13.186774,Peak Studio,Real Estate,large,US,United States,America/Chicago,patricia.miller@gmail.com,Patricia Miller,2023-02-18,referral,True,,,,2026-04-24 22:09:13.186774,2026-04-24 22:09:13.186774,Free,free,0.0,0.0,5.0,3.0,1,True,2026-04-24 22:09:13.186774,0.0,False
1569,1015,3,active,monthly,2024-01-20,,19.0,0.0,2024-02-03,,2026-04-24 22:09:13.186774,QuarkVentures,Manufacturing,enterprise,BR,Brazil,America/Sao_Paulo,yuki.torres@corp.net,Yuki Torres,2024-01-20,referral,True,,,,2026-04-24 22:09:13.186774,2026-04-24 22:09:13.186774,Starter Plus,starter,19.0,190.0,25.0,20.0,10,True,2026-04-24 22:09:13.186774,19.0,False
1570,1016,2,cancelled,annual,2024-05-27,2025-02-10,10.0,0.0,2024-06-10,,2026-04-24 22:09:13.186774,Iris Studio,Real Estate,medium,SG,Singapore,Asia/Singapore,andrew.thomas@irisstudio.com,Andrew Thomas,2024-05-27,partner,True,,,9.0,2026-04-24 22:09:13.186774,2026-04-24 22:09:13.186774,Starter,starter,12.0,120.0,15.0,10.0,5,True,2026-04-24 22:09:13.186774,12.0,False
1571,1016,5,active,monthly,2025-02-10,,53.1,10.0,,,2026-04-24 22:09:13.186774,Iris Studio,Real Estate,medium,SG,Singapore,Asia/Singapore,andrew.thomas@irisstudio.com,Andrew Thomas,2024-05-27,partner,True,,,9.0,2026-04-24 22:09:13.186774,2026-04-24 22:09:13.186774,Professional Plus,professional,59.0,590.0,100.0,100.0,50,True,2026-04-24 22:09:13.186774,59.0,False
1572,1017,1,expired,monthly,2024-12-17,2025-08-29,0.0,0.0,,Budget cuts,2026-04-24 22:09:13.186774,Zeal Platform,Education,enterprise,US,United States,America/Los_Angeles,lars.ramirez@gmail.com,Lars Ramirez,2024-12-17,referral,False,2025-08-20 16:05:04,Not enough users,4.0,2026-04-24 22:09:13.186774,2026-04-24 22:09:13.186774,Free,free,0.0,0.0,5.0,3.0,1,True,2026-04-24 22:09:13.186774,0.0,True
1573,1017,4,cancelled,monthly,2025-08-29,2025-08-20,39.0,0.0,,Not using it,2026-04-24 22:09:13.186774,Zeal Platform,Education,enterprise,US,United States,America/Los_Angeles,lars.ramirez@gmail.com,Lars Ramirez,2024-12-17,referral,False,2025-08-20 16:05:04,Not enough users,4.0,2026-04-24 22:09:13.186774,2026-04-24 22:09:13.186774,Professional,professional,39.0,390.0,50.0,50.0,25,True,2026-04-24 22:09:13.186774,39.0,True
1574,1018,6,expired,annual,2024-09-08,2025-01-23,82.5,0.0,2024-09-22,Switched competitor,2026-04-24 22:09:13.186774,BoltStack,Legal,small,DE,Germany,Europe/Berlin,kimberly.patel@company.io,Kimberly Patel,2024-09-08,paid_ads,True,,,,2026-04-24 22:09:13.186774,2026-04-24 22:09:13.186774,Enterprise,enterprise,99.0,990.0,500.0,,100,True,2026-04-24 22:09:13.186774,99.0,False
1575,1018,3,expired,annual,2025-01-23,2025-08-28,12.67,20.0,,Missing features,2026-04-24 22:09:13.186774,BoltStack,Legal,small,DE,Germany,Europe/Berlin,kimberly.patel@company.io,Kimberly Patel,2024-09-08,paid_ads,True,,,,2026-04-24 22:09:13.186774,2026-04-24 22:09:13.186774,Starter Plus,starter,19.0,190.0,25.0,20.0,10,True,2026-04-24 22:09:13.186774,19.0,False
1576,1018,2,active,annual,2025-08-28,,10.0,0.0,,,2026-04-24 22:09:13.186774,BoltStack,Legal,small,DE,Germany,Europe/Berlin,kimberly.patel@company.io,Kimberly Patel,2024-09-08,paid_ads,True,,,,2026-04-24 22:09:13.186774,2026-04-24 22:09:13.186774,Starter,starter,12.0,120.0,15.0,10.0,5,True,2026-04-24 22:09:13.186774,12.0,False
1577,1019,3,active,annual,2025-02-20,,15.83,0.0,2025-03-06,,2026-04-24 22:09:13.186774,Jet Net,Real Estate,medium,AU,Australia,Australia/Sydney,lisa.johnson@yahoo.com,Lisa Johnson,2025-02-20,organic,True,,,,2026-04-24 22:09:13.186774,2026-04-24 22:09:13.186774,Starter Plus,starter,19.0,190.0,25.0,20.0,10,True,2026-04-24 22:09:13.186774,19.0,False
1578,1020,1,cancelled,monthly,2025-04-08,2025-09-30,0.0,0.0,,Missing features,2026-04-24 22:09:13.186774,Jade Logic,Real Estate,medium,IN,India,Asia/Kolkata,anthony.green@gmail.com,Anthony Green,2025-04-08,paid_ads,True,,,,2026-04-24 22:09:13.186774,2026-04-24 22:09:13.186774,Free,free,0.0,0.0,5.0,3.0,1,True,2026-04-24 22:09:13.186774,0.0,False
1579,1020,5,active,annual,2025-09-30,,49.17,0.0,,,2026-04-24 22:09:13.186774,Jade Logic,Real Estate,medium,IN,India,Asia/Kolkata,anthony.green@gmail.com,Anthony Green,2025-04-08,paid_ads,True,,,,2026-04-24 22:09:13.186774,2026-04-24 22:09:13.186774,Professional Plus,professional,59.0,590.0,100.0,100.0,50,True,2026-04-24 22:09:13.186774,59.0,False
1580,1021,4,active,monthly,2023-06-02,,39.0,0.0,2023-06-16,,2026-04-24 22:09:13.186774,ZealSoftware,Marketing,medium,IN,India,Asia/Kolkata,priya.davis@protonmail.com,Priya Davis,2023-06-02,event,True,,,,2026-04-24 22:09:13.186774,2026-04-24 22:09:13.186774,Professional,professional,39.0,390.0,50.0,50.0,25,True,2026-04-24 22:09:13.186774,39.0,False
1581,1022,1,active,annual,2024-06-10,,0.0,0.0,,,2026-04-24 22:09:13.186774,GlowAnalytics,Technology,enterprise,US,United States,America/New_York,dmitri.hernandez@gmail.com,Dmitri Hernandez,2024-06-10,referral,True,,,10.0,2026-04-24 22:09:13.186774,2026-04-24 22:09:13.186774,Free,free,0.0,0.0,5.0,3.0,1,True,2026-04-24 22:09:13.186774,0.0,False
1582,1023,6,active,monthly,2025-09-19,,99.0,0.0,2025-10-03,,2026-04-24 22:09:13.186774,DataSystems,Insurance,medium,JP,Japan,Asia/Tokyo,richard.jones@corp.net,Richard Jones,2025-09-19,organic,True,,,10.0,2026-04-24 22:09:13.186774,2026-04-24 22:09:13.186774,Enterprise,enterprise,99.0,990.0,500.0,,100,True,2026-04-24 22:09:13.186774,99.0,False
1583,1024,1,active,annual,2023-02-21,,0.0,0.0,,,2026-04-24 22:09:13.186774,Arc Hub,Finance,enterprise,SG,Singapore,Asia/Singapore,dorothy.gonzalez@startup.co,Dorothy Gonzalez,2023-02-21,organic,True,,,6.0,2026-04-24 22:09:13.186774,2026-04-24 22:09:13.186774,Free,free,0.0,0.0,5.0,3.0,1,True,2026-04-24 22:09:13.186774,0.0,False
1584,1025,1,expired,annual,2024-02-26,2024-12-25,0.0,0.0,,Too expensive,2026-04-24 22:09:13.186774,FluxHQ,Education,medium,US,United States,America/Los_Angeles,patricia.rivera@startup.co,Patricia Rivera,2024-02-26,referral,True,,,6.0,2026-04-24 22:09:13.186774,2026-04-24 22:09:13.186774,Free,free,0.0,0.0,5.0,3.0,1,True,2026-04-24 22:09:13.186774,0.0,False
1585,1025,5,active,annual,2024-12-25,,49.17,0.0,,,2026-04-24 22:09:13.186774,FluxHQ,Education,medium,US,United States,America/Los_Angeles,patricia.rivera@startup.co,Patricia Rivera,2024-02-26,referral,True,,,6.0,2026-04-24 22:09:13.186774,2026-04-24 22:09:13.186774,Professional Plus,professional,59.0,590.0,100.0,100.0,50,True,2026-04-24 22:09:13.186774,59.0,False
1586,1026,1,cancelled,monthly,2023-09-27,2025-10-23,0.0,0.0,,Missing features,2026-04-24 22:09:13.186774,VineIO,Retail,medium,AU,Australia,Australia/Sydney,patricia.hernandez@outlook.com,Patricia Hernandez,2023-09-27,event,False,2025-10-23 11:00:49,Outgrew the platform,,2026-04-24 22:09:13.186774,2026-04-24 22:09:13.186774,Free,free,0.0,0.0,5.0,3.0,1,True,2026-04-24 22:09:13.186774,0.0,True
1587,1027,2,expired,monthly,2024-07-11,2025-06-25,12.0,0.0,2024-07-25,,2026-04-24 22:09:13.186774,Drift Platform,Healthcare,small,IN,India,Asia/Kolkata,daniel.rivera@driftplatform.com,Daniel Rivera,2024-07-11,paid_ads,True,,,5.0,2026-04-24 22:09:13.186774,2026-04-24 22:09:13.186774,Starter,starter,12.0,120.0,15.0,10.0,5,True,2026-04-24 22:09:13.186774,12.0,False
1588,1027,6,active,monthly,2025-06-25,,74.25,25.0,,,2026-04-24 22:09:13.186774,Drift Platform,Healthcare,small,IN,India,Asia/Kolkata,daniel.rivera@driftplatform.com,Daniel Rivera,2024-07-11,paid_ads,True,,,5.0,2026-04-24 22:09:13.186774,2026-04-24 22:09:13.186774,Enterprise,enterprise,99.0,990.0,500.0,,100,True,2026-04-24 22:09:13.186774,99.0,False
1589,1028,3,active,annual,2024-11-14,,15.83,0.0,2024-11-28,,2026-04-24 22:09:13.186774,GlowOps,Consulting,medium,JP,Japan,Asia/Tokyo,andrew.thompson@glowops.com,Andrew Thompson,2024-11-14,paid_ads,True,,,8.0,2026-04-24 22:09:13.186774,2026-04-24 22:09:13.186774,Starter Plus,starter,19.0,190.0,25.0,20.0,10,True,2026-04-24 22:09:13.186774,19.0,False
1590,1029,5,cancelled,monthly,2025-05-03,2025-06-19,59.0,0.0,2025-05-17,,2026-04-24 22:09:13.186774,GridLogic,Healthcare,small,CA,Canada,America/Toronto,ahmed.muller@gridlogic.com,Ahmed Muller,2025-05-03,paid_ads,False,2025-06-19 22:00:09,Not enough users,,2026-04-24 22:09:13.186774,2026-04-24 22:09:13.186774,Professional Plus,professional,59.0,590.0,100.0,100.0,50,True,2026-04-24 22:09:13.186774,59.0,True
1591,1030,3,expired,annual,2025-02-15,2025-08-11,15.83,0.0,2025-03-01,Not using it,2026-04-24 22:09:13.186774,Hive Corp,Finance,medium,JP,Japan,Asia/Tokyo,lisa.chen@corp.net,Lisa Chen,2025-02-15,partner,True,,,,2026-04-24 22:09:13.186774,2026-04-24 22:09:13.186774,Starter Plus,starter,19.0,190.0,25.0,20.0,10,True,2026-04-24 22:09:13.186774,19.0,False
1592,1030,5,active,annual,2025-08-11,,49.17,0.0,,,2026-04-24 22:09:13.186774,Hive Corp,Finance,medium,JP,Japan,Asia/Tokyo,lisa.chen@corp.net,Lisa Chen,2025-02-15,partner,True,,,,2026-04-24 22:09:13.186774,2026-04-24 22:09:13.186774,Professional Plus,professional,59.0,590.0,100.0,100.0,50,True,2026-04-24 22:09:13.186774,59.0,False
1593,1031,2,active,monthly,2024-12-20,,12.0,0.0,2025-01-03,,2026-04-24 22:09:13.186774,Rift Works,Manufacturing,small,IN,India,Asia/Kolkata,joseph.torres@gmail.com,Joseph Torres,2024-12-20,organic,True,,,,2026-04-24 22:09:13.186774,2026-04-24 22:09:13.186774,Starter,starter,12.0,120.0,15.0,10.0,5,True,2026-04-24 22:09:13.186774,12.0,False
1594,1032,1,active,monthly,2024-06-14,,0.0,0.0,,,2026-04-24 22:09:13.186774,ZenOps,Healthcare,medium,CA,Canada,America/Toronto,carlos.brown@hotmail.com,Carlos Brown,2024-06-14,organic,True,,,9.0,2026-04-24 22:09:13.186774,2026-04-24 22:09:13.186774,Free,free,0.0,0.0,5.0,3.0,1,True,2026-04-24 22:09:13.186774,0.0,False
1595,1033,4,active,annual,2023-03-30,,32.5,0.0,2023-04-13,,2026-04-24 22:09:13.186774,WarpLabs,Finance,small,SG,Singapore,Asia/Singapore,dmitri.hernandez@company.io,Dmitri Hernandez,2023-03-30,organic,True,,,,2026-04-24 22:09:13.186774,2026-04-24 22:09:13.186774,Professional,professional,39.0,390.0,50.0,50.0,25,True,2026-04-24 22:09:13.186774,39.0,False
1596,1034,1,cancelled,monthly,2024-08-07,2025-07-12,0.0,10.0,,Missing features,2026-04-24 22:09:13.186774,CoreSystems,Manufacturing,medium,US,United States,America/Los_Angeles,olga.jones@coresystems.com,Olga Jones,2024-08-07,organic,False,2025-07-12 01:57:39,Not enough users,,2026-04-24 22:09:13.186774,2026-04-24 22:09:13.186774,Free,free,0.0,0.0,5.0,3.0,1,True,2026-04-24 22:09:13.186774,0.0,True
1597,1035,2,expired,monthly,2025-09-02,2025-11-02,12.0,0.0,2025-09-16,,2026-04-24 22:09:13.186774,JadeVentures,Logistics,small,GB,United Kingdom,Europe/London,margaret.flores@tech.dev,Margaret Flores,2025-09-02,partner,False,2025-10-03 20:01:34,Company closed,,2026-04-24 22:09:13.186774,2026-04-24 22:09:13.186774,Starter,starter,12.0,120.0,15.0,10.0,5,True,2026-04-24 22:09:13.186774,12.0,True
1598,1035,6,cancelled,annual,2025-11-02,2025-10-03,74.25,10.0,,Not using it,2026-04-24 22:09:13.186774,JadeVentures,Logistics,small,GB,United Kingdom,Europe/London,margaret.flores@tech.dev,Margaret Flores,2025-09-02,partner,False,2025-10-03 20:01:34,Company closed,,2026-04-24 22:09:13.186774,2026-04-24 22:09:13.186774,Enterprise,enterprise,99.0,990.0,500.0,,100,True,2026-04-24 22:09:13.186774,99.0,True
1599,1036,5,active,monthly,2024-10-03,,59.0,0.0,2024-10-17,,2026-04-24 22:09:13.186774,Mist Works,Retail,large,BR,Brazil,America/Sao_Paulo,steven.scott@protonmail.com,Steven Scott,2024-10-03,organic,True,,,9.0,2026-04-24 22:09:13.186774,2026-04-24 22:09:13.186774,Professional Plus,professional,59.0,590.0,100.0,100.0,50,True,2026-04-24 22:09:13.186774,59.0,False
1600,1037,3,cancelled,annual,2024-11-03,2025-07-30,13.46,15.0,2024-11-17,Company reorganization,2026-04-24 22:09:13.186774,SageStack,Marketing,small,GB,United Kingdom,Europe/London,paul.sanchez@tech.dev,Paul Sanchez,2024-11-03,referral,False,2025-07-30 01:38:53,Not enough users,6.0,2026-04-24 22:09:13.186774,2026-04-24 22:09:13.186774,Starter Plus,starter,19.0,190.0,25.0,20.0,10,True,2026-04-24 22:09:13.186774,19.0,True
1601,1038,1,active,annual,2023-06-07,,0.0,15.0,,,2026-04-24 22:09:13.186774,DriftIO,Consulting,medium,JP,Japan,Asia/Tokyo,elizabeth.flores@enterprise.com,Elizabeth Flores,2023-06-07,partner,True,,,7.0,2026-04-24 22:09:13.186774,2026-04-24 22:09:13.186774,Free,free,0.0,0.0,5.0,3.0,1,True,2026-04-24 22:09:13.186774,0.0,False
1602,1039,3,active,monthly,2024-12-13,,19.0,0.0,2024-12-27,,2026-04-24 22:09:13.186774,Peak Dynamics,Marketing,large,JP,Japan,Asia/Tokyo,james.sanchez@hotmail.com,James Sanchez,2024-12-13,organic,True,,,10.0,2026-04-24 22:09:13.186774,2026-04-24 22:09:13.186774,Starter Plus,starter,19.0,190.0,25.0,20.0,10,True,2026-04-24 22:09:13.186774,19.0,False
1603,1040,3,active,monthly,2023-05-24,,19.0,0.0,2023-06-07,,2026-04-24 22:09:13.186774,Vine Works,Retail,small,DE,Germany,Europe/Berlin,thomas.lopez@corp.net,Thomas Lopez,2023-05-24,event,True,,,,2026-04-24 22:09:13.186774,2026-04-24 22:09:13.186774,Starter Plus,starter,19.0,190.0,25.0,20.0,10,True,2026-04-24 22:09:13.186774,19.0,False
1604,1041,1,active,monthly,2023-07-19,,0.0,0.0,,,2026-04-24 22:09:13.186774,Ion Ops,Media,large,BR,Brazil,America/Sao_Paulo,ana.moore@hotmail.com,Ana Moore,2023-07-19,referral,True,,,,2026-04-24 22:09:13.186774,2026-04-24 22:09:13.186774,Free,free,0.0,0.0,5.0,3.0,1,True,2026-04-24 22:09:13.186774,0.0,False
1605,1042,3,cancelled,annual,2023-08-15,2024-04-10,15.83,0.0,2023-08-29,Too expensive,2026-04-24 22:09:13.186774,Warp Works,Legal,medium,US,United States,America/Los_Angeles,lisa.harris@startup.co,Lisa Harris,2023-08-15,organic,True,,,8.0,2026-04-24 22:09:13.186774,2026-04-24 22:09:13.186774,Starter Plus,starter,19.0,190.0,25.0,20.0,10,True,2026-04-24 22:09:13.186774,19.0,False
1606,1042,4,expired,monthly,2024-04-10,2024-12-20,39.0,0.0,,Budget cuts,2026-04-24 22:09:13.186774,Warp Works,Legal,medium,US,United States,America/Los_Angeles,lisa.harris@startup.co,Lisa Harris,2023-08-15,organic,True,,,8.0,2026-04-24 22:09:13.186774,2026-04-24 22:09:13.186774,Professional,professional,39.0,390.0,50.0,50.0,25,True,2026-04-24 22:09:13.186774,39.0,False
1607,1042,5,active,monthly,2024-12-20,,47.2,20.0,,,2026-04-24 22:09:13.186774,Warp Works,Legal,medium,US,United States,America/Los_Angeles,lisa.harris@startup.co,Lisa Harris,2023-08-15,organic,True,,,8.0,2026-04-24 22:09:13.186774,2026-04-24 22:09:13.186774,Professional Plus,professional,59.0,590.0,100.0,100.0,50,True,2026-04-24 22:09:13.186774,59.0,False
1608,1043,1,active,annual,2023-07-23,,0.0,0.0,,,2026-04-24 22:09:13.186774,NexusSystems,Telecommunications,medium,BR,Brazil,America/Sao_Paulo,robert.santos@enterprise.com,Robert Santos,2023-07-23,partner,True,,,,2026-04-24 22:09:13.186774,2026-04-24 22:09:13.186774,Free,free,0.0,0.0,5.0,3.0,1,True,2026-04-24 22:09:13.186774,0.0,False
1609,1044,2,expired,monthly,2023-08-10,2024-07-22,12.0,0.0,2023-08-24,Switched competitor,2026-04-24 22:09:13.186774,Xenon Software,Manufacturing,small,US,United States,America/Chicago,charles.jackson@company.io,Charles Jackson,2023-08-10,organic,True,,,10.0,2026-04-24 22:09:13.186774,2026-04-24 22:09:13.186774,Starter,starter,12.0,120.0,15.0,10.0,5,True,2026-04-24 22:09:13.186774,12.0,False
1610,1044,1,cancelled,monthly,2024-07-22,2025-04-17,0.0,0.0,,,2026-04-24 22:09:13.186774,Xenon Software,Manufacturing,small,US,United States,America/Chicago,charles.jackson@company.io,Charles Jackson,2023-08-10,organic,True,,,10.0,2026-04-24 22:09:13.186774,2026-04-24 22:09:13.186774,Free,free,0.0,0.0,5.0,3.0,1,True,2026-04-24 22:09:13.186774,0.0,False
1611,1044,3,active,monthly,2025-04-17,,19.0,0.0,,,2026-04-24 22:09:13.186774,Xenon Software,Manufacturing,small,US,United States,America/Chicago,charles.jackson@company.io,Charles Jackson,2023-08-10,organic,True,,,10.0,2026-04-24 22:09:13.186774,2026-04-24 22:09:13.186774,Starter Plus,starter,19.0,190.0,25.0,20.0,10,True,2026-04-24 22:09:13.186774,19.0,False
1612,1045,2,cancelled,annual,2023-12-29,2024-11-20,10.0,0.0,2024-01-12,Missing features,2026-04-24 22:09:13.186774,Nexus Analytics,Retail,small,FR,France,Europe/Paris,kenji.adams@nexusanalytics.com,Kenji Adams,2023-12-29,referral,False,2024-11-20 10:22:37,Integration issues,10.0,2026-04-24 22:09:13.186774,2026-04-24 22:09:13.186774,Starter,starter,12.0,120.0,15.0,10.0,5,True,2026-04-24 22:09:13.186774,12.0,True
1613,1046,1,active,monthly,2025-05-27,,0.0,0.0,,,2026-04-24 22:09:13.186774,JadeAI,Retail,small,CA,Canada,America/Toronto,james.moore@tech.dev,James Moore,2025-05-27,organic,True,,,10.0,2026-04-24 22:09:13.186774,2026-04-24 22:09:13.186774,Free,free,0.0,0.0,5.0,3.0,1,True,2026-04-24 22:09:13.186774,0.0,False
1614,1047,3,expired,annual,2023-05-22,2024-03-31,12.67,20.0,2023-06-05,,2026-04-24 22:09:13.186774,DataWorks,Real Estate,medium,AU,Australia,Australia/Sydney,mei.kim@protonmail.com,Mei Kim,2023-05-22,event,True,,,6.0,2026-04-24 22:09:13.186774,2026-04-24 22:09:13.186774,Starter Plus,starter,19.0,190.0,25.0,20.0,10,True,2026-04-24 22:09:13.186774,19.0,False
1615,1047,5,active,monthly,2024-03-31,,59.0,0.0,,,2026-04-24 22:09:13.186774,DataWorks,Real Estate,medium,AU,Australia,Australia/Sydney,mei.kim@protonmail.com,Mei Kim,2023-05-22,event,True,,,6.0,2026-04-24 22:09:13.186774,2026-04-24 22:09:13.186774,Professional Plus,professional,59.0,590.0,100.0,100.0,50,True,2026-04-24 22:09:13.186774,59.0,False
1616,1048,1,active,annual,2024-03-14,,0.0,0.0,,,2026-04-24 22:09:13.186774,UltraNet,Education,small,JP,Japan,Asia/Tokyo,david.martin@outlook.com,David Martin,2024-03-14,organic,True,,,10.0,2026-04-24 22:09:13.186774,2026-04-24 22:09:13.186774,Free,free,0.0,0.0,5.0,3.0,1,True,2026-04-24 22:09:13.186774,0.0,False
1617,1049,2,active,annual,2025-06-08,,10.0,0.0,2025-06-22,,2026-04-24 22:09:13.186774,OnyxPlatform,Telecommunications,small,US,United States,America/Chicago,jessica.rodriguez@outlook.com,Jessica Rodriguez,2025-06-08,referral,True,,,6.0,2026-04-24 22:09:13.186774,2026-04-24 22:09:13.186774,Starter,starter,12.0,120.0,15.0,10.0,5,True,2026-04-24 22:09:13.186774,12.0,False
1618,1050,4,cancelled,annual,2025-09-13,2025-11-12,32.5,0.0,2025-09-27,Budget cuts,2026-04-24 22:09:13.186774,Grid Cloud,Education,small,JP,Japan,Asia/Tokyo,dorothy.flores@gridcloud.com,Dorothy Flores,2025-09-13,partner,True,,,,2026-04-24 22:09:13.186774,2026-04-24 22:09:13.186774,Professional,professional,39.0,390.0,50.0,50.0,25,True,2026-04-24 22:09:13.186774,39.0,False
1619,1050,5,active,monthly,2025-11-12,,47.2,20.0,,,2026-04-24 22:09:13.186774,Grid Cloud,Education,small,JP,Japan,Asia/Tokyo,dorothy.flores@gridcloud.com,Dorothy Flores,2025-09-13,partner,True,,,,2026-04-24 22:09:13.186774,2026-04-24 22:09:13.186774,Professional Plus,professional,59.0,590.0,100.0,100.0,50,True,2026-04-24 22:09:13.186774,59.0,False
1620,1051,6,active,annual,2024-06-11,,82.5,0.0,2024-06-25,,2026-04-24 22:09:13.186774,BeamHQ,Insurance,medium,FR,France,Europe/Paris,christopher.adams@yahoo.com,Christopher Adams,2024-06-11,organic,True,,,,2026-04-24 22:09:13.186774,2026-04-24 22:09:13.186774,Enterprise,enterprise,99.0,990.0,500.0,,100,True,2026-04-24 22:09:13.186774,99.0,False
1621,1052,1,active,annual,2025-06-18,,0.0,0.0,,,2026-04-24 22:09:13.186774,Luna Net,Media,enterprise,US,United States,America/Chicago,ahmed.rodriguez@hotmail.com,Ahmed Rodriguez,2025-06-18,referral,True,,,6.0,2026-04-24 22:09:13.186774,2026-04-24 22:09:13.186774,Free,free,0.0,0.0,5.0,3.0,1,True,2026-04-24 22:09:13.186774,0.0,False
1622,1053,1,expired,annual,2024-05-06,2024-11-13,0.0,0.0,,Switched competitor,2026-04-24 22:09:13.186774,Kite Hub,Consulting,medium,JP,Japan,Asia/Tokyo,yuki.garcia@yahoo.com,Yuki Garcia,2024-05-06,event,True,,,10.0,2026-04-24 22:09:13.186774,2026-04-24 22:09:13.186774,Free,free,0.0,0.0,5.0,3.0,1,True,2026-04-24 22:09:13.186774,0.0,False
1623,1053,3,active,monthly,2024-11-13,,17.1,10.0,,,2026-04-24 22:09:13.186774,Kite Hub,Consulting,medium,JP,Japan,Asia/Tokyo,yuki.garcia@yahoo.com,Yuki Garcia,2024-05-06,event,True,,,10.0,2026-04-24 22:09:13.186774,2026-04-24 22:09:13.186774,Starter Plus,starter,19.0,190.0,25.0,20.0,10,True,2026-04-24 22:09:13.186774,19.0,False
1624,1054,2,expired,annual,2024-02-06,2024-11-24,9.0,10.0,2024-02-20,Company reorganization,2026-04-24 22:09:13.186774,NexusTech,Insurance,enterprise,SG,Singapore,Asia/Singapore,ahmed.robinson@hotmail.com,Ahmed Robinson,2024-02-06,referral,False,2024-07-26 02:14:53,,0.0,2026-04-24 22:09:13.186774,2026-04-24 22:09:13.186774,Starter,starter,12.0,120.0,15.0,10.0,5,True,2026-04-24 22:09:13.186774,12.0,True
1625,1054,2,cancelled,annual,2024-11-24,2025-08-17,9.0,10.0,,Not using it,2026-04-24 22:09:13.186774,NexusTech,Insurance,enterprise,SG,Singapore,Asia/Singapore,ahmed.robinson@hotmail.com,Ahmed Robinson,2024-02-06,referral,False,2024-07-26 02:14:53,,0.0,2026-04-24 22:09:13.186774,2026-04-24 22:09:13.186774,Starter,starter,12.0,120.0,15.0,10.0,5,True,2026-04-24 22:09:13.186774,12.0,True
1626,1054,2,cancelled,monthly,2025-08-17,2024-07-26,12.0,0.0,,,2026-04-24 22:09:13.186774,NexusTech,Insurance,enterprise,SG,Singapore,Asia/Singapore,ahmed.robinson@hotmail.com,Ahmed Robinson,2024-02-06,referral,False,2024-07-26 02:14:53,,0.0,2026-04-24 22:09:13.186774,2026-04-24 22:09:13.186774,Starter,starter,12.0,120.0,15.0,10.0,5,True,2026-04-24 22:09:13.186774,12.0,True
1627,1055,1,cancelled,annual,2023-06-26,2024-06-22,0.0,0.0,,Switched competitor,2026-04-24 22:09:13.186774,NovaSoftware,Legal,large,GB,United Kingdom,Europe/London,andrew.adams@gmail.com,Andrew Adams,2023-06-26,referral,False,2024-06-22 14:10:13,,0.0,2026-04-24 22:09:13.186774,2026-04-24 22:09:13.186774,Free,free,0.0,0.0,5.0,3.0,1,True,2026-04-24 22:09:13.186774,0.0,True
1628,1056,3,cancelled,monthly,2023-06-20,2024-03-20,19.0,0.0,2023-07-04,Budget cuts,2026-04-24 22:09:13.186774,UnitCorp,Logistics,enterprise,BR,Brazil,America/Sao_Paulo,robert.green@yahoo.com,Robert Green,2023-06-20,partner,True,,,10.0,2026-04-24 22:09:13.186774,2026-04-24 22:09:13.186774,Starter Plus,starter,19.0,190.0,25.0,20.0,10,True,2026-04-24 22:09:13.186774,19.0,False
1629,1056,1,expired,annual,2024-03-20,2024-08-22,0.0,0.0,,Budget cuts,2026-04-24 22:09:13.186774,UnitCorp,Logistics,enterprise,BR,Brazil,America/Sao_Paulo,robert.green@yahoo.com,Robert Green,2023-06-20,partner,True,,,10.0,2026-04-24 22:09:13.186774,2026-04-24 22:09:13.186774,Free,free,0.0,0.0,5.0,3.0,1,True,2026-04-24 22:09:13.186774,0.0,False
1630,1056,6,active,annual,2024-08-22,,82.5,0.0,,,2026-04-24 22:09:13.186774,UnitCorp,Logistics,enterprise,BR,Brazil,America/Sao_Paulo,robert.green@yahoo.com,Robert Green,2023-06-20,partner,True,,,10.0,2026-04-24 22:09:13.186774,2026-04-24 22:09:13.186774,Enterprise,enterprise,99.0,990.0,500.0,,100,True,2026-04-24 22:09:13.186774,99.0,False
1631,1057,4,cancelled,monthly,2025-04-07,2025-10-13,39.0,0.0,2025-04-21,Company reorganization,2026-04-24 22:09:13.186774,UltraDynamics,Education,medium,US,United States,America/Chicago,ashley.patel@enterprise.com,Ashley Patel,2025-04-07,organic,True,,,0.0,2026-04-24 22:09:13.186774,2026-04-24 22:09:13.186774,Professional,professional,39.0,390.0,50.0,50.0,25,True,2026-04-24 22:09:13.186774,39.0,False
1632,1057,3,active,annual,2025-10-13,,12.67,20.0,,,2026-04-24 22:09:13.186774,UltraDynamics,Education,medium,US,United States,America/Chicago,ashley.patel@enterprise.com,Ashley Patel,2025-04-07,organic,True,,,0.0,2026-04-24 22:09:13.186774,2026-04-24 22:09:13.186774,Starter Plus,starter,19.0,190.0,25.0,20.0,10,True,2026-04-24 22:09:13.186774,19.0,False
1633,1058,1,active,monthly,2025-05-31,,0.0,20.0,,,2026-04-24 22:09:13.186774,QuarkAnalytics,Insurance,medium,BR,Brazil,America/Sao_Paulo,yuki.patel@corp.net,Yuki Patel,2025-05-31,referral,True,,,8.0,2026-04-24 22:09:13.186774,2026-04-24 22:09:13.186774,Free,free,0.0,0.0,5.0,3.0,1,True,2026-04-24 22:09:13.186774,0.0,False
1634,1059,5,expired,annual,2025-07-05,2025-09-03,49.17,0.0,2025-07-19,Switched competitor,2026-04-24 22:09:13.186774,Pulse Ops,Telecommunications,medium,CA,Canada,America/Toronto,priya.king@hotmail.com,Priya King,2025-07-05,partner,True,,,10.0,2026-04-24 22:09:13.186774,2026-04-24 22:09:13.186774,Professional Plus,professional,59.0,590.0,100.0,100.0,50,True,2026-04-24 22:09:13.186774,59.0,False
1635,1059,4,active,annual,2025-09-03,,26.0,20.0,,,2026-04-24 22:09:13.186774,Pulse Ops,Telecommunications,medium,CA,Canada,America/Toronto,priya.king@hotmail.com,Priya King,2025-07-05,partner,True,,,10.0,2026-04-24 22:09:13.186774,2026-04-24 22:09:13.186774,Professional,professional,39.0,390.0,50.0,50.0,25,True,2026-04-24 22:09:13.186774,39.0,False
1636,1060,1,active,annual,2025-04-10,,0.0,25.0,,,2026-04-24 22:09:13.186774,ZenPro,Retail,small,JP,Japan,Asia/Tokyo,Richard.Lopez@tech.dev,Richard Lopez,2025-04-10,referral,True,,,,2026-04-24 22:09:13.186774,2026-04-24 22:09:13.186774,Free,free,0.0,0.0,5.0,3.0,1,True,2026-04-24 22:09:13.186774,0.0,False
1637,1061,2,active,monthly,2025-03-28,,12.0,0.0,2025-04-11,,2026-04-24 22:09:13.186774,Vine Pro,Legal,small,SG,Singapore,Asia/Singapore,steven.thompson@startup.co,Steven Thompson,2025-03-28,organic,True,,,,2026-04-24 22:09:13.186774,2026-04-24 22:09:13.186774,Starter,starter,12.0,120.0,15.0,10.0,5,True,2026-04-24 22:09:13.186774,12.0,False
1638,1062,2,expired,annual,2025-08-07,2025-10-25,10.0,0.0,2025-08-21,Budget cuts,2026-04-24 22:09:13.186774,WaveSolutions,Retail,large,BR,Brazil,America/Sao_Paulo,Kenji.Garcia@corp.net,Kenji Garcia,2025-08-07,organic,True,,,6.0,2026-04-24 22:09:13.186774,2026-04-24 22:09:13.186774,Starter,starter,12.0,120.0,15.0,10.0,5,True,2026-04-24 22:09:13.186774,12.0,False
1639,1062,6,active,annual,2025-10-25,,70.12,15.0,,,2026-04-24 22:09:13.186774,WaveSolutions,Retail,large,BR,Brazil,America/Sao_Paulo,Kenji.Garcia@corp.net,Kenji Garcia,2025-08-07,organic,True,,,6.0,2026-04-24 22:09:13.186774,2026-04-24 22:09:13.186774,Enterprise,enterprise,99.0,990.0,500.0,,100,True,2026-04-24 22:09:13.186774,99.0,False
1640,1063,5,expired,annual,2024-04-26,2024-08-22,49.17,0.0,2024-05-10,,2026-04-24 22:09:13.186774,Rush Stack,Retail,large,JP,Japan,Asia/Tokyo,richard.brown@gmail.com,Richard Brown,2024-04-26,paid_ads,False,2025-08-29 23:21:41,Not enough users,10.0,2026-04-24 22:09:13.186774,2026-04-24 22:09:13.186774,Professional Plus,professional,59.0,590.0,100.0,100.0,50,True,2026-04-24 22:09:13.186774,59.0,True
1641,1063,1,cancelled,monthly,2024-08-22,2025-08-29,0.0,0.0,,Not using it,2026-04-24 22:09:13.186774,Rush Stack,Retail,large,JP,Japan,Asia/Tokyo,richard.brown@gmail.com,Richard Brown,2024-04-26,paid_ads,False,2025-08-29 23:21:41,Not enough users,10.0,2026-04-24 22:09:13.186774,2026-04-24 22:09:13.186774,Free,free,0.0,0.0,5.0,3.0,1,True,2026-04-24 22:09:13.186774,0.0,True
1642,1064,3,expired,annual,2025-02-09,2025-06-02,15.83,0.0,2025-02-23,Not using it,2026-04-24 22:09:13.186774,ZenAI,Legal,small,US,United States,America/Chicago,susan.hernandez@enterprise.com,Susan Hernandez,2025-02-09,referral,True,,,8.0,2026-04-24 22:09:13.186774,2026-04-24 22:09:13.186774,Starter Plus,starter,19.0,190.0,25.0,20.0,10,True,2026-04-24 22:09:13.186774,19.0,False
1643,1064,1,active,annual,2025-06-02,,0.0,0.0,,,2026-04-24 22:09:13.186774,ZenAI,Legal,small,US,United States,America/Chicago,susan.hernandez@enterprise.com,Susan Hernandez,2025-02-09,referral,True,,,8.0,2026-04-24 22:09:13.186774,2026-04-24 22:09:13.186774,Free,free,0.0,0.0,5.0,3.0,1,True,2026-04-24 22:09:13.186774,0.0,False
1644,1065,3,active,annual,2024-11-08,,15.83,0.0,2024-11-22,,2026-04-24 22:09:13.186774,HubSystems,Healthcare,small,US,United States,America/Los_Angeles,john.davis@yahoo.com,John Davis,2024-11-08,partner,True,,,7.0,2026-04-24 22:09:13.186774,2026-04-24 22:09:13.186774,Starter Plus,starter,19.0,190.0,25.0,20.0,10,True,2026-04-24 22:09:13.186774,19.0,False
1645,1066,2,active,monthly,2023-07-03,,12.0,0.0,2023-07-17,,2026-04-24 22:09:13.186774,MetaGroup,E-commerce,small,DE,Germany,Europe/Berlin,andrew.gonzalez@metagroup.com,Andrew Gonzalez,2023-07-03,event,True,,,,2026-04-24 22:09:13.186774,2026-04-24 22:09:13.186774,Starter,starter,12.0,120.0,15.0,10.0,5,True,2026-04-24 22:09:13.186774,12.0,False
1646,1067,1,cancelled,monthly,2023-05-12,2024-04-06,0.0,0.0,,Company reorganization,2026-04-24 22:09:13.186774,RiftLogic,Finance,small,US,United States,America/New_York,andrew.nelson@corp.net,Andrew Nelson,2023-05-12,organic,False,2024-04-06 19:56:25,,,2026-04-24 22:09:13.186774,2026-04-24 22:09:13.186774,Free,free,0.0,0.0,5.0,3.0,1,True,2026-04-24 22:09:13.186774,0.0,True
1647,1068,4,cancelled,monthly,2023-10-10,2024-08-13,31.2,20.0,2023-10-24,Missing features,2026-04-24 22:09:13.186774,KeenGroup,Insurance,large,BR,Brazil,America/Sao_Paulo,Ashley.Ivanov@keengroup.com,Ashley Ivanov,2023-10-10,event,False,2024-08-13 20:32:40,Outgrew the platform,2.0,2026-04-24 22:09:13.186774,2026-04-24 22:09:13.186774,Professional,professional,39.0,390.0,50.0,50.0,25,True,2026-04-24 22:09:13.186774,39.0,True
1648,1069,2,cancelled,annual,2024-09-20,2024-12-12,10.0,0.0,2024-10-04,,2026-04-24 22:09:13.186774,Bolt Analytics,Healthcare,large,US,United States,America/Los_Angeles,mary.martinez@boltanalytics.com,Mary Martinez,2024-09-20,organic,False,2025-01-17 15:16:30,Outgrew the platform,0.0,2026-04-24 22:09:13.186774,2026-04-24 22:09:13.186774,Starter,starter,12.0,120.0,15.0,10.0,5,True,2026-04-24 22:09:13.186774,12.0,True
1649,1069,4,cancelled,monthly,2024-12-12,2025-01-17,35.1,10.0,,Switched competitor,2026-04-24 22:09:13.186774,Bolt Analytics,Healthcare,large,US,United States,America/Los_Angeles,mary.martinez@boltanalytics.com,Mary Martinez,2024-09-20,organic,False,2025-01-17 15:16:30,Outgrew the platform,0.0,2026-04-24 22:09:13.186774,2026-04-24 22:09:13.186774,Professional,professional,39.0,390.0,50.0,50.0,25,True,2026-04-24 22:09:13.186774,39.0,True
1650,1070,2,cancelled,annual,2024-06-27,2024-12-09,8.5,15.0,2024-07-11,,2026-04-24 22:09:13.186774,CorePro,Healthcare,medium,AU,Australia,Australia/Sydney,Kenji.Nguyen@yahoo.com,Kenji Nguyen,2024-06-27,organic,True,,,,2026-04-24 22:09:13.186774,2026-04-24 22:09:13.186774,Starter,starter,12.0,120.0,15.0,10.0,5,True,2026-04-24 22:09:13.186774,12.0,False
1651,1070,6,active,monthly,2024-12-09,,99.0,0.0,,,2026-04-24 22:09:13.186774,CorePro,Healthcare,medium,AU,Australia,Australia/Sydney,Kenji.Nguyen@yahoo.com,Kenji Nguyen,2024-06-27,organic,True,,,,2026-04-24 22:09:13.186774,2026-04-24 22:09:13.186774,Enterprise,enterprise,99.0,990.0,500.0,,100,True,2026-04-24 22:09:13.186774,99.0,False
1652,1071,6,cancelled,annual,2023-03-02,2023-11-16,82.5,0.0,2023-03-16,,2026-04-24 22:09:13.186774,UltraAnalytics,Finance,enterprise,SG,Singapore,Asia/Singapore,Aisha.Adams@ultraanalytics.com,Aisha Adams,2023-03-02,referral,False,2024-10-16 04:35:03,Budget cuts,,2026-04-24 22:09:13.186774,2026-04-24 22:09:13.186774,Enterprise,enterprise,99.0,990.0,500.0,,100,True,2026-04-24 22:09:13.186774,99.0,True
1653,1071,2,cancelled,annual,2023-11-16,2024-10-16,10.0,0.0,,Too expensive,2026-04-24 22:09:13.186774,UltraAnalytics,Finance,enterprise,SG,Singapore,Asia/Singapore,Aisha.Adams@ultraanalytics.com,Aisha Adams,2023-03-02,referral,False,2024-10-16 04:35:03,Budget cuts,,2026-04-24 22:09:13.186774,2026-04-24 22:09:13.186774,Starter,starter,12.0,120.0,15.0,10.0,5,True,2026-04-24 22:09:13.186774,12.0,True
1654,1072,1,active,annual,2024-03-11,,0.0,10.0,,,2026-04-24 22:09:13.186774,XenonCorp,Education,medium,US,United States,America/Chicago,nancy.lewis@company.io,Nancy Lewis,2024-03-11,event,True,,,,2026-04-24 22:09:13.186774,2026-04-24 22:09:13.186774,Free,free,0.0,0.0,5.0,3.0,1,True,2026-04-24 22:09:13.186774,0.0,False
1655,1073,1,cancelled,monthly,2023-08-01,2025-06-01,0.0,0.0,,Switched competitor,2026-04-24 22:09:13.186774,Quark HQ,Manufacturing,small,US,United States,America/Chicago,john.scott@quarkhq.com,John Scott,2023-08-01,event,False,2025-06-01 21:49:34,Outgrew the platform,3.0,2026-04-24 22:09:13.186774,2026-04-24 22:09:13.186774,Free,free,0.0,0.0,5.0,3.0,1,True,2026-04-24 22:09:13.186774,0.0,True
1656,1074,4,active,annual,2023-04-21,,32.5,0.0,2023-05-05,,2026-04-24 22:09:13.186774,Acme Dev,Healthcare,enterprise,FR,France,Europe/Paris,wei.white@gmail.com,Wei White,2023-04-21,referral,True,,,,2026-04-24 22:09:13.186774,2026-04-24 22:09:13.186774,Professional,professional,39.0,390.0,50.0,50.0,25,True,2026-04-24 22:09:13.186774,39.0,False
1657,1075,2,active,monthly,2025-04-12,,10.2,15.0,2025-04-26,,2026-04-24 22:09:13.186774,FlowSoftware,Manufacturing,medium,US,United States,America/Chicago,jessica.brown@outlook.com,Jessica Brown,2025-04-12,event,True,,,8.0,2026-04-24 22:09:13.186774,2026-04-24 22:09:13.186774,Starter,starter,12.0,120.0,15.0,10.0,5,True,2026-04-24 22:09:13.186774,12.0,False
1658,1076,5,cancelled,monthly,2024-11-23,2025-03-13,59.0,0.0,2024-12-07,Not using it,2026-04-24 22:09:13.186774,Zen Solutions,Healthcare,large,GB,United Kingdom,Europe/London,mary.johnson@tech.dev,Mary Johnson,2024-11-23,event,True,,,7.0,2026-04-24 22:09:13.186774,2026-04-24 22:09:13.186774,Professional Plus,professional,59.0,590.0,100.0,100.0,50,True,2026-04-24 22:09:13.186774,59.0,False
1659,1076,3,cancelled,annual,2025-03-13,2025-09-16,15.83,0.0,,Missing features,2026-04-24 22:09:13.186774,Zen Solutions,Healthcare,large,GB,United Kingdom,Europe/London,mary.johnson@tech.dev,Mary Johnson,2024-11-23,event,True,,,7.0,2026-04-24 22:09:13.186774,2026-04-24 22:09:13.186774,Starter Plus,starter,19.0,190.0,25.0,20.0,10,True,2026-04-24 22:09:13.186774,19.0,False
1660,1076,4,active,annual,2025-09-16,,32.5,0.0,,,2026-04-24 22:09:13.186774,Zen Solutions,Healthcare,large,GB,United Kingdom,Europe/London,mary.johnson@tech.dev,Mary Johnson,2024-11-23,event,True,,,7.0,2026-04-24 22:09:13.186774,2026-04-24 22:09:13.186774,Professional,professional,39.0,390.0,50.0,50.0,25,True,2026-04-24 22:09:13.186774,39.0,False
1661,1077,4,expired,monthly,2025-05-08,2025-09-11,39.0,0.0,2025-05-22,Switched competitor,2026-04-24 22:09:13.186774,Jade Labs,Marketing,small,SG,Singapore,Asia/Singapore,hassan.singh@enterprise.com,Hassan Singh,2025-05-08,referral,True,,,9.0,2026-04-24 22:09:13.186774,2026-04-24 22:09:13.186774,Professional,professional,39.0,390.0,50.0,50.0,25,True,2026-04-24 22:09:13.186774,39.0,False
1662,1077,6,active,monthly,2025-09-11,,84.15,15.0,,,2026-04-24 22:09:13.186774,Jade Labs,Marketing,small,SG,Singapore,Asia/Singapore,hassan.singh@enterprise.com,Hassan Singh,2025-05-08,referral,True,,,9.0,2026-04-24 22:09:13.186774,2026-04-24 22:09:13.186774,Enterprise,enterprise,99.0,990.0,500.0,,100,True,2026-04-24 22:09:13.186774,99.0,False
1663,1078,1,cancelled,annual,2023-11-15,2024-07-16,0.0,0.0,,Switched competitor,2026-04-24 22:09:13.186774,Pulse Digital,Legal,enterprise,CA,Canada,America/Toronto,mary.williams@startup.co,Mary Williams,2023-11-15,organic,True,,,,2026-04-24 22:09:13.186774,2026-04-24 22:09:13.186774,Free,free,0.0,0.0,5.0,3.0,1,True,2026-04-24 22:09:13.186774,0.0,False
1664,1078,1,active,annual,2024-07-16,,0.0,0.0,,,2026-04-24 22:09:13.186774,Pulse Digital,Legal,enterprise,CA,Canada,America/Toronto,mary.williams@startup.co,Mary Williams,2023-11-15,organic,True,,,,2026-04-24 22:09:13.186774,2026-04-24 22:09:13.186774,Free,free,0.0,0.0,5.0,3.0,1,True,2026-04-24 22:09:13.186774,0.0,False
1665,1079,6,active,monthly,2025-01-02,,99.0,0.0,2025-01-16,,2026-04-24 22:09:13.186774,Quark AI,Technology,large,SG,Singapore,Asia/Singapore,thomas.nguyen@quarkai.com,Thomas Nguyen,2025-01-02,event,True,,,,2026-04-24 22:09:13.186774,2026-04-24 22:09:13.186774,Enterprise,enterprise,99.0,990.0,500.0,,100,True,2026-04-24 22:09:13.186774,99.0,False
1666,1080,1,active,monthly,2025-04-07,,0.0,0.0,,,2026-04-24 22:09:13.186774,KeenLabs,Logistics,large,US,United States,America/Chicago,charles.muller@corp.net,Charles Muller,2025-04-07,referral,True,,,,2026-04-24 22:09:13.186774,2026-04-24 22:09:13.186774,Free,free,0.0,0.0,5.0,3.0,1,True,2026-04-24 22:09:13.186774,0.0,False
1667,1081,3,active,monthly,2023-04-15,,19.0,0.0,2023-04-29,,2026-04-24 22:09:13.186774,Edge Software,Consulting,medium,CA,Canada,America/Toronto,fatima.davis@tech.dev,Fatima Davis,2023-04-15,partner,True,,,3.0,2026-04-24 22:09:13.186774,2026-04-24 22:09:13.186774,Starter Plus,starter,19.0,190.0,25.0,20.0,10,True,2026-04-24 22:09:13.186774,19.0,False
1668,1082,2,active,monthly,2024-09-17,,12.0,0.0,2024-10-01,,2026-04-24 22:09:13.186774,WarpWorks,E-commerce,large,FR,France,Europe/Paris,steven.nelson@corp.net,Steven Nelson,2024-09-17,event,True,,,8.0,2026-04-24 22:09:13.186774,2026-04-24 22:09:13.186774,Starter,starter,12.0,120.0,15.0,10.0,5,True,2026-04-24 22:09:13.186774,12.0,False
1669,1083,2,expired,monthly,2023-04-19,2023-12-14,12.0,0.0,2023-05-03,Company reorganization,2026-04-24 22:09:13.186774,KiteCorp,Logistics,small,US,United States,America/New_York,susan.robinson@tech.dev,Susan Robinson,2023-04-19,organic,False,2023-08-12 07:39:28,No longer needed,,2026-04-24 22:09:13.186774,2026-04-24 22:09:13.186774,Starter,starter,12.0,120.0,15.0,10.0,5,True,2026-04-24 22:09:13.186774,12.0,True
1670,1083,5,cancelled,annual,2023-12-14,2023-08-12,49.17,0.0,,,2026-04-24 22:09:13.186774,KiteCorp,Logistics,small,US,United States,America/New_York,susan.robinson@tech.dev,Susan Robinson,2023-04-19,organic,False,2023-08-12 07:39:28,No longer needed,,2026-04-24 22:09:13.186774,2026-04-24 22:09:13.186774,Professional Plus,professional,59.0,590.0,100.0,100.0,50,True,2026-04-24 22:09:13.186774,59.0,True
1671,1084,2,active,monthly,2024-07-04,,12.0,0.0,2024-07-18,,2026-04-24 22:09:13.186774,GlowGroup,Insurance,medium,CA,Canada,America/Toronto,elizabeth.davis@gmail.com,Elizabeth Davis,2024-07-04,organic,True,,,6.0,2026-04-24 22:09:13.186774,2026-04-24 22:09:13.186774,Starter,starter,12.0,120.0,15.0,10.0,5,True,2026-04-24 22:09:13.186774,12.0,False
1672,1085,5,active,monthly,2025-01-25,,59.0,0.0,2025-02-08,,2026-04-24 22:09:13.186774,EdgeDynamics,Telecommunications,small,DE,Germany,Europe/Berlin,paul.rodriguez@company.io,Paul Rodriguez,2025-01-25,organic,True,,,7.0,2026-04-24 22:09:13.186774,2026-04-24 22:09:13.186774,Professional Plus,professional,59.0,590.0,100.0,100.0,50,True,2026-04-24 22:09:13.186774,59.0,False
1673,1086,4,active,monthly,2023-03-29,,39.0,0.0,2023-04-12,,2026-04-24 22:09:13.186774,Cloud Corp,Consulting,small,CA,Canada,America/Toronto,wei.garcia@hotmail.com,Wei Garcia,2023-03-29,referral,True,,,9.0,2026-04-24 22:09:13.186774,2026-04-24 22:09:13.186774,Professional,professional,39.0,390.0,50.0,50.0,25,True,2026-04-24 22:09:13.186774,39.0,False
1674,1087,5,active,annual,2024-11-17,,49.17,0.0,2024-12-01,,2026-04-24 22:09:13.186774,Kite Group,Logistics,medium,JP,Japan,Asia/Tokyo,steven.martinez@corp.net,Steven Martinez,2024-11-17,event,True,,,8.0,2026-04-24 22:09:13.186774,2026-04-24 22:09:13.186774,Professional Plus,professional,59.0,590.0,100.0,100.0,50,True,2026-04-24 22:09:13.186774,59.0,False
1675,1088,3,active,annual,2024-05-21,,15.83,0.0,2024-06-04,,2026-04-24 22:09:13.186774,CloudVentures,Legal,small,DE,Germany,Europe/Berlin,mei.garcia@company.io,Mei Garcia,2024-05-21,paid_ads,True,,,,2026-04-24 22:09:13.186774,2026-04-24 22:09:13.186774,Starter Plus,starter,19.0,190.0,25.0,20.0,10,True,2026-04-24 22:09:13.186774,19.0,False
1676,1089,4,cancelled,monthly,2024-01-21,2024-12-31,39.0,0.0,2024-02-04,Budget cuts,2026-04-24 22:09:13.186774,LinkOps,Manufacturing,small,DE,Germany,Europe/Berlin,aisha.williams@protonmail.com,Aisha Williams,2024-01-21,organic,True,,,6.0,2026-04-24 22:09:13.186774,2026-04-24 22:09:13.186774,Professional,professional,39.0,390.0,50.0,50.0,25,True,2026-04-24 22:09:13.186774,39.0,False
1677,1089,7,active,annual,2024-12-31,,132.67,20.0,,,2026-04-24 22:09:13.186774,LinkOps,Manufacturing,small,DE,Germany,Europe/Berlin,aisha.williams@protonmail.com,Aisha Williams,2024-01-21,organic,True,,,6.0,2026-04-24 22:09:13.186774,2026-04-24 22:09:13.186774,Enterprise Custom,enterprise,199.0,1990.0,,,500,True,2026-04-24 22:09:13.186774,199.0,False
1678,1090,2,expired,annual,2025-04-25,2025-08-10,10.0,0.0,2025-05-09,Missing features,2026-04-24 22:09:13.186774,Acme Digital,Media,small,US,United States,America/Chicago,matthew.martinez@corp.net,Matthew Martinez,2025-04-25,organic,True,,,8.0,2026-04-24 22:09:13.186774,2026-04-24 22:09:13.186774,Starter,starter,12.0,120.0,15.0,10.0,5,True,2026-04-24 22:09:13.186774,12.0,False
1679,1090,5,cancelled,monthly,2025-08-10,2025-10-14,59.0,0.0,,,2026-04-24 22:09:13.186774,Acme Digital,Media,small,US,United States,America/Chicago,matthew.martinez@corp.net,Matthew Martinez,2025-04-25,organic,True,,,8.0,2026-04-24 22:09:13.186774,2026-04-24 22:09:13.186774,Professional Plus,professional,59.0,590.0,100.0,100.0,50,True,2026-04-24 22:09:13.186774,59.0,False
1680,1090,4,active,monthly,2025-10-14,,39.0,0.0,,,2026-04-24 22:09:13.186774,Acme Digital,Media,small,US,United States,America/Chicago,matthew.martinez@corp.net,Matthew Martinez,2025-04-25,organic,True,,,8.0,2026-04-24 22:09:13.186774,2026-04-24 22:09:13.186774,Professional,professional,39.0,390.0,50.0,50.0,25,True,2026-04-24 22:09:13.186774,39.0,False
1681,1091,3,expired,monthly,2024-03-22,2024-07-06,19.0,0.0,2024-04-05,Switched competitor,2026-04-24 22:09:13.186774,GlowVentures,Insurance,small,DE,Germany,Europe/Berlin,paul.sanchez@glowventures.com,Paul Sanchez,2024-03-22,referral,False,2024-11-07 19:22:40,Budget cuts,10.0,2026-04-24 22:09:13.186774,2026-04-24 22:09:13.186774,Starter Plus,starter,19.0,190.0,25.0,20.0,10,True,2026-04-24 22:09:13.186774,19.0,True
1682,1091,4,cancelled,monthly,2024-07-06,2024-11-07,39.0,0.0,,,2026-04-24 22:09:13.186774,GlowVentures,Insurance,small,DE,Germany,Europe/Berlin,paul.sanchez@glowventures.com,Paul Sanchez,2024-03-22,referral,False,2024-11-07 19:22:40,Budget cuts,10.0,2026-04-24 22:09:13.186774,2026-04-24 22:09:13.186774,Professional,professional,39.0,390.0,50.0,50.0,25,True,2026-04-24 22:09:13.186774,39.0,True
1683,1092,2,active,monthly,2024-02-22,,12.0,0.0,2024-03-07,,2026-04-24 22:09:13.186774,PulseStudio,Real Estate,large,US,United States,America/Los_Angeles,sofia.wilson@hotmail.com,Sofia Wilson,2024-02-22,organic,True,,,10.0,2026-04-24 22:09:13.186774,2026-04-24 22:09:13.186774,Starter,starter,12.0,120.0,15.0,10.0,5,True,2026-04-24 22:09:13.186774,12.0,False
1684,1093,2,active,monthly,2023-10-13,,9.6,20.0,2023-10-27,,2026-04-24 22:09:13.186774,QuarkWorks,Healthcare,medium,IN,India,Asia/Kolkata,lars.santos@company.io,Lars Santos,2023-10-13,referral,True,,,6.0,2026-04-24 22:09:13.186774,2026-04-24 22:09:13.186774,Starter,starter,12.0,120.0,15.0,10.0,5,True,2026-04-24 22:09:13.186774,12.0,False
1685,1094,1,cancelled,monthly,2024-04-26,2024-09-25,0.0,10.0,,Switched competitor,2026-04-24 22:09:13.186774,BeamWorks,Retail,small,FR,France,Europe/Paris,Christopher.Moore@startup.co,Christopher Moore,2024-04-26,referral,True,,,10.0,2026-04-24 22:09:13.186774,2026-04-24 22:09:13.186774,Free,free,0.0,0.0,5.0,3.0,1,True,2026-04-24 22:09:13.186774,0.0,False
1686,1094,4,active,monthly,2024-09-25,,39.0,0.0,,,2026-04-24 22:09:13.186774,BeamWorks,Retail,small,FR,France,Europe/Paris,Christopher.Moore@startup.co,Christopher Moore,2024-04-26,referral,True,,,10.0,2026-04-24 22:09:13.186774,2026-04-24 22:09:13.186774,Professional,professional,39.0,390.0,50.0,50.0,25,True,2026-04-24 22:09:13.186774,39.0,False
1687,1095,5,active,annual,2024-04-17,,49.17,0.0,2024-05-01,,2026-04-24 22:09:13.186774,Quark Group,Media,medium,JP,Japan,Asia/Tokyo,aisha.williams@gmail.com,Aisha Williams,2024-04-17,referral,True,,,6.0,2026-04-24 22:09:13.186774,2026-04-24 22:09:13.186774,Professional Plus,professional,59.0,590.0,100.0,100.0,50,True,2026-04-24 22:09:13.186774,59.0,False
1688,1096,3,active,monthly,2024-09-25,,19.0,0.0,2024-10-09,,2026-04-24 22:09:13.186774,OnyxLogic,Media,medium,BR,Brazil,America/Sao_Paulo,wei.wright@corp.net,Wei Wright,2024-09-25,event,True,,,7.0,2026-04-24 22:09:13.186774,2026-04-24 22:09:13.186774,Starter Plus,starter,19.0,190.0,25.0,20.0,10,True,2026-04-24 22:09:13.186774,19.0,False
1689,1097,5,active,monthly,2024-12-04,,59.0,0.0,2024-12-18,,2026-04-24 22:09:13.186774,LinkAnalytics,Insurance,large,US,United States,America/New_York,linda.davis@linkanalytics.com,Linda Davis,2024-12-04,partner,True,,,,2026-04-24 22:09:13.186774,2026-04-24 22:09:13.186774,Professional Plus,professional,59.0,590.0,100.0,100.0,50,True,2026-04-24 22:09:13.186774,59.0,False
1690,1098,3,active,annual,2024-09-02,,15.83,0.0,2024-09-16,,2026-04-24 22:09:13.186774,SageLogic,Technology,small,US,United States,America/Chicago,robert.walker@gmail.com,Robert Walker,2024-09-02,organic,True,,,,2026-04-24 22:09:13.186774,2026-04-24 22:09:13.186774,Starter Plus,starter,19.0,190.0,25.0,20.0,10,True,2026-04-24 22:09:13.186774,19.0,False
1691,1099,1,active,monthly,2024-01-24,,0.0,0.0,,,2026-04-24 22:09:13.186774,NovaCorp,Manufacturing,large,SG,Singapore,Asia/Singapore,david.miller@company.io,David Miller,2024-01-24,event,True,,,8.0,2026-04-24 22:09:13.186774,2026-04-24 22:09:13.186774,Free,free,0.0,0.0,5.0,3.0,1,True,2026-04-24 22:09:13.186774,0.0,False
1692,1100,5,active,annual,2023-02-21,,49.17,0.0,2023-03-07,,2026-04-24 22:09:13.186774,Sync Logic,Manufacturing,large,DE,Germany,Europe/Berlin,mei.chen@startup.co,Mei Chen,2023-02-21,event,True,,,4.0,2026-04-24 22:09:13.186774,2026-04-24 22:09:13.186774,Professional Plus,professional,59.0,590.0,100.0,100.0,50,True,2026-04-24 22:09:13.186774,59.0,False
1693,1101,4,active,monthly,2024-06-02,,39.0,0.0,2024-06-16,,2026-04-24 22:09:13.186774,FluxHub,Media,small,BR,Brazil,America/Sao_Paulo,mark.muller@hotmail.com,Mark Muller,2024-06-02,organic,True,,,4.0,2026-04-24 22:09:13.186774,2026-04-24 22:09:13.186774,Professional,professional,39.0,390.0,50.0,50.0,25,True,2026-04-24 22:09:13.186774,39.0,False
1694,1102,2,active,monthly,2024-10-09,,12.0,0.0,2024-10-23,,2026-04-24 22:09:13.186774,QuarkLogic,Insurance,small,SG,Singapore,Asia/Singapore,barbara.singh@quarklogic.com,Barbara Singh,2024-10-09,partner,True,,,,2026-04-24 22:09:13.186774,2026-04-24 22:09:13.186774,Starter,starter,12.0,120.0,15.0,10.0,5,True,2026-04-24 22:09:13.186774,12.0,False
1695,1103,2,active,monthly,2024-04-30,,12.0,0.0,2024-05-14,,2026-04-24 22:09:13.186774,Luna Systems,Finance,small,DE,Germany,Europe/Berlin,barbara.kim@enterprise.com,Barbara Kim,2024-04-30,referral,True,,,6.0,2026-04-24 22:09:13.186774,2026-04-24 22:09:13.186774,Starter,starter,12.0,120.0,15.0,10.0,5,True,2026-04-24 22:09:13.186774,12.0,False
1696,1104,2,cancelled,annual,2023-03-03,2025-07-13,10.0,0.0,2023-03-17,Budget cuts,2026-04-24 22:09:13.186774,Luna Analytics,Legal,small,US,United States,America/Chicago,nancy.allen@tech.dev,Nancy Allen,2023-03-03,organic,False,2025-07-13 23:14:07,Too expensive,4.0,2026-04-24 22:09:13.186774,2026-04-24 22:09:13.186774,Starter,starter,12.0,120.0,15.0,10.0,5,True,2026-04-24 22:09:13.186774,12.0,True
1697,1105,5,cancelled,annual,2025-03-15,2025-06-06,49.17,0.0,2025-03-29,Not using it,2026-04-24 22:09:13.186774,EchoNet,Media,small,GB,United Kingdom,Europe/London,kenji.garcia@company.io,Kenji Garcia,2025-03-15,event,True,,,,2026-04-24 22:09:13.186774,2026-04-24 22:09:13.186774,Professional Plus,professional,59.0,590.0,100.0,100.0,50,True,2026-04-24 22:09:13.186774,59.0,False
1698,1105,4,active,monthly,2025-06-06,,39.0,0.0,,,2026-04-24 22:09:13.186774,EchoNet,Media,small,GB,United Kingdom,Europe/London,kenji.garcia@company.io,Kenji Garcia,2025-03-15,event,True,,,,2026-04-24 22:09:13.186774,2026-04-24 22:09:13.186774,Professional,professional,39.0,390.0,50.0,50.0,25,True,2026-04-24 22:09:13.186774,39.0,False
1699,1106,1,cancelled,monthly,2023-09-15,2024-01-24,0.0,0.0,,Budget cuts,2026-04-24 22:09:13.186774,ArcAnalytics,Logistics,enterprise,AU,Australia,Australia/Sydney,robert.martinez@gmail.com,Robert Martinez,2023-09-15,referral,True,,,,2026-04-24 22:09:13.186774,2026-04-24 22:09:13.186774,Free,free,0.0,0.0,5.0,3.0,1,True,2026-04-24 22:09:13.186774,0.0,False
1700,1106,4,active,monthly,2024-01-24,,35.1,10.0,,,2026-04-24 22:09:13.186774,ArcAnalytics,Logistics,enterprise,AU,Australia,Australia/Sydney,robert.martinez@gmail.com,Robert Martinez,2023-09-15,referral,True,,,,2026-04-24 22:09:13.186774,2026-04-24 22:09:13.186774,Professional,professional,39.0,390.0,50.0,50.0,25,True,2026-04-24 22:09:13.186774,39.0,False
1701,1107,5,cancelled,monthly,2024-10-12,2025-02-21,59.0,0.0,2024-10-26,Switched competitor,2026-04-24 22:09:13.186774,VertexPlatform,Legal,medium,FR,France,Europe/Paris,matthew.kim@company.io,Matthew Kim,2024-10-12,partner,False,2025-02-21 19:26:07,Outgrew the platform,0.0,2026-04-24 22:09:13.186774,2026-04-24 22:09:13.186774,Professional Plus,professional,59.0,590.0,100.0,100.0,50,True,2026-04-24 22:09:13.186774,59.0,True
1702,1108,1,active,annual,2023-10-20,,0.0,0.0,,,2026-04-24 22:09:13.186774,GlowWorks,Marketing,enterprise,DE,Germany,Europe/Berlin,patricia.williams@protonmail.com,Patricia Williams,2023-10-20,partner,True,,,4.0,2026-04-24 22:09:13.186774,2026-04-24 22:09:13.186774,Free,free,0.0,0.0,5.0,3.0,1,True,2026-04-24 22:09:13.186774,0.0,False
1703,1109,1,active,monthly,2025-07-11,,0.0,10.0,,,2026-04-24 22:09:13.186774,Iris Group,Insurance,large,FR,France,Europe/Paris,ashley.baker@outlook.com,Ashley Baker,2025-07-11,partner,True,,,,2026-04-24 22:09:13.186774,2026-04-24 22:09:13.186774,Free,free,0.0,0.0,5.0,3.0,1,True,2026-04-24 22:09:13.186774,0.0,False
1704,1110,2,cancelled,annual,2024-12-02,2025-01-29,10.0,0.0,2024-12-16,Missing features,2026-04-24 22:09:13.186774,QuestCloud,Logistics,large,US,United States,America/Los_Angeles,Ashley.Hernandez@tech.dev,Ashley Hernandez,2024-12-02,organic,False,2025-01-29 06:19:16,Not enough users,0.0,2026-04-24 22:09:13.186774,2026-04-24 22:09:13.186774,Starter,starter,12.0,120.0,15.0,10.0,5,True,2026-04-24 22:09:13.186774,12.0,True
1705,1111,4,cancelled,monthly,2025-03-22,2025-09-12,39.0,0.0,2025-04-05,Too expensive,2026-04-24 22:09:13.186774,EdgeGroup,E-commerce,enterprise,US,United States,America/New_York,thomas.perez@startup.co,Thomas Perez,2025-03-22,paid_ads,True,,,8.0,2026-04-24 22:09:13.186774,2026-04-24 22:09:13.186774,Professional,professional,39.0,390.0,50.0,50.0,25,True,2026-04-24 22:09:13.186774,39.0,False
1706,1111,5,active,annual,2025-09-12,,49.17,0.0,,,2026-04-24 22:09:13.186774,EdgeGroup,E-commerce,enterprise,US,United States,America/New_York,thomas.perez@startup.co,Thomas Perez,2025-03-22,paid_ads,True,,,8.0,2026-04-24 22:09:13.186774,2026-04-24 22:09:13.186774,Professional Plus,professional,59.0,590.0,100.0,100.0,50,True,2026-04-24 22:09:13.186774,59.0,False
1707,1112,3,expired,monthly,2024-03-13,2024-06-22,19.0,0.0,2024-03-27,Missing features,2026-04-24 22:09:13.186774,SyncDev,Retail,medium,IN,India,Asia/Kolkata,barbara.moore@company.io,Barbara Moore,2024-03-13,organic,False,2025-05-30 00:17:44,Missing features,,2026-04-24 22:09:13.186774,2026-04-24 22:09:13.186774,Starter Plus,starter,19.0,190.0,25.0,20.0,10,True,2026-04-24 22:09:13.186774,19.0,True
1708,1112,1,cancelled,annual,2024-06-22,2025-05-30,0.0,0.0,,Budget cuts,2026-04-24 22:09:13.186774,SyncDev,Retail,medium,IN,India,Asia/Kolkata,barbara.moore@company.io,Barbara Moore,2024-03-13,organic,False,2025-05-30 00:17:44,Missing features,,2026-04-24 22:09:13.186774,2026-04-24 22:09:13.186774,Free,free,0.0,0.0,5.0,3.0,1,True,2026-04-24 22:09:13.186774,0.0,True
1709,1113,5,expired,annual,2025-09-10,2025-11-09,49.17,0.0,2025-09-24,Company reorganization,2026-04-24 22:09:13.186774,Rift Stack,Insurance,enterprise,FR,France,Europe/Paris,wei.lee@yahoo.com,Wei Lee,2025-09-10,organic,True,,,,2026-04-24 22:09:13.186774,2026-04-24 22:09:13.186774,Professional Plus,professional,59.0,590.0,100.0,100.0,50,True,2026-04-24 22:09:13.186774,59.0,False
1710,1113,2,paused,monthly,2025-11-09,,12.0,0.0,,,2026-04-24 22:09:13.186774,Rift Stack,Insurance,enterprise,FR,France,Europe/Paris,wei.lee@yahoo.com,Wei Lee,2025-09-10,organic,True,,,,2026-04-24 22:09:13.186774,2026-04-24 22:09:13.186774,Starter,starter,12.0,120.0,15.0,10.0,5,True,2026-04-24 22:09:13.186774,12.0,False
1711,1114,1,active,monthly,2023-05-17,,0.0,10.0,,,2026-04-24 22:09:13.186774,LinkDev,Finance,enterprise,FR,France,Europe/Paris,joshua.brown@enterprise.com,Joshua Brown,2023-05-17,paid_ads,True,,,9.0,2026-04-24 22:09:13.186774,2026-04-24 22:09:13.186774,Free,free,0.0,0.0,5.0,3.0,1,True,2026-04-24 22:09:13.186774,0.0,False
1712,1115,1,cancelled,monthly,2024-10-26,2025-02-06,0.0,0.0,,Budget cuts,2026-04-24 22:09:13.186774,Flow Pro,Real Estate,medium,FR,France,Europe/Paris,matthew.rivera@hotmail.com,Matthew Rivera,2024-10-26,partner,True,,,8.0,2026-04-24 22:09:13.186774,2026-04-24 22:09:13.186774,Free,free,0.0,0.0,5.0,3.0,1,True,2026-04-24 22:09:13.186774,0.0,False
1713,1115,6,active,annual,2025-02-06,,82.5,0.0,,,2026-04-24 22:09:13.186774,Flow Pro,Real Estate,medium,FR,France,Europe/Paris,matthew.rivera@hotmail.com,Matthew Rivera,2024-10-26,partner,True,,,8.0,2026-04-24 22:09:13.186774,2026-04-24 22:09:13.186774,Enterprise,enterprise,99.0,990.0,500.0,,100,True,2026-04-24 22:09:13.186774,99.0,False
1714,1116,1,active,annual,2023-06-26,,0.0,25.0,,,2026-04-24 22:09:13.186774,Hub Stack,Logistics,medium,CA,Canada,America/Toronto,mary.sanchez@corp.net,Mary Sanchez,2023-06-26,partner,True,,,2.0,2026-04-24 22:09:13.186774,2026-04-24 22:09:13.186774,Free,free,0.0,0.0,5.0,3.0,1,True,2026-04-24 22:09:13.186774,0.0,False
1715,1117,4,active,monthly,2024-10-08,,39.0,0.0,2024-10-22,,2026-04-24 22:09:13.186774,Acme Labs,Healthcare,large,JP,Japan,Asia/Tokyo,matthew.robinson@gmail.com,Matthew Robinson,2024-10-08,referral,True,,,,2026-04-24 22:09:13.186774,2026-04-24 22:09:13.186774,Professional,professional,39.0,390.0,50.0,50.0,25,True,2026-04-24 22:09:13.186774,39.0,False
1716,1118,1,active,monthly,2025-03-12,,0.0,0.0,,,2026-04-24 22:09:13.186774,JadeCloud,Logistics,small,SG,Singapore,Asia/Singapore,jennifer.nguyen@enterprise.com,Jennifer Nguyen,2025-03-12,paid_ads,True,,,,2026-04-24 22:09:13.186774,2026-04-24 22:09:13.186774,Free,free,0.0,0.0,5.0,3.0,1,True,2026-04-24 22:09:13.186774,0.0,False
1717,1119,1,cancelled,annual,2025-05-04,2025-06-06,0.0,0.0,,Company reorganization,2026-04-24 22:09:13.186774,BoltHQ,Manufacturing,small,US,United States,America/New_York,nancy.ivanov@corp.net,Nancy Ivanov,2025-05-04,organic,False,2025-06-06 19:05:13,,2.0,2026-04-24 22:09:13.186774,2026-04-24 22:09:13.186774,Free,free,0.0,0.0,5.0,3.0,1,True,2026-04-24 22:09:13.186774,0.0,True
1718,1120,2,active,annual,2023-01-02,,10.0,0.0,2023-01-16,,2026-04-24 22:09:13.186774,Acme Stack,Manufacturing,small,DE,Germany,Europe/Berlin,kenji.garcia@hotmail.com,Kenji Garcia,2023-01-02,event,True,,,3.0,2026-04-24 22:09:13.186774,2026-04-24 22:09:13.186774,Starter,starter,12.0,120.0,15.0,10.0,5,True,2026-04-24 22:09:13.186774,12.0,False
1719,1121,4,expired,monthly,2023-10-29,2024-03-09,39.0,0.0,2023-11-12,Not using it,2026-04-24 22:09:13.186774,ZealGroup,Media,medium,US,United States,America/New_York,nancy.singh@startup.co,Nancy Singh,2023-10-29,organic,True,,,9.0,2026-04-24 22:09:13.186774,2026-04-24 22:09:13.186774,Professional,professional,39.0,390.0,50.0,50.0,25,True,2026-04-24 22:09:13.186774,39.0,False
1720,1121,7,active,monthly,2024-03-09,,199.0,0.0,,,2026-04-24 22:09:13.186774,ZealGroup,Media,medium,US,United States,America/New_York,nancy.singh@startup.co,Nancy Singh,2023-10-29,organic,True,,,9.0,2026-04-24 22:09:13.186774,2026-04-24 22:09:13.186774,Enterprise Custom,enterprise,199.0,1990.0,,,500,True,2026-04-24 22:09:13.186774,199.0,False
1721,1122,3,expired,annual,2024-06-25,2024-11-10,15.83,0.0,2024-07-09,Missing features,2026-04-24 22:09:13.186774,KiteLogic,Insurance,small,JP,Japan,Asia/Tokyo,joseph.wright@kitelogic.com,Joseph Wright,2024-06-25,referral,True,,,,2026-04-24 22:09:13.186774,2026-04-24 22:09:13.186774,Starter Plus,starter,19.0,190.0,25.0,20.0,10,True,2026-04-24 22:09:13.186774,19.0,False
1722,1122,3,expired,monthly,2024-11-10,2025-05-14,19.0,0.0,,,2026-04-24 22:09:13.186774,KiteLogic,Insurance,small,JP,Japan,Asia/Tokyo,joseph.wright@kitelogic.com,Joseph Wright,2024-06-25,referral,True,,,,2026-04-24 22:09:13.186774,2026-04-24 22:09:13.186774,Starter Plus,starter,19.0,190.0,25.0,20.0,10,True,2026-04-24 22:09:13.186774,19.0,False
1723,1122,5,active,monthly,2025-05-14,,59.0,0.0,,,2026-04-24 22:09:13.186774,KiteLogic,Insurance,small,JP,Japan,Asia/Tokyo,joseph.wright@kitelogic.com,Joseph Wright,2024-06-25,referral,True,,,,2026-04-24 22:09:13.186774,2026-04-24 22:09:13.186774,Professional Plus,professional,59.0,590.0,100.0,100.0,50,True,2026-04-24 22:09:13.186774,59.0,False
1724,1123,2,cancelled,monthly,2025-04-30,2025-06-29,12.0,0.0,2025-05-14,Switched competitor,2026-04-24 22:09:13.186774,IonLabs,Finance,medium,FR,France,Europe/Paris,priya.thompson@tech.dev,Priya Thompson,2025-04-30,referral,True,,,6.0,2026-04-24 22:09:13.186774,2026-04-24 22:09:13.186774,Starter,starter,12.0,120.0,15.0,10.0,5,True,2026-04-24 22:09:13.186774,12.0,False
1725,1123,5,active,monthly,2025-06-29,,59.0,0.0,,,2026-04-24 22:09:13.186774,IonLabs,Finance,medium,FR,France,Europe/Paris,priya.thompson@tech.dev,Priya Thompson,2025-04-30,referral,True,,,6.0,2026-04-24 22:09:13.186774,2026-04-24 22:09:13.186774,Professional Plus,professional,59.0,590.0,100.0,100.0,50,True,2026-04-24 22:09:13.186774,59.0,False
1726,1124,5,active,annual,2024-04-12,,49.17,0.0,2024-04-26,,2026-04-24 22:09:13.186774,KeenStudio,Healthcare,enterprise,CA,Canada,America/Toronto,nancy.perez@outlook.com,Nancy Perez,2024-04-12,referral,True,,,9.0,2026-04-24 22:09:13.186774,2026-04-24 22:09:13.186774,Professional Plus,professional,59.0,590.0,100.0,100.0,50,True,2026-04-24 22:09:13.186774,59.0,False
1727,1125,4,expired,monthly,2024-09-15,2025-06-11,39.0,0.0,2024-09-29,Budget cuts,2026-04-24 22:09:13.186774,SyncLogic,Insurance,small,US,United States,America/Chicago,paul.baker@yahoo.com,Paul Baker,2024-09-15,event,True,,,4.0,2026-04-24 22:09:13.186774,2026-04-24 22:09:13.186774,Professional,professional,39.0,390.0,50.0,50.0,25,True,2026-04-24 22:09:13.186774,39.0,False
1728,1125,3,active,monthly,2025-06-11,,19.0,0.0,,,2026-04-24 22:09:13.186774,SyncLogic,Insurance,small,US,United States,America/Chicago,paul.baker@yahoo.com,Paul Baker,2024-09-15,event,True,,,4.0,2026-04-24 22:09:13.186774,2026-04-24 22:09:13.186774,Starter Plus,starter,19.0,190.0,25.0,20.0,10,True,2026-04-24 22:09:13.186774,19.0,False
1729,1126,2,active,annual,2024-01-11,,10.0,0.0,2024-01-25,,2026-04-24 22:09:13.186774,Echo Works,Media,medium,US,United States,America/Chicago,mark.brown@protonmail.com,Mark Brown,2024-01-11,organic,True,,,9.0,2026-04-24 22:09:13.186774,2026-04-24 22:09:13.186774,Starter,starter,12.0,120.0,15.0,10.0,5,True,2026-04-24 22:09:13.186774,12.0,False
1730,1127,1,active,annual,2025-05-14,,0.0,0.0,,,2026-04-24 22:09:13.186774,RiftCloud,Retail,enterprise,US,United States,America/New_York,charles.ramirez@riftcloud.com,Charles Ramirez,2025-05-14,organic,True,,,0.0,2026-04-24 22:09:13.186774,2026-04-24 22:09:13.186774,Free,free,0.0,0.0,5.0,3.0,1,True,2026-04-24 22:09:13.186774,0.0,False
1731,1128,5,active,monthly,2023-10-13,,59.0,0.0,2023-10-27,,2026-04-24 22:09:13.186774,Zen Platform,Telecommunications,large,IN,India,Asia/Kolkata,anthony.moore@hotmail.com,Anthony Moore,2023-10-13,paid_ads,True,,,4.0,2026-04-24 22:09:13.186774,2026-04-24 22:09:13.186774,Professional Plus,professional,59.0,590.0,100.0,100.0,50,True,2026-04-24 22:09:13.186774,59.0,False
1732,1129,3,active,annual,2024-12-06,,15.83,0.0,2024-12-20,,2026-04-24 22:09:13.186774,JadeGroup,Legal,enterprise,DE,Germany,Europe/Berlin,james.brown@tech.dev,James Brown,2024-12-06,organic,True,,,3.0,2026-04-24 22:09:13.186774,2026-04-24 22:09:13.186774,Starter Plus,starter,19.0,190.0,25.0,20.0,10,True,2026-04-24 22:09:13.186774,19.0,False
1733,1130,4,active,monthly,2025-02-10,,39.0,0.0,2025-02-24,,2026-04-24 22:09:13.186774,EdgeLogic,Media,enterprise,IN,India,Asia/Kolkata,james.walker@tech.dev,James Walker,2025-02-10,organic,True,,,8.0,2026-04-24 22:09:13.186774,2026-04-24 22:09:13.186774,Professional,professional,39.0,390.0,50.0,50.0,25,True,2026-04-24 22:09:13.186774,39.0,False
1734,1131,2,expired,monthly,2024-08-06,2025-06-30,9.6,20.0,2024-08-20,Company reorganization,2026-04-24 22:09:13.186774,Luna Corp,Healthcare,large,US,United States,America/New_York,ahmed.white@lunacorp.com,Ahmed White,2024-08-06,organic,False,2024-10-09 01:25:33,Too expensive,6.0,2026-04-24 22:09:13.186774,2026-04-24 22:09:13.186774,Starter,starter,12.0,120.0,15.0,10.0,5,True,2026-04-24 22:09:13.186774,12.0,True
1735,1131,2,cancelled,annual,2025-06-30,2024-10-09,8.5,15.0,,Budget cuts,2026-04-24 22:09:13.186774,Luna Corp,Healthcare,large,US,United States,America/New_York,ahmed.white@lunacorp.com,Ahmed White,2024-08-06,organic,False,2024-10-09 01:25:33,Too expensive,6.0,2026-04-24 22:09:13.186774,2026-04-24 22:09:13.186774,Starter,starter,12.0,120.0,15.0,10.0,5,True,2026-04-24 22:09:13.186774,12.0,True
1736,1132,2,cancelled,monthly,2023-08-21,2024-04-14,12.0,0.0,2023-09-04,Budget cuts,2026-04-24 22:09:13.186774,Echo Analytics,Telecommunications,large,SG,Singapore,Asia/Singapore,jennifer.allen@company.io,Jennifer Allen,2023-08-21,referral,True,,,8.0,2026-04-24 22:09:13.186774,2026-04-24 22:09:13.186774,Starter,starter,12.0,120.0,15.0,10.0,5,True,2026-04-24 22:09:13.186774,12.0,False
1737,1132,4,expired,monthly,2024-04-14,2024-12-19,39.0,0.0,,Too expensive,2026-04-24 22:09:13.186774,Echo Analytics,Telecommunications,large,SG,Singapore,Asia/Singapore,jennifer.allen@company.io,Jennifer Allen,2023-08-21,referral,True,,,8.0,2026-04-24 22:09:13.186774,2026-04-24 22:09:13.186774,Professional,professional,39.0,390.0,50.0,50.0,25,True,2026-04-24 22:09:13.186774,39.0,False
1738,1132,3,active,monthly,2024-12-19,,19.0,0.0,,,2026-04-24 22:09:13.186774,Echo Analytics,Telecommunications,large,SG,Singapore,Asia/Singapore,jennifer.allen@company.io,Jennifer Allen,2023-08-21,referral,True,,,8.0,2026-04-24 22:09:13.186774,2026-04-24 22:09:13.186774,Starter Plus,starter,19.0,190.0,25.0,20.0,10,True,2026-04-24 22:09:13.186774,19.0,False
1739,1133,3,active,annual,2023-03-26,,15.83,0.0,2023-04-09,,2026-04-24 22:09:13.186774,HubCorp,Healthcare,medium,FR,France,Europe/Paris,steven.martinez@protonmail.com,Steven Martinez,2023-03-26,referral,True,,,,2026-04-24 22:09:13.186774,2026-04-24 22:09:13.186774,Starter Plus,starter,19.0,190.0,25.0,20.0,10,True,2026-04-24 22:09:13.186774,19.0,False
1740,1134,1,active,annual,2023-10-31,,0.0,0.0,,,2026-04-24 22:09:13.186774,CloudAnalytics,Finance,small,JP,Japan,Asia/Tokyo,wei.flores@outlook.com,Wei Flores,2023-10-31,organic,True,,,,2026-04-24 22:09:13.186774,2026-04-24 22:09:13.186774,Free,free,0.0,0.0,5.0,3.0,1,True,2026-04-24 22:09:13.186774,0.0,False
1741,1135,1,expired,monthly,2024-03-21,2025-02-07,0.0,0.0,,Budget cuts,2026-04-24 22:09:13.186774,CoreAnalytics,Telecommunications,enterprise,GB,United Kingdom,Europe/London,lisa.martinez@protonmail.com,Lisa Martinez,2024-03-21,event,False,2025-03-19 10:06:55,Not enough users,3.0,2026-04-24 22:09:13.186774,2026-04-24 22:09:13.186774,Free,free,0.0,0.0,5.0,3.0,1,True,2026-04-24 22:09:13.186774,0.0,True
1742,1135,1,cancelled,monthly,2025-02-07,2025-05-02,0.0,0.0,,Not using it,2026-04-24 22:09:13.186774,CoreAnalytics,Telecommunications,enterprise,GB,United Kingdom,Europe/London,lisa.martinez@protonmail.com,Lisa Martinez,2024-03-21,event,False,2025-03-19 10:06:55,Not enough users,3.0,2026-04-24 22:09:13.186774,2026-04-24 22:09:13.186774,Free,free,0.0,0.0,5.0,3.0,1,True,2026-04-24 22:09:13.186774,0.0,True
1744,1136,2,active,monthly,2023-05-22,,12.0,0.0,2023-06-05,,2026-04-24 22:09:13.186774,TidalDynamics,Media,small,US,United States,America/Los_Angeles,charles.tanaka@protonmail.com,Charles Tanaka,2023-05-22,referral,True,,,2.0,2026-04-24 22:09:13.186774,2026-04-24 22:09:13.186774,Starter,starter,12.0,120.0,15.0,10.0,5,True,2026-04-24 22:09:13.186774,12.0,False
1745,1137,2,expired,monthly,2024-09-06,2024-11-21,10.2,15.0,2024-09-20,Too expensive,2026-04-24 22:09:13.186774,UnitLabs,Media,small,IN,India,Asia/Kolkata,michael.williams@gmail.com,Michael Williams,2024-09-06,referral,False,2025-04-05 10:04:44,Switched to competitor,,2026-04-24 22:09:13.186774,2026-04-24 22:09:13.186774,Starter,starter,12.0,120.0,15.0,10.0,5,True,2026-04-24 22:09:13.186774,12.0,True
1746,1137,5,expired,annual,2024-11-21,2025-05-27,49.17,0.0,,Switched competitor,2026-04-24 22:09:13.186774,UnitLabs,Media,small,IN,India,Asia/Kolkata,michael.williams@gmail.com,Michael Williams,2024-09-06,referral,False,2025-04-05 10:04:44,Switched to competitor,,2026-04-24 22:09:13.186774,2026-04-24 22:09:13.186774,Professional Plus,professional,59.0,590.0,100.0,100.0,50,True,2026-04-24 22:09:13.186774,59.0,True
1747,1137,7,cancelled,monthly,2025-05-27,2025-04-05,199.0,0.0,,Budget cuts,2026-04-24 22:09:13.186774,UnitLabs,Media,small,IN,India,Asia/Kolkata,michael.williams@gmail.com,Michael Williams,2024-09-06,referral,False,2025-04-05 10:04:44,Switched to competitor,,2026-04-24 22:09:13.186774,2026-04-24 22:09:13.186774,Enterprise Custom,enterprise,199.0,1990.0,,,500,True,2026-04-24 22:09:13.186774,199.0,True
1748,1138,1,cancelled,monthly,2023-03-27,2023-08-26,0.0,0.0,,Budget cuts,2026-04-24 22:09:13.186774,Onyx Labs,Manufacturing,large,BR,Brazil,America/Sao_Paulo,nancy.anderson@protonmail.com,Nancy Anderson,2023-03-27,referral,True,,,,2026-04-24 22:09:13.186774,2026-04-24 22:09:13.186774,Free,free,0.0,0.0,5.0,3.0,1,True,2026-04-24 22:09:13.186774,0.0,False
1749,1138,4,active,annual,2023-08-26,,32.5,0.0,,,2026-04-24 22:09:13.186774,Onyx Labs,Manufacturing,large,BR,Brazil,America/Sao_Paulo,nancy.anderson@protonmail.com,Nancy Anderson,2023-03-27,referral,True,,,,2026-04-24 22:09:13.186774,2026-04-24 22:09:13.186774,Professional,professional,39.0,390.0,50.0,50.0,25,True,2026-04-24 22:09:13.186774,39.0,False
1750,1139,2,active,monthly,2024-10-10,,12.0,0.0,2024-10-24,,2026-04-24 22:09:13.186774,Hub Works,E-commerce,enterprise,FR,France,Europe/Paris,barbara.thompson@corp.net,Barbara Thompson,2024-10-10,organic,True,,,7.0,2026-04-24 22:09:13.186774,2026-04-24 22:09:13.186774,Starter,starter,12.0,120.0,15.0,10.0,5,True,2026-04-24 22:09:13.186774,12.0,False
1751,1140,1,active,annual,2024-02-07,,0.0,0.0,,,2026-04-24 22:09:13.186774,WaveNet,Logistics,small,SG,Singapore,Asia/Singapore,mary.anderson@wavenet.com,Mary Anderson,2024-02-07,partner,True,,,,2026-04-24 22:09:13.186774,2026-04-24 22:09:13.186774,Free,free,0.0,0.0,5.0,3.0,1,True,2026-04-24 22:09:13.186774,0.0,False
1752,1141,3,paused,annual,2024-09-18,,15.83,0.0,2024-10-02,,2026-04-24 22:09:13.186774,NovaNet,Healthcare,small,DE,Germany,Europe/Berlin,daniel.rodriguez@novanet.com,Daniel Rodriguez,2024-09-18,referral,True,,,,2026-04-24 22:09:13.186774,2026-04-24 22:09:13.186774,Starter Plus,starter,19.0,190.0,25.0,20.0,10,True,2026-04-24 22:09:13.186774,19.0,False
1753,1142,3,expired,annual,2023-12-15,2024-09-08,14.25,10.0,2023-12-29,Budget cuts,2026-04-24 22:09:13.186774,OrbitStack,Real Estate,medium,US,United States,America/Los_Angeles,paul.thompson@company.io,Paul Thompson,2023-12-15,referral,False,2024-10-20 15:58:38,Budget cuts,0.0,2026-04-24 22:09:13.186774,2026-04-24 22:09:13.186774,Starter Plus,starter,19.0,190.0,25.0,20.0,10,True,2026-04-24 22:09:13.186774,19.0,True
1754,1142,5,cancelled,monthly,2024-09-08,2024-10-20,59.0,0.0,,Missing features,2026-04-24 22:09:13.186774,OrbitStack,Real Estate,medium,US,United States,America/Los_Angeles,paul.thompson@company.io,Paul Thompson,2023-12-15,referral,False,2024-10-20 15:58:38,Budget cuts,0.0,2026-04-24 22:09:13.186774,2026-04-24 22:09:13.186774,Professional Plus,professional,59.0,590.0,100.0,100.0,50,True,2026-04-24 22:09:13.186774,59.0,True
1755,1143,5,active,monthly,2025-03-07,,59.0,0.0,2025-03-21,,2026-04-24 22:09:13.186774,Bolt Logic,Real Estate,medium,JP,Japan,Asia/Tokyo,patricia.jones@enterprise.com,Patricia Jones,2025-03-07,event,True,,,7.0,2026-04-24 22:09:13.186774,2026-04-24 22:09:13.186774,Professional Plus,professional,59.0,590.0,100.0,100.0,50,True,2026-04-24 22:09:13.186774,59.0,False
1756,1144,3,cancelled,annual,2023-03-16,2023-08-26,15.83,0.0,2023-03-30,Budget cuts,2026-04-24 22:09:13.186774,Zen IO,Consulting,medium,US,United States,America/Los_Angeles,Lisa.Lee@company.io,Lisa Lee,2023-03-16,organic,True,,,,2026-04-24 22:09:13.186774,2026-04-24 22:09:13.186774,Starter Plus,starter,19.0,190.0,25.0,20.0,10,True,2026-04-24 22:09:13.186774,19.0,False
1757,1144,4,expired,monthly,2023-08-26,2024-07-10,39.0,0.0,,Budget cuts,2026-04-24 22:09:13.186774,Zen IO,Consulting,medium,US,United States,America/Los_Angeles,Lisa.Lee@company.io,Lisa Lee,2023-03-16,organic,True,,,,2026-04-24 22:09:13.186774,2026-04-24 22:09:13.186774,Professional,professional,39.0,390.0,50.0,50.0,25,True,2026-04-24 22:09:13.186774,39.0,False
1758,1144,5,active,annual,2024-07-10,,49.17,0.0,,,2026-04-24 22:09:13.186774,Zen IO,Consulting,medium,US,United States,America/Los_Angeles,Lisa.Lee@company.io,Lisa Lee,2023-03-16,organic,True,,,,2026-04-24 22:09:13.186774,2026-04-24 22:09:13.186774,Professional Plus,professional,59.0,590.0,100.0,100.0,50,True,2026-04-24 22:09:13.186774,59.0,False
1759,1145,4,active,monthly,2024-08-09,,39.0,0.0,2024-08-23,,2026-04-24 22:09:13.186774,QuarkDigital,Finance,small,US,United States,America/Chicago,sandra.wright@yahoo.com,Sandra Wright,2024-08-09,event,True,,,9.0,2026-04-24 22:09:13.186774,2026-04-24 22:09:13.186774,Professional,professional,39.0,390.0,50.0,50.0,25,True,2026-04-24 22:09:13.186774,39.0,False
1760,1146,3,active,monthly,2025-09-09,,19.0,0.0,2025-09-23,,2026-04-24 22:09:13.186774,Vine AI,Real Estate,small,SG,Singapore,Asia/Singapore,anthony.santos@gmail.com,Anthony Santos,2025-09-09,event,True,,,,2026-04-24 22:09:13.186774,2026-04-24 22:09:13.186774,Starter Plus,starter,19.0,190.0,25.0,20.0,10,True,2026-04-24 22:09:13.186774,19.0,False
1761,1147,3,active,monthly,2023-12-09,,19.0,0.0,2023-12-23,,2026-04-24 22:09:13.186774,Hub Tech,Manufacturing,medium,CA,Canada,America/Toronto,joseph.muller@protonmail.com,Joseph Muller,2023-12-09,referral,True,,,,2026-04-24 22:09:13.186774,2026-04-24 22:09:13.186774,Starter Plus,starter,19.0,190.0,25.0,20.0,10,True,2026-04-24 22:09:13.186774,19.0,False
1762,1148,2,active,monthly,2025-02-28,,12.0,0.0,2025-03-14,,2026-04-24 22:09:13.186774,KeenDynamics,Media,medium,IN,India,Asia/Kolkata,ana.torres@corp.net,Ana Torres,2025-02-28,partner,True,,,2.0,2026-04-24 22:09:13.186774,2026-04-24 22:09:13.186774,Starter,starter,12.0,120.0,15.0,10.0,5,True,2026-04-24 22:09:13.186774,12.0,False
1763,1149,1,active,monthly,2024-04-18,,0.0,0.0,,,2026-04-24 22:09:13.186774,ArcOps,Finance,enterprise,US,United States,America/New_York,carlos.martinez@arcops.com,Carlos Martinez,2024-04-18,paid_ads,True,,,,2026-04-24 22:09:13.186774,2026-04-24 22:09:13.186774,Free,free,0.0,0.0,5.0,3.0,1,True,2026-04-24 22:09:13.186774,0.0,False
1764,1150,2,expired,monthly,2025-03-25,2025-08-06,10.2,15.0,2025-04-08,Budget cuts,2026-04-24 22:09:13.186774,Wave Solutions,E-commerce,large,JP,Japan,Asia/Tokyo,james.lopez@wavesolutions.com,James Lopez,2025-03-25,referral,True,,,,2026-04-24 22:09:13.186774,2026-04-24 22:09:13.186774,Starter,starter,12.0,120.0,15.0,10.0,5,True,2026-04-24 22:09:13.186774,12.0,False
1765,1150,2,cancelled,monthly,2025-08-06,2025-10-08,10.2,15.0,,Not using it,2026-04-24 22:09:13.186774,Wave Solutions,E-commerce,large,JP,Japan,Asia/Tokyo,james.lopez@wavesolutions.com,James Lopez,2025-03-25,referral,True,,,,2026-04-24 22:09:13.186774,2026-04-24 22:09:13.186774,Starter,starter,12.0,120.0,15.0,10.0,5,True,2026-04-24 22:09:13.186774,12.0,False
1766,1150,6,active,monthly,2025-10-08,,99.0,0.0,,,2026-04-24 22:09:13.186774,Wave Solutions,E-commerce,large,JP,Japan,Asia/Tokyo,james.lopez@wavesolutions.com,James Lopez,2025-03-25,referral,True,,,,2026-04-24 22:09:13.186774,2026-04-24 22:09:13.186774,Enterprise,enterprise,99.0,990.0,500.0,,100,True,2026-04-24 22:09:13.186774,99.0,False
1767,1151,2,active,monthly,2023-04-25,,12.0,0.0,2023-05-09,,2026-04-24 22:09:13.186774,WaveDev,Media,medium,CA,Canada,America/Toronto,olga.smith@wavedev.com,Olga Smith,2023-04-25,referral,True,,,7.0,2026-04-24 22:09:13.186774,2026-04-24 22:09:13.186774,Starter,starter,12.0,120.0,15.0,10.0,5,True,2026-04-24 22:09:13.186774,12.0,False
1768,1152,2,active,monthly,2023-02-15,,12.0,0.0,2023-03-01,,2026-04-24 22:09:13.186774,UnitVentures,Real Estate,large,CA,Canada,America/Toronto,carlos.walker@startup.co,Carlos Walker,2023-02-15,organic,True,,,,2026-04-24 22:09:13.186774,2026-04-24 22:09:13.186774,Starter,starter,12.0,120.0,15.0,10.0,5,True,2026-04-24 22:09:13.186774,12.0,False
1769,1153,1,cancelled,monthly,2024-11-04,2025-06-21,0.0,0.0,,,2026-04-24 22:09:13.186774,MistDigital,Real Estate,medium,US,United States,America/Los_Angeles,hassan.allen@protonmail.com,Hassan Allen,2024-11-04,paid_ads,False,2025-06-21 14:01:20,No longer needed,5.0,2026-04-24 22:09:13.186774,2026-04-24 22:09:13.186774,Free,free,0.0,0.0,5.0,3.0,1,True,2026-04-24 22:09:13.186774,0.0,True
1770,1154,2,active,monthly,2023-04-01,,12.0,0.0,2023-04-15,,2026-04-24 22:09:13.186774,Nova Group,Education,medium,US,United States,America/Los_Angeles,aisha.santos@novagroup.com,Aisha Santos,2023-04-01,partner,True,,,6.0,2026-04-24 22:09:13.186774,2026-04-24 22:09:13.186774,Starter,starter,12.0,120.0,15.0,10.0,5,True,2026-04-24 22:09:13.186774,12.0,False
1771,1155,3,cancelled,annual,2024-12-28,2025-01-30,15.83,0.0,2025-01-11,Not using it,2026-04-24 22:09:13.186774,UnitDigital,Retail,medium,FR,France,Europe/Paris,linda.jones@company.io,Linda Jones,2024-12-28,organic,False,2025-01-30 23:08:39,,4.0,2026-04-24 22:09:13.186774,2026-04-24 22:09:13.186774,Starter Plus,starter,19.0,190.0,25.0,20.0,10,True,2026-04-24 22:09:13.186774,19.0,True
1772,1156,1,active,monthly,2023-02-12,,0.0,0.0,,,2026-04-24 22:09:13.186774,Ion Digital,Legal,medium,CA,Canada,America/Toronto,daniel.rodriguez@company.io,Daniel Rodriguez,2023-02-12,referral,True,,,,2026-04-24 22:09:13.186774,2026-04-24 22:09:13.186774,Free,free,0.0,0.0,5.0,3.0,1,True,2026-04-24 22:09:13.186774,0.0,False
1773,1157,6,active,monthly,2024-02-12,,99.0,0.0,2024-02-26,,2026-04-24 22:09:13.186774,AcmeOps,Technology,small,FR,France,Europe/Paris,mei.hill@enterprise.com,Mei Hill,2024-02-12,paid_ads,True,,,8.0,2026-04-24 22:09:13.186774,2026-04-24 22:09:13.186774,Enterprise,enterprise,99.0,990.0,500.0,,100,True,2026-04-24 22:09:13.186774,99.0,False
1774,1158,4,cancelled,annual,2024-01-23,2024-06-28,32.5,0.0,2024-02-06,Budget cuts,2026-04-24 22:09:13.186774,ZealTech,Logistics,small,BR,Brazil,America/Sao_Paulo,jennifer.clark@outlook.com,Jennifer Clark,2024-01-23,partner,True,,,10.0,2026-04-24 22:09:13.186774,2026-04-24 22:09:13.186774,Professional,professional,39.0,390.0,50.0,50.0,25,True,2026-04-24 22:09:13.186774,39.0,False
1775,1158,4,active,annual,2024-06-28,,29.25,10.0,,,2026-04-24 22:09:13.186774,ZealTech,Logistics,small,BR,Brazil,America/Sao_Paulo,jennifer.clark@outlook.com,Jennifer Clark,2024-01-23,partner,True,,,10.0,2026-04-24 22:09:13.186774,2026-04-24 22:09:13.186774,Professional,professional,39.0,390.0,50.0,50.0,25,True,2026-04-24 22:09:13.186774,39.0,False
1776,1159,2,cancelled,monthly,2023-07-27,2024-01-24,12.0,0.0,2023-08-10,Too expensive,2026-04-24 22:09:13.186774,Vine Dynamics,Retail,small,US,United States,America/Chicago,donna.harris@outlook.com,Donna Harris,2023-07-27,organic,True,,,0.0,2026-04-24 22:09:13.186774,2026-04-24 22:09:13.186774,Starter,starter,12.0,120.0,15.0,10.0,5,True,2026-04-24 22:09:13.186774,12.0,False
1777,1159,3,active,annual,2024-01-24,,12.67,20.0,,,2026-04-24 22:09:13.186774,Vine Dynamics,Retail,small,US,United States,America/Chicago,donna.harris@outlook.com,Donna Harris,2023-07-27,organic,True,,,0.0,2026-04-24 22:09:13.186774,2026-04-24 22:09:13.186774,Starter Plus,starter,19.0,190.0,25.0,20.0,10,True,2026-04-24 22:09:13.186774,19.0,False
1778,1160,5,paused,annual,2025-02-20,,49.17,0.0,2025-03-06,,2026-04-24 22:09:13.186774,Zen Digital,Healthcare,medium,JP,Japan,Asia/Tokyo,hassan.sanchez@corp.net,Hassan Sanchez,2025-02-20,organic,True,,,1.0,2026-04-24 22:09:13.186774,2026-04-24 22:09:13.186774,Professional Plus,professional,59.0,590.0,100.0,100.0,50,True,2026-04-24 22:09:13.186774,59.0,False
1779,1161,5,cancelled,monthly,2024-01-21,2024-07-16,59.0,0.0,2024-02-04,Switched competitor,2026-04-24 22:09:13.186774,ZenSoftware,Real Estate,enterprise,GB,United Kingdom,Europe/London,yuki.anderson@protonmail.com,Yuki Anderson,2024-01-21,organic,False,2024-07-16 09:37:13,No longer needed,,2026-04-24 22:09:13.186774,2026-04-24 22:09:13.186774,Professional Plus,professional,59.0,590.0,100.0,100.0,50,True,2026-04-24 22:09:13.186774,59.0,True
1780,1162,4,cancelled,annual,2023-09-30,2024-03-20,32.5,0.0,2023-10-14,Too expensive,2026-04-24 22:09:13.186774,Jet Analytics,E-commerce,enterprise,AU,Australia,Australia/Sydney,wei.rodriguez@tech.dev,Wei Rodriguez,2023-09-30,organic,True,,,7.0,2026-04-24 22:09:13.186774,2026-04-24 22:09:13.186774,Professional,professional,39.0,390.0,50.0,50.0,25,True,2026-04-24 22:09:13.186774,39.0,False
1781,1162,5,cancelled,monthly,2024-03-20,2024-12-15,44.25,25.0,,Missing features,2026-04-24 22:09:13.186774,Jet Analytics,E-commerce,enterprise,AU,Australia,Australia/Sydney,wei.rodriguez@tech.dev,Wei Rodriguez,2023-09-30,organic,True,,,7.0,2026-04-24 22:09:13.186774,2026-04-24 22:09:13.186774,Professional Plus,professional,59.0,590.0,100.0,100.0,50,True,2026-04-24 22:09:13.186774,59.0,False
1782,1162,3,active,annual,2024-12-15,,14.25,10.0,,,2026-04-24 22:09:13.186774,Jet Analytics,E-commerce,enterprise,AU,Australia,Australia/Sydney,wei.rodriguez@tech.dev,Wei Rodriguez,2023-09-30,organic,True,,,7.0,2026-04-24 22:09:13.186774,2026-04-24 22:09:13.186774,Starter Plus,starter,19.0,190.0,25.0,20.0,10,True,2026-04-24 22:09:13.186774,19.0,False
1783,1163,4,active,monthly,2025-07-18,,39.0,0.0,2025-08-01,,2026-04-24 22:09:13.186774,IrisPro,Real Estate,large,BR,Brazil,America/Sao_Paulo,michael.chen@hotmail.com,Michael Chen,2025-07-18,organic,True,,,8.0,2026-04-24 22:09:13.186774,2026-04-24 22:09:13.186774,Professional,professional,39.0,390.0,50.0,50.0,25,True,2026-04-24 22:09:13.186774,39.0,False
1784,1164,2,active,monthly,2024-01-09,,10.8,10.0,2024-01-23,,2026-04-24 22:09:13.186774,Vertex Platform,Telecommunications,small,FR,France,Europe/Paris,christopher.robinson@company.io,Christopher Robinson,2024-01-09,partner,True,,,6.0,2026-04-24 22:09:13.186774,2026-04-24 22:09:13.186774,Starter,starter,12.0,120.0,15.0,10.0,5,True,2026-04-24 22:09:13.186774,12.0,False
1785,1165,2,active,annual,2024-04-23,,10.0,0.0,2024-05-07,,2026-04-24 22:09:13.186774,Flow Net,Retail,small,SG,Singapore,Asia/Singapore,dorothy.young@protonmail.com,Dorothy Young,2024-04-23,event,True,,,8.0,2026-04-24 22:09:13.186774,2026-04-24 22:09:13.186774,Starter,starter,12.0,120.0,15.0,10.0,5,True,2026-04-24 22:09:13.186774,12.0,False
1786,1166,1,active,monthly,2024-01-05,,0.0,0.0,,,2026-04-24 22:09:13.186774,FluxWorks,Manufacturing,medium,FR,France,Europe/Paris,olga.tanaka@company.io,Olga Tanaka,2024-01-05,event,True,,,8.0,2026-04-24 22:09:13.186774,2026-04-24 22:09:13.186774,Free,free,0.0,0.0,5.0,3.0,1,True,2026-04-24 22:09:13.186774,0.0,False
1787,1167,2,active,monthly,2025-04-14,,12.0,0.0,2025-04-28,,2026-04-24 22:09:13.186774,XenonLabs,Telecommunications,small,BR,Brazil,America/Sao_Paulo,lisa.santos@protonmail.com,Lisa Santos,2025-04-14,paid_ads,True,,,,2026-04-24 22:09:13.186774,2026-04-24 22:09:13.186774,Starter,starter,12.0,120.0,15.0,10.0,5,True,2026-04-24 22:09:13.186774,12.0,False
1788,1168,3,expired,annual,2025-01-04,2025-05-30,15.83,0.0,2025-01-18,,2026-04-24 22:09:13.186774,ZenCloud,Finance,small,GB,United Kingdom,Europe/London,james.robinson@hotmail.com,James Robinson,2025-01-04,referral,True,,,5.0,2026-04-24 22:09:13.186774,2026-04-24 22:09:13.186774,Starter Plus,starter,19.0,190.0,25.0,20.0,10,True,2026-04-24 22:09:13.186774,19.0,False
1789,1168,4,active,monthly,2025-05-30,,39.0,0.0,,,2026-04-24 22:09:13.186774,ZenCloud,Finance,small,GB,United Kingdom,Europe/London,james.robinson@hotmail.com,James Robinson,2025-01-04,referral,True,,,5.0,2026-04-24 22:09:13.186774,2026-04-24 22:09:13.186774,Professional,professional,39.0,390.0,50.0,50.0,25,True,2026-04-24 22:09:13.186774,39.0,False
1790,1169,2,active,monthly,2023-11-05,,12.0,0.0,2023-11-19,,2026-04-24 22:09:13.186774,SyncAI,Education,large,JP,Japan,Asia/Tokyo,emily.gonzalez@startup.co,Emily Gonzalez,2023-11-05,partner,True,,,,2026-04-24 22:09:13.186774,2026-04-24 22:09:13.186774,Starter,starter,12.0,120.0,15.0,10.0,5,True,2026-04-24 22:09:13.186774,12.0,False
1791,1170,3,cancelled,monthly,2023-05-26,2023-11-13,19.0,0.0,2023-06-09,Switched competitor,2026-04-24 22:09:13.186774,Rift Labs,Technology,medium,SG,Singapore,Asia/Singapore,fatima.patel@company.io,Fatima Patel,2023-05-26,referral,True,,,9.0,2026-04-24 22:09:13.186774,2026-04-24 22:09:13.186774,Starter Plus,starter,19.0,190.0,25.0,20.0,10,True,2026-04-24 22:09:13.186774,19.0,False
1792,1170,3,expired,annual,2023-11-13,2024-09-13,15.83,0.0,,,2026-04-24 22:09:13.186774,Rift Labs,Technology,medium,SG,Singapore,Asia/Singapore,fatima.patel@company.io,Fatima Patel,2023-05-26,referral,True,,,9.0,2026-04-24 22:09:13.186774,2026-04-24 22:09:13.186774,Starter Plus,starter,19.0,190.0,25.0,20.0,10,True,2026-04-24 22:09:13.186774,19.0,False
1793,1170,4,active,annual,2024-09-13,,32.5,0.0,,,2026-04-24 22:09:13.186774,Rift Labs,Technology,medium,SG,Singapore,Asia/Singapore,fatima.patel@company.io,Fatima Patel,2023-05-26,referral,True,,,9.0,2026-04-24 22:09:13.186774,2026-04-24 22:09:13.186774,Professional,professional,39.0,390.0,50.0,50.0,25,True,2026-04-24 22:09:13.186774,39.0,False
1794,1171,1,active,monthly,2023-09-23,,0.0,0.0,,,2026-04-24 22:09:13.186774,Kite Software,Marketing,enterprise,SG,Singapore,Asia/Singapore,sarah.chen@tech.dev,Sarah Chen,2023-09-23,referral,True,,,,2026-04-24 22:09:13.186774,2026-04-24 22:09:13.186774,Free,free,0.0,0.0,5.0,3.0,1,True,2026-04-24 22:09:13.186774,0.0,False
1795,1172,4,active,annual,2024-08-14,,32.5,0.0,2024-08-28,,2026-04-24 22:09:13.186774,RiftLabs,Manufacturing,enterprise,IN,India,Asia/Kolkata,ahmed.ivanov@enterprise.com,Ahmed Ivanov,2024-08-14,organic,True,,,,2026-04-24 22:09:13.186774,2026-04-24 22:09:13.186774,Professional,professional,39.0,390.0,50.0,50.0,25,True,2026-04-24 22:09:13.186774,39.0,False
1796,1173,5,active,monthly,2025-08-16,,59.0,0.0,2025-08-30,,2026-04-24 22:09:13.186774,PeakAI,Logistics,large,IN,India,Asia/Kolkata,sofia.martinez@peakai.com,Sofia Martinez,2025-08-16,organic,True,,,,2026-04-24 22:09:13.186774,2026-04-24 22:09:13.186774,Professional Plus,professional,59.0,590.0,100.0,100.0,50,True,2026-04-24 22:09:13.186774,59.0,False
1797,1174,1,expired,monthly,2023-05-07,2023-09-01,0.0,25.0,,Budget cuts,2026-04-24 22:09:13.186774,TidalSolutions,Logistics,enterprise,GB,United Kingdom,Europe/London,Linda.Ramirez@corp.net,Linda Ramirez,2023-05-07,referral,True,,,7.0,2026-04-24 22:09:13.186774,2026-04-24 22:09:13.186774,Free,free,0.0,0.0,5.0,3.0,1,True,2026-04-24 22:09:13.186774,0.0,False
1798,1174,4,expired,annual,2023-09-01,2024-01-16,32.5,0.0,,Budget cuts,2026-04-24 22:09:13.186774,TidalSolutions,Logistics,enterprise,GB,United Kingdom,Europe/London,Linda.Ramirez@corp.net,Linda Ramirez,2023-05-07,referral,True,,,7.0,2026-04-24 22:09:13.186774,2026-04-24 22:09:13.186774,Professional,professional,39.0,390.0,50.0,50.0,25,True,2026-04-24 22:09:13.186774,39.0,False
1799,1174,6,active,annual,2024-01-16,,82.5,0.0,,,2026-04-24 22:09:13.186774,TidalSolutions,Logistics,enterprise,GB,United Kingdom,Europe/London,Linda.Ramirez@corp.net,Linda Ramirez,2023-05-07,referral,True,,,7.0,2026-04-24 22:09:13.186774,2026-04-24 22:09:13.186774,Enterprise,enterprise,99.0,990.0,500.0,,100,True,2026-04-24 22:09:13.186774,99.0,False
1800,1175,1,cancelled,annual,2023-07-10,2024-06-19,0.0,0.0,,Too expensive,2026-04-24 22:09:13.186774,Nexus Studio,Marketing,large,US,United States,America/Los_Angeles,dorothy.singh@gmail.com,Dorothy Singh,2023-07-10,referral,True,,,,2026-04-24 22:09:13.186774,2026-04-24 22:09:13.186774,Free,free,0.0,0.0,5.0,3.0,1,True,2026-04-24 22:09:13.186774,0.0,False
1801,1175,3,cancelled,annual,2024-06-19,2025-02-01,15.83,0.0,,Too expensive,2026-04-24 22:09:13.186774,Nexus Studio,Marketing,large,US,United States,America/Los_Angeles,dorothy.singh@gmail.com,Dorothy Singh,2023-07-10,referral,True,,,,2026-04-24 22:09:13.186774,2026-04-24 22:09:13.186774,Starter Plus,starter,19.0,190.0,25.0,20.0,10,True,2026-04-24 22:09:13.186774,19.0,False
1802,1175,7,active,monthly,2025-02-01,,199.0,0.0,,,2026-04-24 22:09:13.186774,Nexus Studio,Marketing,large,US,United States,America/Los_Angeles,dorothy.singh@gmail.com,Dorothy Singh,2023-07-10,referral,True,,,,2026-04-24 22:09:13.186774,2026-04-24 22:09:13.186774,Enterprise Custom,enterprise,199.0,1990.0,,,500,True,2026-04-24 22:09:13.186774,199.0,False
1803,1176,1,expired,monthly,2025-02-28,2025-05-03,0.0,0.0,,,2026-04-24 22:09:13.186774,Xenon Group,Marketing,enterprise,SG,Singapore,Asia/Singapore,fatima.wilson@yahoo.com,Fatima Wilson,2025-02-28,paid_ads,True,,,8.0,2026-04-24 22:09:13.186774,2026-04-24 22:09:13.186774,Free,free,0.0,0.0,5.0,3.0,1,True,2026-04-24 22:09:13.186774,0.0,False
1804,1176,1,cancelled,annual,2025-05-03,2025-09-12,0.0,0.0,,Too expensive,2026-04-24 22:09:13.186774,Xenon Group,Marketing,enterprise,SG,Singapore,Asia/Singapore,fatima.wilson@yahoo.com,Fatima Wilson,2025-02-28,paid_ads,True,,,8.0,2026-04-24 22:09:13.186774,2026-04-24 22:09:13.186774,Free,free,0.0,0.0,5.0,3.0,1,True,2026-04-24 22:09:13.186774,0.0,False
1805,1176,5,active,annual,2025-09-12,,49.17,0.0,,,2026-04-24 22:09:13.186774,Xenon Group,Marketing,enterprise,SG,Singapore,Asia/Singapore,fatima.wilson@yahoo.com,Fatima Wilson,2025-02-28,paid_ads,True,,,8.0,2026-04-24 22:09:13.186774,2026-04-24 22:09:13.186774,Professional Plus,professional,59.0,590.0,100.0,100.0,50,True,2026-04-24 22:09:13.186774,59.0,False
1806,1177,1,expired,annual,2024-03-09,2024-06-03,0.0,0.0,,,2026-04-24 22:09:13.186774,AcmeCloud,Consulting,large,FR,France,Europe/Paris,dmitri.muller@acmecloud.com,Dmitri Muller,2024-03-09,referral,True,,,10.0,2026-04-24 22:09:13.186774,2026-04-24 22:09:13.186774,Free,free,0.0,0.0,5.0,3.0,1,True,2026-04-24 22:09:13.186774,0.0,False
1807,1177,3,expired,annual,2024-06-03,2025-03-17,15.83,0.0,,Missing features,2026-04-24 22:09:13.186774,AcmeCloud,Consulting,large,FR,France,Europe/Paris,dmitri.muller@acmecloud.com,Dmitri Muller,2024-03-09,referral,True,,,10.0,2026-04-24 22:09:13.186774,2026-04-24 22:09:13.186774,Starter Plus,starter,19.0,190.0,25.0,20.0,10,True,2026-04-24 22:09:13.186774,19.0,False
1808,1177,6,active,annual,2025-03-17,,82.5,0.0,,,2026-04-24 22:09:13.186774,AcmeCloud,Consulting,large,FR,France,Europe/Paris,dmitri.muller@acmecloud.com,Dmitri Muller,2024-03-09,referral,True,,,10.0,2026-04-24 22:09:13.186774,2026-04-24 22:09:13.186774,Enterprise,enterprise,99.0,990.0,500.0,,100,True,2026-04-24 22:09:13.186774,99.0,False
1809,1178,1,cancelled,monthly,2025-04-06,2025-10-18,0.0,20.0,,Company reorganization,2026-04-24 22:09:13.186774,ZenTech,Media,medium,US,United States,America/New_York,steven.lopez@outlook.com,Steven Lopez,2025-04-06,referral,False,2025-10-18 17:47:07,Missing features,0.0,2026-04-24 22:09:13.186774,2026-04-24 22:09:13.186774,Free,free,0.0,0.0,5.0,3.0,1,True,2026-04-24 22:09:13.186774,0.0,True
1810,1179,2,expired,annual,2025-09-13,2025-11-13,9.0,10.0,2025-09-27,Switched competitor,2026-04-24 22:09:13.186774,HubDigital,Marketing,large,JP,Japan,Asia/Tokyo,joseph.scott@yahoo.com,Joseph Scott,2025-09-13,organic,True,,,,2026-04-24 22:09:13.186774,2026-04-24 22:09:13.186774,Starter,starter,12.0,120.0,15.0,10.0,5,True,2026-04-24 22:09:13.186774,12.0,False
1811,1179,5,active,monthly,2025-11-13,,59.0,0.0,,,2026-04-24 22:09:13.186774,HubDigital,Marketing,large,JP,Japan,Asia/Tokyo,joseph.scott@yahoo.com,Joseph Scott,2025-09-13,organic,True,,,,2026-04-24 22:09:13.186774,2026-04-24 22:09:13.186774,Professional Plus,professional,59.0,590.0,100.0,100.0,50,True,2026-04-24 22:09:13.186774,59.0,False
1812,1180,1,active,monthly,2025-07-30,,0.0,0.0,,,2026-04-24 22:09:13.186774,Core Hub,Education,small,US,United States,America/Los_Angeles,susan.wilson@yahoo.com,Susan Wilson,2025-07-30,event,True,,,3.0,2026-04-24 22:09:13.186774,2026-04-24 22:09:13.186774,Free,free,0.0,0.0,5.0,3.0,1,True,2026-04-24 22:09:13.186774,0.0,False
1813,1181,2,cancelled,annual,2024-01-22,2025-06-14,10.0,0.0,2024-02-05,Not using it,2026-04-24 22:09:13.186774,QuestPro,Legal,enterprise,SG,Singapore,Asia/Singapore,fatima.green@company.io,Fatima Green,2024-01-22,organic,False,2025-06-14 23:05:43,Company closed,5.0,2026-04-24 22:09:13.186774,2026-04-24 22:09:13.186774,Starter,starter,12.0,120.0,15.0,10.0,5,True,2026-04-24 22:09:13.186774,12.0,True
1814,1182,2,cancelled,monthly,2023-11-28,2024-06-23,12.0,0.0,2023-12-12,Company reorganization,2026-04-24 22:09:13.186774,RushSystems,Technology,medium,SG,Singapore,Asia/Singapore,charles.anderson@outlook.com,Charles Anderson,2023-11-28,organic,False,2025-05-23 15:07:49,Switched to competitor,2.0,2026-04-24 22:09:13.186774,2026-04-24 22:09:13.186774,Starter,starter,12.0,120.0,15.0,10.0,5,True,2026-04-24 22:09:13.186774,12.0,True
1815,1182,2,cancelled,annual,2024-06-23,2025-05-23,8.5,15.0,,Too expensive,2026-04-24 22:09:13.186774,RushSystems,Technology,medium,SG,Singapore,Asia/Singapore,charles.anderson@outlook.com,Charles Anderson,2023-11-28,organic,False,2025-05-23 15:07:49,Switched to competitor,2.0,2026-04-24 22:09:13.186774,2026-04-24 22:09:13.186774,Starter,starter,12.0,120.0,15.0,10.0,5,True,2026-04-24 22:09:13.186774,12.0,True
1816,1183,5,active,annual,2023-11-18,,44.25,10.0,2023-12-02,,2026-04-24 22:09:13.186774,QuestAI,Education,large,AU,Australia,Australia/Sydney,joseph.torres@company.io,Joseph Torres,2023-11-18,organic,True,,,,2026-04-24 22:09:13.186774,2026-04-24 22:09:13.186774,Professional Plus,professional,59.0,590.0,100.0,100.0,50,True,2026-04-24 22:09:13.186774,59.0,False
1817,1184,2,active,annual,2024-08-02,,8.0,20.0,2024-08-16,,2026-04-24 22:09:13.186774,Edge Solutions,Telecommunications,large,SG,Singapore,Asia/Singapore,robert.white@edgesolutions.com,Robert White,2024-08-02,organic,True,,,,2026-04-24 22:09:13.186774,2026-04-24 22:09:13.186774,Starter,starter,12.0,120.0,15.0,10.0,5,True,2026-04-24 22:09:13.186774,12.0,False
1818,1185,3,active,annual,2025-06-06,,15.83,0.0,2025-06-20,,2026-04-24 22:09:13.186774,LunaAI,Technology,enterprise,US,United States,America/Los_Angeles,mary.taylor@lunaai.com,Mary Taylor,2025-06-06,referral,True,,,9.0,2026-04-24 22:09:13.186774,2026-04-24 22:09:13.186774,Starter Plus,starter,19.0,190.0,25.0,20.0,10,True,2026-04-24 22:09:13.186774,19.0,False
1819,1186,3,active,monthly,2024-08-02,,19.0,0.0,2024-08-16,,2026-04-24 22:09:13.186774,Meta Ventures,E-commerce,enterprise,FR,France,Europe/Paris,margaret.flores@enterprise.com,Margaret Flores,2024-08-02,organic,True,,,2.0,2026-04-24 22:09:13.186774,2026-04-24 22:09:13.186774,Starter Plus,starter,19.0,190.0,25.0,20.0,10,True,2026-04-24 22:09:13.186774,19.0,False
1820,1187,3,cancelled,annual,2024-07-01,2024-09-17,15.83,0.0,2024-07-15,Too expensive,2026-04-24 22:09:13.186774,Mist Hub,Finance,small,CA,Canada,America/Toronto,raj.harris+nimbus@corp.net,Raj Harris,2024-07-01,organic,True,,,,2026-04-24 22:09:13.186774,2026-04-24 22:09:13.186774,Starter Plus,starter,19.0,190.0,25.0,20.0,10,True,2026-04-24 22:09:13.186774,19.0,False
1821,1187,2,active,annual,2024-09-17,,10.0,0.0,,,2026-04-24 22:09:13.186774,Mist Hub,Finance,small,CA,Canada,America/Toronto,raj.harris+nimbus@corp.net,Raj Harris,2024-07-01,organic,True,,,,2026-04-24 22:09:13.186774,2026-04-24 22:09:13.186774,Starter,starter,12.0,120.0,15.0,10.0,5,True,2026-04-24 22:09:13.186774,12.0,False
1822,1188,3,cancelled,monthly,2024-09-09,2025-08-04,19.0,0.0,2024-09-23,,2026-04-24 22:09:13.186774,WavePlatform,Telecommunications,small,SG,Singapore,Asia/Singapore,fatima.torres@protonmail.com,Fatima Torres,2024-09-09,organic,False,2025-08-04 00:34:44,Budget cuts,1.0,2026-04-24 22:09:13.186774,2026-04-24 22:09:13.186774,Starter Plus,starter,19.0,190.0,25.0,20.0,10,True,2026-04-24 22:09:13.186774,19.0,True
1823,1189,5,active,monthly,2023-10-17,,59.0,0.0,2023-10-31,,2026-04-24 22:09:13.186774,Cloud Solutions,Healthcare,medium,US,United States,America/Chicago,Daniel.Santos@startup.co,Daniel Santos,2023-10-17,referral,True,,,10.0,2026-04-24 22:09:13.186774,2026-04-24 22:09:13.186774,Professional Plus,professional,59.0,590.0,100.0,100.0,50,True,2026-04-24 22:09:13.186774,59.0,False
1824,1190,6,active,annual,2024-08-09,,74.25,10.0,2024-08-23,,2026-04-24 22:09:13.186774,Ion Corp,Media,medium,AU,Australia,Australia/Sydney,karen.martin@enterprise.com,Karen Martin,2024-08-09,referral,True,,,6.0,2026-04-24 22:09:13.186774,2026-04-24 22:09:13.186774,Enterprise,enterprise,99.0,990.0,500.0,,100,True,2026-04-24 22:09:13.186774,99.0,False
1825,1191,2,active,annual,2025-09-12,,8.5,15.0,2025-09-26,,2026-04-24 22:09:13.186774,WaveWorks,Consulting,small,US,United States,America/New_York,emily.chen@startup.co,Emily Chen,2025-09-12,organic,True,,,10.0,2026-04-24 22:09:13.186774,2026-04-24 22:09:13.186774,Starter,starter,12.0,120.0,15.0,10.0,5,True,2026-04-24 22:09:13.186774,12.0,False
1826,1192,2,active,monthly,2023-08-29,,12.0,0.0,2023-09-12,,2026-04-24 22:09:13.186774,LinkHQ,Finance,small,IN,India,Asia/Kolkata,linda.hernandez@hotmail.com,Linda Hernandez,2023-08-29,event,True,,,,2026-04-24 22:09:13.186774,2026-04-24 22:09:13.186774,Starter,starter,12.0,120.0,15.0,10.0,5,True,2026-04-24 22:09:13.186774,12.0,False
1827,1193,1,cancelled,monthly,2025-06-14,2025-10-23,0.0,0.0,,Missing features,2026-04-24 22:09:13.186774,KeenHub,Manufacturing,small,DE,Germany,Europe/Berlin,anthony.nelson@company.io,Anthony Nelson,2025-06-14,partner,True,,,,2026-04-24 22:09:13.186774,2026-04-24 22:09:13.186774,Free,free,0.0,0.0,5.0,3.0,1,True,2026-04-24 22:09:13.186774,0.0,False
1828,1193,3,active,annual,2025-10-23,,15.83,0.0,,,2026-04-24 22:09:13.186774,KeenHub,Manufacturing,small,DE,Germany,Europe/Berlin,anthony.nelson@company.io,Anthony Nelson,2025-06-14,partner,True,,,,2026-04-24 22:09:13.186774,2026-04-24 22:09:13.186774,Starter Plus,starter,19.0,190.0,25.0,20.0,10,True,2026-04-24 22:09:13.186774,19.0,False
1829,1194,2,active,monthly,2025-08-25,,12.0,0.0,2025-09-08,,2026-04-24 22:09:13.186774,Edge Cloud,Real Estate,small,AU,Australia,Australia/Sydney,andrew.hill@hotmail.com,Andrew Hill,2025-08-25,partner,True,,,7.0,2026-04-24 22:09:13.186774,2026-04-24 22:09:13.186774,Starter,starter,12.0,120.0,15.0,10.0,5,True,2026-04-24 22:09:13.186774,12.0,False
1830,1195,1,active,annual,2024-06-29,,0.0,0.0,,,2026-04-24 22:09:13.186774,Link Works,Media,medium,US,United States,America/Los_Angeles,joshua.patel@corp.net,Joshua Patel,2024-06-29,event,True,,,,2026-04-24 22:09:13.186774,2026-04-24 22:09:13.186774,Free,free,0.0,0.0,5.0,3.0,1,True,2026-04-24 22:09:13.186774,0.0,False
1831,1196,1,cancelled,annual,2023-11-05,2024-06-04,0.0,0.0,,Not using it,2026-04-24 22:09:13.186774,Acme Hub,Real Estate,medium,US,United States,America/Los_Angeles,patricia.hall@gmail.com,Patricia Hall,2023-11-05,organic,True,,,5.0,2026-04-24 22:09:13.186774,2026-04-24 22:09:13.186774,Free,free,0.0,0.0,5.0,3.0,1,True,2026-04-24 22:09:13.186774,0.0,False
1832,1196,5,active,monthly,2024-06-04,,59.0,0.0,,,2026-04-24 22:09:13.186774,Acme Hub,Real Estate,medium,US,United States,America/Los_Angeles,patricia.hall@gmail.com,Patricia Hall,2023-11-05,organic,True,,,5.0,2026-04-24 22:09:13.186774,2026-04-24 22:09:13.186774,Professional Plus,professional,59.0,590.0,100.0,100.0,50,True,2026-04-24 22:09:13.186774,59.0,False
1833,1197,3,cancelled,annual,2023-02-25,2024-02-18,15.83,0.0,2023-03-11,Not using it,2026-04-24 22:09:13.186774,Cloud Cloud,Education,medium,AU,Australia,Australia/Sydney,ana.martin@corp.net,Ana Martin,2023-02-25,organic,True,,,9.0,2026-04-24 22:09:13.186774,2026-04-24 22:09:13.186774,Starter Plus,starter,19.0,190.0,25.0,20.0,10,True,2026-04-24 22:09:13.186774,19.0,False
1834,1197,2,active,monthly,2024-02-18,,12.0,0.0,,,2026-04-24 22:09:13.186774,Cloud Cloud,Education,medium,AU,Australia,Australia/Sydney,ana.martin@corp.net,Ana Martin,2023-02-25,organic,True,,,9.0,2026-04-24 22:09:13.186774,2026-04-24 22:09:13.186774,Starter,starter,12.0,120.0,15.0,10.0,5,True,2026-04-24 22:09:13.186774,12.0,False
1835,1198,1,active,annual,2023-12-12,,0.0,0.0,,,2026-04-24 22:09:13.186774,NovaPro,Marketing,enterprise,AU,Australia,Australia/Sydney,kenji.thompson@hotmail.com,Kenji Thompson,2023-12-12,organic,True,,,,2026-04-24 22:09:13.186774,2026-04-24 22:09:13.186774,Free,free,0.0,0.0,5.0,3.0,1,True,2026-04-24 22:09:13.186774,0.0,False
1836,1199,3,expired,annual,2023-08-15,2024-05-26,11.88,25.0,2023-08-29,Budget cuts,2026-04-24 22:09:13.186774,FlowVentures,Healthcare,small,FR,France,Europe/Paris,nancy.scott@company.io,Nancy Scott,2023-08-15,partner,False,2024-08-25 03:25:00,Outgrew the platform,0.0,2026-04-24 22:09:13.186774,2026-04-24 22:09:13.186774,Starter Plus,starter,19.0,190.0,25.0,20.0,10,True,2026-04-24 22:09:13.186774,19.0,True
1837,1199,3,cancelled,annual,2024-05-26,2024-08-25,15.83,0.0,,,2026-04-24 22:09:13.186774,FlowVentures,Healthcare,small,FR,France,Europe/Paris,nancy.scott@company.io,Nancy Scott,2023-08-15,partner,False,2024-08-25 03:25:00,Outgrew the platform,0.0,2026-04-24 22:09:13.186774,2026-04-24 22:09:13.186774,Starter Plus,starter,19.0,190.0,25.0,20.0,10,True,2026-04-24 22:09:13.186774,19.0,True
1838,1200,1,expired,monthly,2023-09-29,2024-03-03,0.0,10.0,,Not using it,2026-04-24 22:09:13.186774,Arc Solutions,Telecommunications,large,FR,France,Europe/Paris,david.williams@enterprise.com,David Williams,2023-09-29,organic,True,,,,2026-04-24 22:09:13.186774,2026-04-24 22:09:13.186774,Free,free,0.0,0.0,5.0,3.0,1,True,2026-04-24 22:09:13.186774,0.0,False
1839,1200,5,cancelled,monthly,2024-03-03,2024-11-25,53.1,10.0,,Too expensive,2026-04-24 22:09:13.186774,Arc Solutions,Telecommunications,large,FR,France,Europe/Paris,david.williams@enterprise.com,David Williams,2023-09-29,organic,True,,,,2026-04-24 22:09:13.186774,2026-04-24 22:09:13.186774,Professional Plus,professional,59.0,590.0,100.0,100.0,50,True,2026-04-24 22:09:13.186774,59.0,False
1840,1200,3,active,monthly,2024-11-25,,19.0,0.0,,,2026-04-24 22:09:13.186774,Arc Solutions,Telecommunications,large,FR,France,Europe/Paris,david.williams@enterprise.com,David Williams,2023-09-29,organic,True,,,,2026-04-24 22:09:13.186774,2026-04-24 22:09:13.186774,Starter Plus,starter,19.0,190.0,25.0,20.0,10,True,2026-04-24 22:09:13.186774,19.0,False
