"subscription_id","customer_id","plan_id","status","billing_cycle","start_date","end_date","mrr_usd","discount_pct","trial_end_date","cancellation_reason","created_at"
1,1,1,"cancelled","annual","2023-01-31","2023-04-20",0.00,15.00,NULL,"Missing features","2026-04-24 22:09:13.186774"
2,1,5,"cancelled","annual","2023-04-20","2024-02-26",44.25,10.00,NULL,"Switched competitor","2026-04-24 22:09:13.186774"
3,2,1,"paused","monthly","2023-06-09",NULL,0.00,0.00,NULL,NULL,"2026-04-24 22:09:13.186774"
4,3,1,"active","annual","2023-10-28",NULL,0.00,20.00,NULL,NULL,"2026-04-24 22:09:13.186774"
5,4,1,"expired","annual","2024-04-09","2024-08-10",0.00,15.00,NULL,"Budget cuts","2026-04-24 22:09:13.186774"
6,4,6,"active","annual","2024-08-10",NULL,82.50,0.00,NULL,NULL,"2026-04-24 22:09:13.186774"
7,5,1,"cancelled","monthly","2023-10-04","2024-10-01",0.00,10.00,NULL,"Missing features","2026-04-24 22:09:13.186774"
8,5,3,"active","annual","2024-10-01",NULL,15.83,0.00,NULL,NULL,"2026-04-24 22:09:13.186774"
9,6,1,"paused","monthly","2025-08-23",NULL,0.00,0.00,NULL,NULL,"2026-04-24 22:09:13.186774"
10,7,1,"active","annual","2024-08-21",NULL,0.00,0.00,NULL,NULL,"2026-04-24 22:09:13.186774"
11,8,1,"active","monthly","2024-04-24",NULL,0.00,0.00,NULL,NULL,"2026-04-24 22:09:13.186774"
12,9,1,"active","annual","2025-06-15",NULL,0.00,0.00,NULL,NULL,"2026-04-24 22:09:13.186774"
13,10,5,"active","monthly","2025-03-08",NULL,59.00,0.00,"2025-03-22",NULL,"2026-04-24 22:09:13.186774"
14,11,2,"active","annual","2024-06-29",NULL,7.50,25.00,"2024-07-13",NULL,"2026-04-24 22:09:13.186774"
15,12,6,"active","monthly","2024-10-27",NULL,99.00,0.00,"2024-11-10",NULL,"2026-04-24 22:09:13.186774"
16,13,1,"cancelled","monthly","2025-07-16","2025-09-16",0.00,0.00,NULL,"Switched competitor","2026-04-24 22:09:13.186774"
17,14,1,"cancelled","annual","2024-02-25","2025-01-03",0.00,0.00,NULL,"Too expensive","2026-04-24 22:09:13.186774"
18,14,5,"cancelled","monthly","2025-01-03","2025-05-17",59.00,0.00,NULL,"Missing features","2026-04-24 22:09:13.186774"
19,14,6,"active","annual","2025-05-17",NULL,74.25,10.00,NULL,NULL,"2026-04-24 22:09:13.186774"
20,15,2,"active","monthly","2024-04-18",NULL,12.00,0.00,"2024-05-02",NULL,"2026-04-24 22:09:13.186774"
21,16,2,"active","annual","2023-06-18",NULL,10.00,0.00,"2023-07-02",NULL,"2026-04-24 22:09:13.186774"
22,17,2,"cancelled","monthly","2024-08-16","2024-12-16",10.20,15.00,"2024-08-30","Missing features","2026-04-24 22:09:13.186774"
23,17,5,"cancelled","annual","2024-12-16","2025-04-02",49.17,0.00,NULL,"Not using it","2026-04-24 22:09:13.186774"
24,17,2,"active","monthly","2025-04-02",NULL,9.60,20.00,NULL,NULL,"2026-04-24 22:09:13.186774"
25,18,4,"active","monthly","2025-06-01",NULL,39.00,0.00,"2025-06-15",NULL,"2026-04-24 22:09:13.186774"
26,19,3,"expired","annual","2024-02-10","2025-01-26",15.83,0.00,"2024-02-24","Missing features","2026-04-24 22:09:13.186774"
27,19,4,"cancelled","annual","2025-01-26","2025-07-25",32.50,0.00,NULL,NULL,"2026-04-24 22:09:13.186774"
28,20,6,"active","annual","2025-06-19",NULL,82.50,0.00,"2025-07-03",NULL,"2026-04-24 22:09:13.186774"
29,21,4,"active","monthly","2023-04-20",NULL,39.00,0.00,"2023-05-04",NULL,"2026-04-24 22:09:13.186774"
30,22,5,"active","annual","2023-12-08",NULL,49.17,0.00,"2023-12-22",NULL,"2026-04-24 22:09:13.186774"
31,23,6,"cancelled","annual","2025-05-04","2025-09-11",82.50,0.00,"2025-05-18","Not using it","2026-04-24 22:09:13.186774"
32,23,1,"cancelled","monthly","2025-09-11","2025-11-10",0.00,0.00,NULL,"Not using it","2026-04-24 22:09:13.186774"
33,23,3,"active","annual","2025-11-10",NULL,15.83,0.00,NULL,NULL,"2026-04-24 22:09:13.186774"
34,24,3,"active","annual","2025-06-24",NULL,15.83,0.00,"2025-07-08",NULL,"2026-04-24 22:09:13.186774"
35,25,1,"active","monthly","2025-06-03",NULL,0.00,25.00,NULL,NULL,"2026-04-24 22:09:13.186774"
36,26,4,"cancelled","monthly","2023-07-17","2023-12-01",33.15,15.00,"2023-07-31","Too expensive","2026-04-24 22:09:13.186774"
37,26,6,"active","monthly","2023-12-01",NULL,99.00,0.00,NULL,NULL,"2026-04-24 22:09:13.186774"
38,27,1,"cancelled","monthly","2023-09-29","2024-04-14",0.00,0.00,NULL,"Switched competitor","2026-04-24 22:09:13.186774"
39,27,3,"expired","monthly","2024-04-14","2024-09-22",19.00,0.00,NULL,"Not using it","2026-04-24 22:09:13.186774"
40,27,4,"cancelled","annual","2024-09-22","2025-02-03",32.50,0.00,NULL,"Switched competitor","2026-04-24 22:09:13.186774"
41,28,3,"cancelled","monthly","2023-03-13","2024-01-12",14.25,25.00,"2023-03-27",NULL,"2026-04-24 22:09:13.186774"
42,28,3,"active","monthly","2024-01-12",NULL,19.00,0.00,NULL,NULL,"2026-04-24 22:09:13.186774"
43,29,2,"expired","annual","2024-03-06","2024-12-20",10.00,0.00,"2024-03-20","Missing features","2026-04-24 22:09:13.186774"
44,29,3,"expired","monthly","2024-12-20","2025-06-05",19.00,0.00,NULL,"Company reorganization","2026-04-24 22:09:13.186774"
45,29,5,"active","annual","2025-06-05",NULL,49.17,0.00,NULL,NULL,"2026-04-24 22:09:13.186774"
46,30,2,"active","monthly","2024-04-21",NULL,12.00,0.00,"2024-05-05",NULL,"2026-04-24 22:09:13.186774"
47,31,4,"active","monthly","2023-08-19",NULL,39.00,0.00,"2023-09-02",NULL,"2026-04-24 22:09:13.186774"
48,32,3,"active","annual","2025-05-31",NULL,15.83,0.00,"2025-06-14",NULL,"2026-04-24 22:09:13.186774"
49,33,5,"active","monthly","2025-08-30",NULL,59.00,0.00,"2025-09-13",NULL,"2026-04-24 22:09:13.186774"
50,34,3,"cancelled","monthly","2024-06-17","2025-02-04",19.00,0.00,"2024-07-01","Missing features","2026-04-24 22:09:13.186774"
51,34,4,"active","monthly","2025-02-04",NULL,33.15,15.00,NULL,NULL,"2026-04-24 22:09:13.186774"
52,35,2,"active","annual","2024-02-22",NULL,10.00,0.00,"2024-03-07",NULL,"2026-04-24 22:09:13.186774"
53,36,5,"active","monthly","2025-09-03",NULL,59.00,0.00,"2025-09-17",NULL,"2026-04-24 22:09:13.186774"
54,37,3,"cancelled","annual","2025-10-01","2025-12-01",15.83,0.00,"2025-10-15","Switched competitor","2026-04-24 22:09:13.186774"
55,37,4,"active","monthly","2025-12-01",NULL,39.00,0.00,NULL,NULL,"2026-04-24 22:09:13.186774"
56,38,2,"expired","monthly","2025-06-19","2025-09-16",12.00,0.00,"2025-07-03","Company reorganization","2026-04-24 22:09:13.186774"
57,38,6,"active","annual","2025-09-16",NULL,82.50,0.00,NULL,NULL,"2026-04-24 22:09:13.186774"
58,39,1,"active","monthly","2025-08-30",NULL,0.00,0.00,NULL,NULL,"2026-04-24 22:09:13.186774"
59,40,2,"active","annual","2025-02-04",NULL,10.00,0.00,"2025-02-18",NULL,"2026-04-24 22:09:13.186774"
60,41,2,"active","monthly","2025-04-30",NULL,12.00,0.00,"2025-05-14",NULL,"2026-04-24 22:09:13.186774"
61,42,5,"active","annual","2025-09-10",NULL,49.17,0.00,"2025-09-24",NULL,"2026-04-24 22:09:13.186774"
62,43,5,"cancelled","annual","2025-04-25","2025-07-29",49.17,0.00,"2025-05-09","Company reorganization","2026-04-24 22:09:13.186774"
63,43,4,"expired","monthly","2025-07-29","2025-10-28",33.15,15.00,NULL,"Missing features","2026-04-24 22:09:13.186774"
64,43,1,"active","monthly","2025-10-28",NULL,0.00,0.00,NULL,NULL,"2026-04-24 22:09:13.186774"
65,44,6,"expired","annual","2025-03-27","2025-10-06",82.50,0.00,"2025-04-10","Too expensive","2026-04-24 22:09:13.186774"
66,44,1,"active","monthly","2025-10-06",NULL,0.00,25.00,NULL,NULL,"2026-04-24 22:09:13.186774"
67,45,1,"active","monthly","2024-05-17",NULL,0.00,0.00,NULL,NULL,"2026-04-24 22:09:13.186774"
68,46,1,"active","annual","2024-12-20",NULL,0.00,0.00,NULL,NULL,"2026-04-24 22:09:13.186774"
69,47,4,"expired","annual","2024-06-21","2025-02-18",32.50,0.00,"2024-07-05","Budget cuts","2026-04-24 22:09:13.186774"
70,47,3,"active","monthly","2025-02-18",NULL,19.00,0.00,NULL,NULL,"2026-04-24 22:09:13.186774"
71,48,3,"expired","monthly","2025-08-24","2025-10-28",19.00,0.00,"2025-09-07",NULL,"2026-04-24 22:09:13.186774"
72,48,2,"cancelled","monthly","2025-10-28","2025-12-28",12.00,0.00,NULL,"Missing features","2026-04-24 22:09:13.186774"
73,48,6,"cancelled","annual","2025-12-28","2025-10-29",70.12,15.00,NULL,"Missing features","2026-04-24 22:09:13.186774"
74,49,1,"active","monthly","2024-10-06",NULL,0.00,0.00,NULL,NULL,"2026-04-24 22:09:13.186774"
75,50,1,"expired","monthly","2024-08-25","2024-11-07",0.00,0.00,NULL,"Not using it","2026-04-24 22:09:13.186774"
76,50,2,"expired","monthly","2024-11-07","2025-04-03",12.00,0.00,NULL,"Budget cuts","2026-04-24 22:09:13.186774"
77,50,1,"active","annual","2025-04-03",NULL,0.00,0.00,NULL,NULL,"2026-04-24 22:09:13.186774"
78,51,3,"active","annual","2024-12-06",NULL,15.83,0.00,"2024-12-20",NULL,"2026-04-24 22:09:13.186774"
79,52,1,"cancelled","annual","2024-10-25","2025-03-07",0.00,25.00,NULL,"Missing features","2026-04-24 22:09:13.186774"
80,53,3,"expired","annual","2024-05-20","2024-12-20",15.83,0.00,"2024-06-03",NULL,"2026-04-24 22:09:13.186774"
81,53,1,"active","annual","2024-12-20",NULL,0.00,0.00,NULL,NULL,"2026-04-24 22:09:13.186774"
82,54,1,"active","monthly","2025-02-20",NULL,0.00,0.00,NULL,NULL,"2026-04-24 22:09:13.186774"
83,55,2,"cancelled","monthly","2023-12-04","2024-05-31",10.80,10.00,"2023-12-18","Too expensive","2026-04-24 22:09:13.186774"
84,55,4,"active","monthly","2024-05-31",NULL,31.20,20.00,NULL,NULL,"2026-04-24 22:09:13.186774"
85,56,2,"expired","annual","2024-07-09","2025-03-08",10.00,0.00,"2024-07-23","Switched competitor","2026-04-24 22:09:13.186774"
86,56,5,"active","monthly","2025-03-08",NULL,59.00,0.00,NULL,NULL,"2026-04-24 22:09:13.186774"
87,57,4,"active","annual","2024-10-07",NULL,32.50,0.00,"2024-10-21",NULL,"2026-04-24 22:09:13.186774"
88,58,3,"active","monthly","2025-09-30",NULL,19.00,0.00,"2025-10-14",NULL,"2026-04-24 22:09:13.186774"
89,59,2,"active","monthly","2023-01-03",NULL,12.00,0.00,"2023-01-17",NULL,"2026-04-24 22:09:13.186774"
90,60,1,"cancelled","annual","2023-09-02","2024-08-08",0.00,0.00,NULL,"Switched competitor","2026-04-24 22:09:13.186774"
91,60,5,"active","monthly","2024-08-08",NULL,59.00,0.00,NULL,NULL,"2026-04-24 22:09:13.186774"
92,61,1,"cancelled","monthly","2023-02-07","2025-09-10",0.00,0.00,NULL,"Switched competitor","2026-04-24 22:09:13.186774"
93,62,3,"cancelled","monthly","2024-12-10","2025-08-24",19.00,0.00,"2024-12-24","Company reorganization","2026-04-24 22:09:13.186774"
94,62,3,"active","monthly","2025-08-24",NULL,16.15,15.00,NULL,NULL,"2026-04-24 22:09:13.186774"
95,63,1,"cancelled","annual","2025-02-03","2025-06-29",0.00,0.00,NULL,NULL,"2026-04-24 22:09:13.186774"
96,63,4,"cancelled","monthly","2025-06-29","2025-04-12",39.00,0.00,NULL,"Switched competitor","2026-04-24 22:09:13.186774"
97,64,2,"active","annual","2024-06-27",NULL,10.00,0.00,"2024-07-11",NULL,"2026-04-24 22:09:13.186774"
98,65,1,"active","annual","2023-01-10",NULL,0.00,15.00,NULL,NULL,"2026-04-24 22:09:13.186774"
99,66,1,"active","monthly","2025-05-23",NULL,0.00,0.00,NULL,NULL,"2026-04-24 22:09:13.186774"
100,67,1,"active","monthly","2025-05-02",NULL,0.00,0.00,NULL,NULL,"2026-04-24 22:09:13.186774"
101,68,6,"cancelled","annual","2024-03-27","2025-02-03",82.50,0.00,"2024-04-10","Budget cuts","2026-04-24 22:09:13.186774"
102,69,1,"active","annual","2023-10-30",NULL,0.00,0.00,NULL,NULL,"2026-04-24 22:09:13.186774"
103,70,1,"expired","monthly","2024-02-09","2024-12-20",0.00,0.00,NULL,"Switched competitor","2026-04-24 22:09:13.186774"
104,70,4,"cancelled","monthly","2024-12-20","2025-04-30",39.00,0.00,NULL,"Company reorganization","2026-04-24 22:09:13.186774"
105,71,5,"cancelled","monthly","2024-09-16","2025-08-02",59.00,0.00,"2024-09-30","Budget cuts","2026-04-24 22:09:13.186774"
106,71,7,"active","monthly","2025-08-02",NULL,199.00,0.00,NULL,NULL,"2026-04-24 22:09:13.186774"
107,72,1,"expired","monthly","2025-08-30","2025-10-30",0.00,0.00,NULL,NULL,"2026-04-24 22:09:13.186774"
108,72,2,"active","monthly","2025-10-30",NULL,12.00,0.00,NULL,NULL,"2026-04-24 22:09:13.186774"
109,73,2,"active","monthly","2024-01-15",NULL,9.60,20.00,"2024-01-29",NULL,"2026-04-24 22:09:13.186774"
110,74,3,"active","annual","2023-08-06",NULL,15.83,0.00,"2023-08-20",NULL,"2026-04-24 22:09:13.186774"
111,75,1,"cancelled","monthly","2024-09-02","2025-01-22",0.00,0.00,NULL,"Missing features","2026-04-24 22:09:13.186774"
112,76,3,"expired","annual","2023-03-07","2023-10-21",15.83,0.00,"2023-03-21","Switched competitor","2026-04-24 22:09:13.186774"
113,76,2,"active","annual","2023-10-21",NULL,10.00,0.00,NULL,NULL,"2026-04-24 22:09:13.186774"
114,77,4,"cancelled","monthly","2025-05-17","2025-08-02",39.00,0.00,"2025-05-31","Too expensive","2026-04-24 22:09:13.186774"
115,77,4,"active","monthly","2025-08-02",NULL,39.00,0.00,NULL,NULL,"2026-04-24 22:09:13.186774"
116,78,5,"active","monthly","2024-09-11",NULL,59.00,0.00,"2024-09-25",NULL,"2026-04-24 22:09:13.186774"
117,79,4,"cancelled","annual","2025-01-17","2025-07-31",32.50,0.00,"2025-01-31","Company reorganization","2026-04-24 22:09:13.186774"
118,80,5,"active","monthly","2024-08-23",NULL,59.00,0.00,"2024-09-06",NULL,"2026-04-24 22:09:13.186774"
119,81,4,"expired","annual","2023-06-08","2023-12-15",27.62,15.00,"2023-06-22","Budget cuts","2026-04-24 22:09:13.186774"
120,81,5,"active","monthly","2023-12-15",NULL,47.20,20.00,NULL,NULL,"2026-04-24 22:09:13.186774"
121,82,4,"active","monthly","2023-10-07",NULL,39.00,0.00,"2023-10-21",NULL,"2026-04-24 22:09:13.186774"
122,83,1,"active","monthly","2024-03-05",NULL,0.00,0.00,NULL,NULL,"2026-04-24 22:09:13.186774"
123,84,1,"active","monthly","2024-03-10",NULL,0.00,0.00,NULL,NULL,"2026-04-24 22:09:13.186774"
124,85,1,"active","monthly","2023-07-29",NULL,0.00,0.00,NULL,NULL,"2026-04-24 22:09:13.186774"
125,86,4,"active","monthly","2025-06-01",NULL,35.10,10.00,"2025-06-15",NULL,"2026-04-24 22:09:13.186774"
126,87,4,"cancelled","monthly","2024-09-24","2025-08-02",39.00,0.00,"2024-10-08","Missing features","2026-04-24 22:09:13.186774"
127,87,2,"active","monthly","2025-08-02",NULL,12.00,0.00,NULL,NULL,"2026-04-24 22:09:13.186774"
128,88,1,"cancelled","annual","2025-03-08","2025-10-22",0.00,0.00,NULL,"Not using it","2026-04-24 22:09:13.186774"
129,89,6,"active","annual","2025-02-16",NULL,61.88,25.00,"2025-03-02",NULL,"2026-04-24 22:09:13.186774"
130,90,3,"active","monthly","2023-03-11",NULL,19.00,0.00,"2023-03-25",NULL,"2026-04-24 22:09:13.186774"
131,91,4,"expired","monthly","2025-09-27","2025-11-27",39.00,0.00,"2025-10-11","Budget cuts","2026-04-24 22:09:13.186774"
132,91,3,"active","monthly","2025-11-27",NULL,19.00,0.00,NULL,NULL,"2026-04-24 22:09:13.186774"
133,92,5,"cancelled","annual","2023-06-04","2023-09-26",49.17,0.00,"2023-06-18","Too expensive","2026-04-24 22:09:13.186774"
134,92,1,"active","annual","2023-09-26",NULL,0.00,0.00,NULL,NULL,"2026-04-24 22:09:13.186774"
135,93,4,"active","monthly","2024-01-17",NULL,39.00,0.00,"2024-01-31",NULL,"2026-04-24 22:09:13.186774"
136,94,1,"cancelled","monthly","2023-12-08","2025-06-05",0.00,0.00,NULL,NULL,"2026-04-24 22:09:13.186774"
137,95,4,"expired","annual","2024-11-17","2025-06-29",32.50,0.00,"2024-12-01","Company reorganization","2026-04-24 22:09:13.186774"
138,95,3,"cancelled","monthly","2025-06-29","2025-10-20",19.00,0.00,NULL,"Switched competitor","2026-04-24 22:09:13.186774"
139,95,5,"active","annual","2025-10-20",NULL,49.17,0.00,NULL,NULL,"2026-04-24 22:09:13.186774"
140,96,2,"expired","monthly","2023-05-21","2024-05-12",12.00,0.00,"2023-06-04","Too expensive","2026-04-24 22:09:13.186774"
141,96,6,"cancelled","monthly","2024-05-12","2024-09-21",99.00,0.00,NULL,"Switched competitor","2026-04-24 22:09:13.186774"
142,97,2,"active","monthly","2023-06-19",NULL,10.80,10.00,"2023-07-03",NULL,"2026-04-24 22:09:13.186774"
143,98,2,"expired","annual","2025-08-27","2025-10-30",10.00,0.00,"2025-09-10","Company reorganization","2026-04-24 22:09:13.186774"
144,98,3,"active","annual","2025-10-30",NULL,15.83,0.00,NULL,NULL,"2026-04-24 22:09:13.186774"
145,99,1,"expired","monthly","2024-07-21","2025-03-17",0.00,0.00,NULL,"Budget cuts","2026-04-24 22:09:13.186774"
146,99,3,"active","monthly","2025-03-17",NULL,19.00,0.00,NULL,NULL,"2026-04-24 22:09:13.186774"
147,100,2,"active","monthly","2025-06-24",NULL,12.00,0.00,"2025-07-08",NULL,"2026-04-24 22:09:13.186774"
148,101,1,"active","annual","2023-10-21",NULL,0.00,0.00,NULL,NULL,"2026-04-24 22:09:13.186774"
149,102,2,"cancelled","annual","2023-05-05","2025-03-17",10.00,0.00,"2023-05-19","Too expensive","2026-04-24 22:09:13.186774"
150,103,2,"active","monthly","2023-01-02",NULL,10.80,10.00,"2023-01-16",NULL,"2026-04-24 22:09:13.186774"
151,104,2,"expired","monthly","2023-09-17","2024-06-28",10.80,10.00,"2023-10-01","Budget cuts","2026-04-24 22:09:13.186774"
152,104,4,"active","monthly","2024-06-28",NULL,39.00,0.00,NULL,NULL,"2026-04-24 22:09:13.186774"
153,105,1,"cancelled","annual","2023-06-29","2024-04-02",0.00,0.00,NULL,"Budget cuts","2026-04-24 22:09:13.186774"
154,105,5,"cancelled","monthly","2024-04-02","2025-02-10",59.00,0.00,NULL,"Switched competitor","2026-04-24 22:09:13.186774"
155,105,3,"active","monthly","2025-02-10",NULL,19.00,0.00,NULL,NULL,"2026-04-24 22:09:13.186774"
156,106,2,"expired","annual","2023-11-14","2024-08-30",10.00,0.00,"2023-11-28","Missing features","2026-04-24 22:09:13.186774"
157,106,3,"expired","monthly","2024-08-30","2024-11-30",19.00,0.00,NULL,"Not using it","2026-04-24 22:09:13.186774"
158,106,1,"active","annual","2024-11-30",NULL,0.00,0.00,NULL,NULL,"2026-04-24 22:09:13.186774"
159,107,1,"cancelled","annual","2024-01-12","2024-08-20",0.00,0.00,NULL,"Too expensive","2026-04-24 22:09:13.186774"
160,107,3,"active","monthly","2024-08-20",NULL,19.00,0.00,NULL,NULL,"2026-04-24 22:09:13.186774"
161,108,2,"cancelled","monthly","2025-04-22","2025-07-18",12.00,0.00,"2025-05-06","Missing features","2026-04-24 22:09:13.186774"
162,109,3,"active","annual","2024-03-21",NULL,15.83,0.00,"2024-04-04",NULL,"2026-04-24 22:09:13.186774"
163,110,2,"cancelled","annual","2024-03-24","2024-06-14",10.00,0.00,"2024-04-07","Not using it","2026-04-24 22:09:13.186774"
164,111,5,"active","annual","2024-06-26",NULL,49.17,0.00,"2024-07-10",NULL,"2026-04-24 22:09:13.186774"
165,112,6,"active","monthly","2025-07-27",NULL,99.00,0.00,"2025-08-10",NULL,"2026-04-24 22:09:13.186774"
166,113,2,"cancelled","monthly","2024-12-29","2025-04-09",12.00,0.00,"2025-01-12","Budget cuts","2026-04-24 22:09:13.186774"
167,113,4,"active","monthly","2025-04-09",NULL,39.00,0.00,NULL,NULL,"2026-04-24 22:09:13.186774"
168,114,6,"cancelled","monthly","2025-06-24","2025-09-22",99.00,0.00,"2025-07-08","Not using it","2026-04-24 22:09:13.186774"
169,115,3,"cancelled","monthly","2025-06-18","2025-10-24",19.00,0.00,"2025-07-02","Not using it","2026-04-24 22:09:13.186774"
170,115,4,"cancelled","monthly","2025-10-24","2025-12-23",39.00,0.00,NULL,"Missing features","2026-04-24 22:09:13.186774"
171,115,3,"active","annual","2025-12-23",NULL,15.83,0.00,NULL,NULL,"2026-04-24 22:09:13.186774"
172,116,1,"expired","monthly","2025-08-21","2025-10-22",0.00,0.00,NULL,"Not using it","2026-04-24 22:09:13.186774"
173,116,2,"expired","monthly","2025-10-22","2025-12-21",12.00,0.00,NULL,"Budget cuts","2026-04-24 22:09:13.186774"
174,116,3,"active","annual","2025-12-21",NULL,15.83,0.00,NULL,NULL,"2026-04-24 22:09:13.186774"
175,117,3,"expired","monthly","2024-10-01","2024-12-17",19.00,0.00,"2024-10-15","Too expensive","2026-04-24 22:09:13.186774"
176,117,1,"active","monthly","2024-12-17",NULL,0.00,0.00,NULL,NULL,"2026-04-24 22:09:13.186774"
177,118,2,"active","monthly","2024-10-04",NULL,12.00,0.00,"2024-10-18",NULL,"2026-04-24 22:09:13.186774"
178,119,2,"cancelled","monthly","2023-07-28","2024-05-03",9.60,20.00,"2023-08-11","Too expensive","2026-04-24 22:09:13.186774"
179,119,4,"active","monthly","2024-05-03",NULL,39.00,0.00,NULL,NULL,"2026-04-24 22:09:13.186774"
180,120,1,"cancelled","monthly","2023-09-11","2023-11-19",0.00,0.00,NULL,"Not using it","2026-04-24 22:09:13.186774"
181,121,5,"active","annual","2024-02-07",NULL,49.17,0.00,"2024-02-21",NULL,"2026-04-24 22:09:13.186774"
182,122,1,"cancelled","monthly","2023-09-28","2024-02-20",0.00,0.00,NULL,"Too expensive","2026-04-24 22:09:13.186774"
183,122,2,"active","annual","2024-02-20",NULL,10.00,0.00,NULL,NULL,"2026-04-24 22:09:13.186774"
184,123,2,"active","annual","2024-09-30",NULL,10.00,0.00,"2024-10-14",NULL,"2026-04-24 22:09:13.186774"
185,124,4,"active","monthly","2024-12-31",NULL,39.00,0.00,"2025-01-14",NULL,"2026-04-24 22:09:13.186774"
186,125,3,"cancelled","annual","2024-12-26","2025-04-29",13.46,15.00,"2025-01-09","Switched competitor","2026-04-24 22:09:13.186774"
187,125,4,"active","annual","2025-04-29",NULL,29.25,10.00,NULL,NULL,"2026-04-24 22:09:13.186774"
188,126,4,"expired","monthly","2025-03-12","2025-10-29",39.00,0.00,"2025-03-26","Budget cuts","2026-04-24 22:09:13.186774"
189,126,6,"active","monthly","2025-10-29",NULL,99.00,0.00,NULL,NULL,"2026-04-24 22:09:13.186774"
190,127,4,"cancelled","monthly","2024-03-27","2024-07-22",39.00,0.00,"2024-04-10","Not using it","2026-04-24 22:09:13.186774"
191,127,5,"active","annual","2024-07-22",NULL,49.17,0.00,NULL,NULL,"2026-04-24 22:09:13.186774"
192,128,2,"active","annual","2024-11-09",NULL,8.50,15.00,"2024-11-23",NULL,"2026-04-24 22:09:13.186774"
193,129,4,"active","annual","2023-09-10",NULL,32.50,0.00,"2023-09-24",NULL,"2026-04-24 22:09:13.186774"
194,130,3,"expired","monthly","2024-08-10","2025-02-18",19.00,0.00,"2024-08-24","Missing features","2026-04-24 22:09:13.186774"
195,130,3,"active","monthly","2025-02-18",NULL,19.00,0.00,NULL,NULL,"2026-04-24 22:09:13.186774"
196,131,4,"expired","annual","2024-07-29","2025-07-29",32.50,0.00,"2024-08-12","Budget cuts","2026-04-24 22:09:13.186774"
197,131,6,"active","annual","2025-07-29",NULL,82.50,0.00,NULL,NULL,"2026-04-24 22:09:13.186774"
198,132,2,"cancelled","monthly","2025-02-28","2025-10-29",12.00,0.00,"2025-03-14","Not using it","2026-04-24 22:09:13.186774"
199,133,2,"active","monthly","2023-06-29",NULL,9.60,20.00,"2023-07-13",NULL,"2026-04-24 22:09:13.186774"
200,134,4,"active","monthly","2024-10-18",NULL,39.00,0.00,"2024-11-01",NULL,"2026-04-24 22:09:13.186774"
201,135,1,"active","monthly","2024-08-04",NULL,0.00,25.00,NULL,NULL,"2026-04-24 22:09:13.186774"
202,136,2,"active","monthly","2025-01-10",NULL,12.00,0.00,"2025-01-24",NULL,"2026-04-24 22:09:13.186774"
203,137,4,"active","monthly","2023-08-15",NULL,39.00,0.00,"2023-08-29",NULL,"2026-04-24 22:09:13.186774"
204,138,1,"expired","monthly","2023-03-25","2023-06-18",0.00,0.00,NULL,"Not using it","2026-04-24 22:09:13.186774"
205,138,3,"active","monthly","2023-06-18",NULL,19.00,0.00,NULL,NULL,"2026-04-24 22:09:13.186774"
206,139,1,"cancelled","monthly","2025-01-04","2025-04-13",0.00,0.00,NULL,NULL,"2026-04-24 22:09:13.186774"
207,139,5,"cancelled","annual","2025-04-13","2025-07-22",49.17,0.00,NULL,"Company reorganization","2026-04-24 22:09:13.186774"
208,139,5,"active","annual","2025-07-22",NULL,44.25,10.00,NULL,NULL,"2026-04-24 22:09:13.186774"
209,140,2,"expired","annual","2025-04-16","2025-08-16",10.00,0.00,"2025-04-30","Company reorganization","2026-04-24 22:09:13.186774"
210,140,4,"cancelled","monthly","2025-08-16","2025-06-27",39.00,0.00,NULL,"Budget cuts","2026-04-24 22:09:13.186774"
211,141,5,"active","monthly","2025-07-01",NULL,59.00,0.00,"2025-07-15",NULL,"2026-04-24 22:09:13.186774"
212,142,5,"cancelled","monthly","2023-05-11","2023-08-27",59.00,0.00,"2023-05-25","Too expensive","2026-04-24 22:09:13.186774"
213,142,2,"expired","monthly","2023-08-27","2024-05-16",12.00,0.00,NULL,"Not using it","2026-04-24 22:09:13.186774"
214,142,5,"active","annual","2024-05-16",NULL,49.17,0.00,NULL,NULL,"2026-04-24 22:09:13.186774"
215,143,2,"cancelled","annual","2024-11-07","2025-10-15",9.00,10.00,"2024-11-21","Too expensive","2026-04-24 22:09:13.186774"
216,143,2,"active","monthly","2025-10-15",NULL,10.80,10.00,NULL,NULL,"2026-04-24 22:09:13.186774"
217,144,6,"active","annual","2023-08-11",NULL,82.50,0.00,"2023-08-25",NULL,"2026-04-24 22:09:13.186774"
218,145,4,"active","monthly","2024-06-17",NULL,39.00,0.00,"2024-07-01",NULL,"2026-04-24 22:09:13.186774"
219,146,4,"active","monthly","2023-11-04",NULL,39.00,0.00,"2023-11-18",NULL,"2026-04-24 22:09:13.186774"
220,147,3,"expired","annual","2023-09-06","2024-02-09",15.83,0.00,"2023-09-20","Too expensive","2026-04-24 22:09:13.186774"
221,147,2,"active","annual","2024-02-09",NULL,10.00,0.00,NULL,NULL,"2026-04-24 22:09:13.186774"
222,148,1,"cancelled","monthly","2025-02-18","2025-07-14",0.00,0.00,NULL,"Too expensive","2026-04-24 22:09:13.186774"
223,148,5,"active","monthly","2025-07-14",NULL,53.10,10.00,NULL,NULL,"2026-04-24 22:09:13.186774"
224,149,1,"active","annual","2024-12-13",NULL,0.00,0.00,NULL,NULL,"2026-04-24 22:09:13.186774"
225,150,3,"active","monthly","2023-11-24",NULL,14.25,25.00,"2023-12-08",NULL,"2026-04-24 22:09:13.186774"
226,151,1,"cancelled","annual","2024-05-26","2024-12-11",0.00,0.00,NULL,"Budget cuts","2026-04-24 22:09:13.186774"
227,151,2,"active","monthly","2024-12-11",NULL,12.00,0.00,NULL,NULL,"2026-04-24 22:09:13.186774"
228,152,2,"active","monthly","2024-07-13",NULL,10.80,10.00,"2024-07-27",NULL,"2026-04-24 22:09:13.186774"
229,153,2,"cancelled","annual","2023-06-04","2025-08-27",9.00,10.00,"2023-06-18","Company reorganization","2026-04-24 22:09:13.186774"
230,154,2,"active","annual","2024-12-15",NULL,10.00,0.00,"2024-12-29",NULL,"2026-04-24 22:09:13.186774"
231,155,1,"active","annual","2025-09-09",NULL,0.00,0.00,NULL,NULL,"2026-04-24 22:09:13.186774"
232,156,1,"cancelled","monthly","2024-10-14","2025-01-18",0.00,0.00,NULL,"Missing features","2026-04-24 22:09:13.186774"
233,157,1,"active","annual","2024-12-01",NULL,0.00,0.00,NULL,NULL,"2026-04-24 22:09:13.186774"
234,158,2,"cancelled","annual","2025-05-04","2025-10-27",10.00,0.00,"2025-05-18","Company reorganization","2026-04-24 22:09:13.186774"
235,158,3,"active","annual","2025-10-27",NULL,12.67,20.00,NULL,NULL,"2026-04-24 22:09:13.186774"
236,159,3,"expired","annual","2024-02-11","2024-08-16",15.83,0.00,"2024-02-25","Missing features","2026-04-24 22:09:13.186774"
237,159,6,"active","monthly","2024-08-16",NULL,89.10,10.00,NULL,NULL,"2026-04-24 22:09:13.186774"
238,160,1,"paused","monthly","2023-09-10",NULL,0.00,0.00,NULL,NULL,"2026-04-24 22:09:13.186774"
239,161,2,"active","annual","2024-03-17",NULL,7.50,25.00,"2024-03-31",NULL,"2026-04-24 22:09:13.186774"
240,162,5,"expired","annual","2024-07-26","2025-07-08",49.17,0.00,"2024-08-09","Company reorganization","2026-04-24 22:09:13.186774"
241,162,2,"active","annual","2025-07-08",NULL,10.00,0.00,NULL,NULL,"2026-04-24 22:09:13.186774"
242,163,1,"active","monthly","2024-01-05",NULL,0.00,0.00,NULL,NULL,"2026-04-24 22:09:13.186774"
243,164,5,"active","annual","2025-05-30",NULL,36.88,25.00,"2025-06-13",NULL,"2026-04-24 22:09:13.186774"
244,165,1,"active","monthly","2025-04-16",NULL,0.00,0.00,NULL,NULL,"2026-04-24 22:09:13.186774"
245,166,1,"active","monthly","2025-03-25",NULL,0.00,0.00,NULL,NULL,"2026-04-24 22:09:13.186774"
246,167,1,"active","monthly","2025-08-03",NULL,0.00,0.00,NULL,NULL,"2026-04-24 22:09:13.186774"
247,168,5,"cancelled","annual","2024-09-19","2025-06-26",44.25,10.00,"2024-10-03",NULL,"2026-04-24 22:09:13.186774"
248,169,1,"active","annual","2025-03-01",NULL,0.00,0.00,NULL,NULL,"2026-04-24 22:09:13.186774"
249,170,1,"active","monthly","2025-03-14",NULL,0.00,0.00,NULL,NULL,"2026-04-24 22:09:13.186774"
250,171,2,"active","annual","2023-06-18",NULL,10.00,0.00,"2023-07-02",NULL,"2026-04-24 22:09:13.186774"
251,172,1,"active","annual","2025-01-25",NULL,0.00,0.00,NULL,NULL,"2026-04-24 22:09:13.186774"
252,173,1,"cancelled","annual","2024-04-13","2025-10-15",0.00,0.00,NULL,"Not using it","2026-04-24 22:09:13.186774"
253,174,5,"cancelled","monthly","2024-08-27","2025-01-08",59.00,0.00,"2024-09-10",NULL,"2026-04-24 22:09:13.186774"
254,175,1,"cancelled","monthly","2024-05-16","2024-07-31",0.00,0.00,NULL,"Missing features","2026-04-24 22:09:13.186774"
255,175,1,"active","annual","2024-07-31",NULL,0.00,0.00,NULL,NULL,"2026-04-24 22:09:13.186774"
256,176,6,"active","monthly","2023-03-26",NULL,74.25,25.00,"2023-04-09",NULL,"2026-04-24 22:09:13.186774"
257,177,2,"cancelled","annual","2023-04-27","2024-02-21",10.00,0.00,"2023-05-11","Company reorganization","2026-04-24 22:09:13.186774"
258,177,3,"active","monthly","2024-02-21",NULL,19.00,0.00,NULL,NULL,"2026-04-24 22:09:13.186774"
259,178,1,"active","annual","2023-12-23",NULL,0.00,0.00,NULL,NULL,"2026-04-24 22:09:13.186774"
260,179,4,"cancelled","annual","2025-04-04","2025-07-11",32.50,0.00,"2025-04-18",NULL,"2026-04-24 22:09:13.186774"
261,180,4,"expired","annual","2023-05-10","2023-08-09",27.62,15.00,"2023-05-24","Not using it","2026-04-24 22:09:13.186774"
262,180,6,"active","monthly","2023-08-09",NULL,99.00,0.00,NULL,NULL,"2026-04-24 22:09:13.186774"
263,181,5,"expired","monthly","2025-03-24","2025-07-17",59.00,0.00,"2025-04-07","Budget cuts","2026-04-24 22:09:13.186774"
264,181,5,"active","monthly","2025-07-17",NULL,59.00,0.00,NULL,NULL,"2026-04-24 22:09:13.186774"
265,182,3,"active","monthly","2024-12-15",NULL,19.00,0.00,"2024-12-29",NULL,"2026-04-24 22:09:13.186774"
266,183,3,"active","annual","2025-07-04",NULL,14.25,10.00,"2025-07-18",NULL,"2026-04-24 22:09:13.186774"
267,184,1,"cancelled","monthly","2023-11-06","2024-02-24",0.00,0.00,NULL,"Too expensive","2026-04-24 22:09:13.186774"
268,184,5,"cancelled","annual","2024-02-24","2025-10-16",49.17,0.00,NULL,NULL,"2026-04-24 22:09:13.186774"
269,185,1,"cancelled","monthly","2024-12-21","2025-04-12",0.00,0.00,NULL,"Not using it","2026-04-24 22:09:13.186774"
270,186,2,"cancelled","monthly","2023-04-15","2024-12-05",12.00,0.00,"2023-04-29","Not using it","2026-04-24 22:09:13.186774"
271,187,1,"expired","monthly","2024-09-22","2025-03-08",0.00,0.00,NULL,"Not using it","2026-04-24 22:09:13.186774"
272,187,3,"active","monthly","2025-03-08",NULL,19.00,0.00,NULL,NULL,"2026-04-24 22:09:13.186774"
273,188,2,"active","monthly","2023-09-12",NULL,12.00,0.00,"2023-09-26",NULL,"2026-04-24 22:09:13.186774"
274,189,2,"active","annual","2025-03-23",NULL,10.00,0.00,"2025-04-06",NULL,"2026-04-24 22:09:13.186774"
275,190,2,"active","annual","2025-09-04",NULL,10.00,0.00,"2025-09-18",NULL,"2026-04-24 22:09:13.186774"
276,191,4,"cancelled","annual","2024-07-03","2025-01-02",26.00,20.00,"2024-07-17","Too expensive","2026-04-24 22:09:13.186774"
277,191,7,"cancelled","monthly","2025-01-02","2025-07-01",149.25,25.00,NULL,"Not using it","2026-04-24 22:09:13.186774"
278,191,2,"active","monthly","2025-07-01",NULL,10.20,15.00,NULL,NULL,"2026-04-24 22:09:13.186774"
279,192,2,"active","monthly","2024-03-23",NULL,12.00,0.00,"2024-04-06",NULL,"2026-04-24 22:09:13.186774"
280,193,1,"cancelled","monthly","2024-12-25","2025-01-28",0.00,0.00,NULL,NULL,"2026-04-24 22:09:13.186774"
281,194,2,"active","monthly","2024-08-13",NULL,12.00,0.00,"2024-08-27",NULL,"2026-04-24 22:09:13.186774"
282,195,1,"expired","monthly","2025-06-02","2025-09-10",0.00,0.00,NULL,"Too expensive","2026-04-24 22:09:13.186774"
283,195,3,"expired","annual","2025-09-10","2025-11-09",15.83,0.00,NULL,"Switched competitor","2026-04-24 22:09:13.186774"
284,195,6,"cancelled","monthly","2025-11-09","2025-07-10",99.00,0.00,NULL,"Missing features","2026-04-24 22:09:13.186774"
285,196,2,"cancelled","annual","2023-03-21","2024-03-07",10.00,0.00,"2023-04-04","Company reorganization","2026-04-24 22:09:13.186774"
286,196,4,"active","monthly","2024-03-07",NULL,39.00,0.00,NULL,NULL,"2026-04-24 22:09:13.186774"
287,197,5,"active","annual","2023-01-09",NULL,49.17,0.00,"2023-01-23",NULL,"2026-04-24 22:09:13.186774"
288,198,1,"expired","monthly","2023-01-25","2023-04-14",0.00,0.00,NULL,"Switched competitor","2026-04-24 22:09:13.186774"
289,198,5,"expired","annual","2023-04-14","2024-01-07",49.17,0.00,NULL,"Missing features","2026-04-24 22:09:13.186774"
290,198,3,"active","annual","2024-01-07",NULL,15.83,0.00,NULL,NULL,"2026-04-24 22:09:13.186774"
291,199,1,"cancelled","monthly","2025-09-11","2025-10-14",0.00,0.00,NULL,NULL,"2026-04-24 22:09:13.186774"
292,200,5,"active","annual","2024-03-21",NULL,49.17,0.00,"2024-04-04",NULL,"2026-04-24 22:09:13.186774"
293,201,2,"cancelled","monthly","2023-04-19","2024-01-26",12.00,0.00,"2023-05-03","Company reorganization","2026-04-24 22:09:13.186774"
294,201,5,"cancelled","annual","2024-01-26","2025-05-11",41.79,15.00,NULL,"Switched competitor","2026-04-24 22:09:13.186774"
295,202,2,"expired","annual","2025-05-05","2025-10-31",10.00,0.00,"2025-05-19","Budget cuts","2026-04-24 22:09:13.186774"
296,202,6,"active","monthly","2025-10-31",NULL,99.00,0.00,NULL,NULL,"2026-04-24 22:09:13.186774"
297,203,2,"active","annual","2025-04-03",NULL,10.00,0.00,"2025-04-17",NULL,"2026-04-24 22:09:13.186774"
298,204,5,"expired","monthly","2023-03-08","2024-01-17",44.25,25.00,"2023-03-22","Missing features","2026-04-24 22:09:13.186774"
299,204,1,"cancelled","annual","2024-01-17","2025-02-23",0.00,0.00,NULL,"Company reorganization","2026-04-24 22:09:13.186774"
300,205,5,"active","annual","2023-06-26",NULL,49.17,0.00,"2023-07-10",NULL,"2026-04-24 22:09:13.186774"
301,206,1,"expired","annual","2023-03-31","2023-07-26",0.00,0.00,NULL,"Not using it","2026-04-24 22:09:13.186774"
302,206,6,"active","monthly","2023-07-26",NULL,74.25,25.00,NULL,NULL,"2026-04-24 22:09:13.186774"
303,207,1,"active","monthly","2024-02-02",NULL,0.00,0.00,NULL,NULL,"2026-04-24 22:09:13.186774"
304,208,2,"active","annual","2025-03-21",NULL,10.00,0.00,"2025-04-04",NULL,"2026-04-24 22:09:13.186774"
305,209,2,"expired","monthly","2023-01-29","2023-11-30",12.00,0.00,"2023-02-12","Company reorganization","2026-04-24 22:09:13.186774"
306,209,6,"active","annual","2023-11-30",NULL,82.50,0.00,NULL,NULL,"2026-04-24 22:09:13.186774"
307,210,2,"expired","annual","2024-09-20","2025-01-13",10.00,0.00,"2024-10-04","Missing features","2026-04-24 22:09:13.186774"
308,210,5,"active","monthly","2025-01-13",NULL,59.00,0.00,NULL,NULL,"2026-04-24 22:09:13.186774"
309,211,2,"active","monthly","2023-12-11",NULL,12.00,0.00,"2023-12-25",NULL,"2026-04-24 22:09:13.186774"
310,212,1,"active","annual","2024-01-23",NULL,0.00,0.00,NULL,NULL,"2026-04-24 22:09:13.186774"
311,213,2,"cancelled","monthly","2024-08-02","2025-09-21",9.00,25.00,"2024-08-16","Switched competitor","2026-04-24 22:09:13.186774"
312,214,5,"cancelled","monthly","2023-09-13","2024-01-27",59.00,0.00,"2023-09-27","Switched competitor","2026-04-24 22:09:13.186774"
313,214,6,"active","monthly","2024-01-27",NULL,99.00,0.00,NULL,NULL,"2026-04-24 22:09:13.186774"
314,215,3,"active","annual","2024-12-04",NULL,15.83,0.00,"2024-12-18",NULL,"2026-04-24 22:09:13.186774"
315,216,3,"cancelled","annual","2024-09-20","2025-09-10",15.83,0.00,"2024-10-04",NULL,"2026-04-24 22:09:13.186774"
316,216,5,"cancelled","monthly","2025-09-10","2025-11-10",59.00,0.00,NULL,"Not using it","2026-04-24 22:09:13.186774"
317,216,3,"active","monthly","2025-11-10",NULL,19.00,0.00,NULL,NULL,"2026-04-24 22:09:13.186774"
318,217,1,"expired","monthly","2025-01-17","2025-08-23",0.00,0.00,NULL,"Not using it","2026-04-24 22:09:13.186774"
319,217,1,"active","annual","2025-08-23",NULL,0.00,0.00,NULL,NULL,"2026-04-24 22:09:13.186774"
320,218,2,"cancelled","monthly","2023-04-10","2024-01-30",10.80,10.00,"2023-04-24","Budget cuts","2026-04-24 22:09:13.186774"
321,219,5,"cancelled","monthly","2024-04-01","2025-04-07",59.00,0.00,"2024-04-15","Switched competitor","2026-04-24 22:09:13.186774"
322,220,4,"cancelled","monthly","2024-03-04","2024-12-09",33.15,15.00,"2024-03-18","Missing features","2026-04-24 22:09:13.186774"
323,220,6,"active","annual","2024-12-09",NULL,82.50,0.00,NULL,NULL,"2026-04-24 22:09:13.186774"
324,221,5,"cancelled","monthly","2024-09-27","2025-10-30",59.00,0.00,"2024-10-11",NULL,"2026-04-24 22:09:13.186774"
325,222,2,"cancelled","annual","2025-07-25","2025-10-16",10.00,0.00,"2025-08-08",NULL,"2026-04-24 22:09:13.186774"
326,222,7,"active","monthly","2025-10-16",NULL,179.10,10.00,NULL,NULL,"2026-04-24 22:09:13.186774"
327,223,3,"active","annual","2024-08-03",NULL,15.83,0.00,"2024-08-17",NULL,"2026-04-24 22:09:13.186774"
328,224,1,"cancelled","annual","2023-02-08","2024-11-24",0.00,15.00,NULL,"Budget cuts","2026-04-24 22:09:13.186774"
329,225,3,"active","monthly","2025-04-17",NULL,19.00,0.00,"2025-05-01",NULL,"2026-04-24 22:09:13.186774"
330,226,1,"active","annual","2025-07-24",NULL,0.00,0.00,NULL,NULL,"2026-04-24 22:09:13.186774"
331,227,5,"expired","monthly","2023-07-17","2023-11-22",59.00,0.00,"2023-07-31","Company reorganization","2026-04-24 22:09:13.186774"
332,227,2,"active","monthly","2023-11-22",NULL,10.80,10.00,NULL,NULL,"2026-04-24 22:09:13.186774"
333,228,5,"active","monthly","2023-09-05",NULL,59.00,0.00,"2023-09-19",NULL,"2026-04-24 22:09:13.186774"
334,229,6,"cancelled","annual","2025-05-24","2025-10-10",61.88,25.00,"2025-06-07","Company reorganization","2026-04-24 22:09:13.186774"
335,229,5,"active","annual","2025-10-10",NULL,49.17,0.00,NULL,NULL,"2026-04-24 22:09:13.186774"
336,230,3,"active","monthly","2023-05-16",NULL,19.00,0.00,"2023-05-30",NULL,"2026-04-24 22:09:13.186774"
337,231,3,"active","monthly","2023-08-12",NULL,19.00,0.00,"2023-08-26",NULL,"2026-04-24 22:09:13.186774"
338,232,4,"active","annual","2023-10-11",NULL,32.50,0.00,"2023-10-25",NULL,"2026-04-24 22:09:13.186774"
339,233,2,"active","monthly","2023-10-30",NULL,12.00,0.00,"2023-11-13",NULL,"2026-04-24 22:09:13.186774"
340,234,5,"cancelled","monthly","2024-11-18","2025-06-15",53.10,10.00,"2024-12-02","Not using it","2026-04-24 22:09:13.186774"
341,234,4,"active","monthly","2025-06-15",NULL,39.00,0.00,NULL,NULL,"2026-04-24 22:09:13.186774"
342,235,1,"active","annual","2023-08-16",NULL,0.00,0.00,NULL,NULL,"2026-04-24 22:09:13.186774"
343,236,3,"expired","annual","2024-09-27","2025-02-04",15.83,0.00,"2024-10-11","Missing features","2026-04-24 22:09:13.186774"
344,236,4,"cancelled","annual","2025-02-04","2025-10-07",29.25,10.00,NULL,"Not using it","2026-04-24 22:09:13.186774"
345,237,1,"expired","monthly","2025-06-02","2025-10-16",0.00,0.00,NULL,"Company reorganization","2026-04-24 22:09:13.186774"
346,237,5,"cancelled","annual","2025-10-16","2025-12-16",49.17,0.00,NULL,"Not using it","2026-04-24 22:09:13.186774"
347,237,3,"active","monthly","2025-12-16",NULL,15.20,20.00,NULL,NULL,"2026-04-24 22:09:13.186774"
348,238,4,"expired","monthly","2023-06-12","2023-12-25",39.00,0.00,"2023-06-26","Budget cuts","2026-04-24 22:09:13.186774"
349,238,4,"active","monthly","2023-12-25",NULL,35.10,10.00,NULL,NULL,"2026-04-24 22:09:13.186774"
350,239,4,"cancelled","annual","2025-07-02","2025-09-20",32.50,0.00,"2025-07-16","Not using it","2026-04-24 22:09:13.186774"
351,239,5,"cancelled","annual","2025-09-20","2025-11-20",49.17,0.00,NULL,"Not using it","2026-04-24 22:09:13.186774"
352,239,5,"active","monthly","2025-11-20",NULL,59.00,0.00,NULL,NULL,"2026-04-24 22:09:13.186774"
353,240,1,"cancelled","monthly","2025-04-23","2025-10-18",0.00,0.00,NULL,"Missing features","2026-04-24 22:09:13.186774"
354,240,4,"cancelled","monthly","2025-10-18","2025-07-18",39.00,0.00,NULL,"Budget cuts","2026-04-24 22:09:13.186774"
355,241,2,"cancelled","monthly","2023-08-18","2024-08-15",12.00,0.00,"2023-09-01",NULL,"2026-04-24 22:09:13.186774"
356,241,3,"active","annual","2024-08-15",NULL,15.83,0.00,NULL,NULL,"2026-04-24 22:09:13.186774"
357,242,3,"cancelled","annual","2024-11-08","2025-10-05",15.83,0.00,"2024-11-22",NULL,"2026-04-24 22:09:13.186774"
358,242,4,"cancelled","monthly","2025-10-05","2025-10-28",39.00,0.00,NULL,"Not using it","2026-04-24 22:09:13.186774"
359,243,1,"active","monthly","2023-10-04",NULL,0.00,0.00,NULL,NULL,"2026-04-24 22:09:13.186774"
360,244,2,"cancelled","monthly","2023-10-30","2024-09-07",12.00,0.00,"2023-11-13","Missing features","2026-04-24 22:09:13.186774"
361,244,3,"cancelled","monthly","2024-09-07","2025-01-27",19.00,0.00,NULL,NULL,"2026-04-24 22:09:13.186774"
362,245,2,"cancelled","monthly","2025-01-10","2025-05-19",12.00,0.00,"2025-01-24","Switched competitor","2026-04-24 22:09:13.186774"
363,246,2,"cancelled","monthly","2025-06-30","2025-10-20",12.00,0.00,"2025-07-14","Too expensive","2026-04-24 22:09:13.186774"
364,247,1,"expired","monthly","2024-04-12","2025-03-05",0.00,0.00,NULL,"Too expensive","2026-04-24 22:09:13.186774"
365,247,6,"expired","annual","2025-03-05","2025-06-08",82.50,0.00,NULL,"Not using it","2026-04-24 22:09:13.186774"
366,247,3,"active","annual","2025-06-08",NULL,15.83,0.00,NULL,NULL,"2026-04-24 22:09:13.186774"
367,248,1,"cancelled","monthly","2023-07-05","2024-05-26",0.00,0.00,NULL,"Budget cuts","2026-04-24 22:09:13.186774"
368,248,5,"active","annual","2024-05-26",NULL,49.17,0.00,NULL,NULL,"2026-04-24 22:09:13.186774"
369,249,4,"active","monthly","2025-06-08",NULL,39.00,0.00,"2025-06-22",NULL,"2026-04-24 22:09:13.186774"
370,250,2,"cancelled","annual","2025-04-26","2025-09-07",10.00,0.00,"2025-05-10","Company reorganization","2026-04-24 22:09:13.186774"
371,250,4,"active","monthly","2025-09-07",NULL,39.00,0.00,NULL,NULL,"2026-04-24 22:09:13.186774"
372,251,1,"active","monthly","2023-12-05",NULL,0.00,0.00,NULL,NULL,"2026-04-24 22:09:13.186774"
373,252,1,"cancelled","monthly","2024-02-27","2025-05-28",0.00,0.00,NULL,"Not using it","2026-04-24 22:09:13.186774"
374,253,6,"active","annual","2025-01-03",NULL,82.50,0.00,"2025-01-17",NULL,"2026-04-24 22:09:13.186774"
375,254,2,"cancelled","annual","2023-04-19","2024-01-29",10.00,0.00,"2023-05-03",NULL,"2026-04-24 22:09:13.186774"
376,255,2,"cancelled","monthly","2024-02-29","2024-08-02",12.00,0.00,"2024-03-14","Switched competitor","2026-04-24 22:09:13.186774"
377,255,2,"cancelled","annual","2024-08-02","2025-08-03",10.00,0.00,NULL,NULL,"2026-04-24 22:09:13.186774"
378,256,1,"expired","monthly","2024-05-09","2025-05-03",0.00,0.00,NULL,"Budget cuts","2026-04-24 22:09:13.186774"
379,256,5,"active","monthly","2025-05-03",NULL,59.00,0.00,NULL,NULL,"2026-04-24 22:09:13.186774"
380,257,3,"active","annual","2025-02-19",NULL,15.83,0.00,"2025-03-05",NULL,"2026-04-24 22:09:13.186774"
381,258,4,"active","monthly","2023-07-25",NULL,31.20,20.00,"2023-08-08",NULL,"2026-04-24 22:09:13.186774"
382,259,2,"expired","monthly","2024-08-19","2024-12-27",12.00,0.00,"2024-09-02","Not using it","2026-04-24 22:09:13.186774"
383,259,5,"active","monthly","2024-12-27",NULL,50.15,15.00,NULL,NULL,"2026-04-24 22:09:13.186774"
384,260,1,"active","monthly","2025-02-07",NULL,0.00,0.00,NULL,NULL,"2026-04-24 22:09:13.186774"
385,261,1,"active","monthly","2025-01-30",NULL,0.00,0.00,NULL,NULL,"2026-04-24 22:09:13.186774"
386,262,4,"cancelled","annual","2025-03-10","2025-07-18",32.50,0.00,"2025-03-24","Too expensive","2026-04-24 22:09:13.186774"
387,262,4,"active","monthly","2025-07-18",NULL,39.00,0.00,NULL,NULL,"2026-04-24 22:09:13.186774"
388,263,2,"expired","monthly","2023-06-27","2023-09-14",12.00,0.00,"2023-07-11","Not using it","2026-04-24 22:09:13.186774"
389,263,5,"active","monthly","2023-09-14",NULL,59.00,0.00,NULL,NULL,"2026-04-24 22:09:13.186774"
390,264,1,"active","monthly","2025-08-12",NULL,0.00,0.00,NULL,NULL,"2026-04-24 22:09:13.186774"
391,265,2,"cancelled","monthly","2023-06-13","2024-04-25",12.00,0.00,"2023-06-27","Switched competitor","2026-04-24 22:09:13.186774"
392,265,5,"active","annual","2024-04-25",NULL,49.17,0.00,NULL,NULL,"2026-04-24 22:09:13.186774"
393,266,1,"active","monthly","2023-12-21",NULL,0.00,0.00,NULL,NULL,"2026-04-24 22:09:13.186774"
394,267,2,"active","monthly","2024-01-19",NULL,10.20,15.00,"2024-02-02",NULL,"2026-04-24 22:09:13.186774"
395,268,1,"active","monthly","2025-03-03",NULL,0.00,0.00,NULL,NULL,"2026-04-24 22:09:13.186774"
396,269,1,"active","monthly","2025-01-04",NULL,0.00,0.00,NULL,NULL,"2026-04-24 22:09:13.186774"
397,270,1,"cancelled","annual","2023-05-02","2023-07-20",0.00,25.00,NULL,"Too expensive","2026-04-24 22:09:13.186774"
398,270,5,"active","annual","2023-07-20",NULL,49.17,0.00,NULL,NULL,"2026-04-24 22:09:13.186774"
399,271,1,"active","annual","2025-04-21",NULL,0.00,0.00,NULL,NULL,"2026-04-24 22:09:13.186774"
400,272,1,"active","annual","2023-01-06",NULL,0.00,0.00,NULL,NULL,"2026-04-24 22:09:13.186774"
401,273,2,"active","monthly","2023-08-15",NULL,12.00,0.00,"2023-08-29",NULL,"2026-04-24 22:09:13.186774"
402,274,1,"cancelled","annual","2023-12-05","2024-05-02",0.00,0.00,NULL,"Budget cuts","2026-04-24 22:09:13.186774"
403,274,3,"cancelled","annual","2024-05-02","2025-01-17",14.25,10.00,NULL,NULL,"2026-04-24 22:09:13.186774"
404,274,5,"active","monthly","2025-01-17",NULL,59.00,0.00,NULL,NULL,"2026-04-24 22:09:13.186774"
405,275,3,"expired","annual","2024-08-03","2025-01-08",15.83,0.00,"2024-08-17","Missing features","2026-04-24 22:09:13.186774"
406,275,6,"active","monthly","2025-01-08",NULL,99.00,0.00,NULL,NULL,"2026-04-24 22:09:13.186774"
407,276,1,"expired","monthly","2024-04-18","2025-02-18",0.00,15.00,NULL,"Company reorganization","2026-04-24 22:09:13.186774"
408,276,2,"cancelled","annual","2025-02-18","2025-05-31",10.00,0.00,NULL,"Not using it","2026-04-24 22:09:13.186774"
409,276,4,"active","annual","2025-05-31",NULL,32.50,0.00,NULL,NULL,"2026-04-24 22:09:13.186774"
410,277,1,"cancelled","monthly","2025-07-02","2025-09-19",0.00,15.00,NULL,"Switched competitor","2026-04-24 22:09:13.186774"
411,278,3,"cancelled","monthly","2024-08-26","2025-05-25",19.00,0.00,"2024-09-09","Switched competitor","2026-04-24 22:09:13.186774"
412,278,1,"expired","monthly","2025-05-25","2025-10-21",0.00,0.00,NULL,"Not using it","2026-04-24 22:09:13.186774"
413,278,7,"active","annual","2025-10-21",NULL,149.25,10.00,NULL,NULL,"2026-04-24 22:09:13.186774"
414,279,4,"active","monthly","2025-08-29",NULL,39.00,0.00,"2025-09-12",NULL,"2026-04-24 22:09:13.186774"
415,280,2,"active","monthly","2023-07-31",NULL,12.00,0.00,"2023-08-14",NULL,"2026-04-24 22:09:13.186774"
416,281,1,"active","monthly","2023-09-27",NULL,0.00,0.00,NULL,NULL,"2026-04-24 22:09:13.186774"
417,282,1,"active","monthly","2025-06-07",NULL,0.00,0.00,NULL,NULL,"2026-04-24 22:09:13.186774"
418,283,1,"expired","monthly","2025-04-16","2025-09-23",0.00,20.00,NULL,"Company reorganization","2026-04-24 22:09:13.186774"
419,283,4,"cancelled","annual","2025-09-23","2025-06-29",32.50,0.00,NULL,"Budget cuts","2026-04-24 22:09:13.186774"
420,284,3,"expired","monthly","2023-06-14","2024-04-06",19.00,0.00,"2023-06-28","Switched competitor","2026-04-24 22:09:13.186774"
421,284,1,"cancelled","annual","2024-04-06","2025-09-17",0.00,20.00,NULL,"Budget cuts","2026-04-24 22:09:13.186774"
422,285,6,"active","monthly","2023-08-10",NULL,99.00,0.00,"2023-08-24",NULL,"2026-04-24 22:09:13.186774"
423,286,1,"cancelled","monthly","2024-12-03","2025-07-30",0.00,10.00,NULL,"Switched competitor","2026-04-24 22:09:13.186774"
424,286,3,"expired","annual","2025-07-30","2025-10-05",15.83,0.00,NULL,"Company reorganization","2026-04-24 22:09:13.186774"
425,286,5,"active","monthly","2025-10-05",NULL,59.00,0.00,NULL,NULL,"2026-04-24 22:09:13.186774"
426,287,2,"expired","monthly","2024-09-21","2025-01-06",12.00,0.00,"2024-10-05","Too expensive","2026-04-24 22:09:13.186774"
427,287,3,"active","monthly","2025-01-06",NULL,19.00,0.00,NULL,NULL,"2026-04-24 22:09:13.186774"
428,288,1,"active","monthly","2024-01-15",NULL,0.00,0.00,NULL,NULL,"2026-04-24 22:09:13.186774"
429,289,1,"expired","monthly","2023-05-18","2024-04-09",0.00,0.00,NULL,"Too expensive","2026-04-24 22:09:13.186774"
430,289,6,"expired","annual","2024-04-09","2025-03-06",61.88,25.00,NULL,NULL,"2026-04-24 22:09:13.186774"
431,289,3,"active","annual","2025-03-06",NULL,15.83,0.00,NULL,NULL,"2026-04-24 22:09:13.186774"
432,290,3,"expired","annual","2024-01-20","2024-05-19",15.83,0.00,"2024-02-03","Too expensive","2026-04-24 22:09:13.186774"
433,290,5,"active","monthly","2024-05-19",NULL,59.00,0.00,NULL,NULL,"2026-04-24 22:09:13.186774"
434,291,4,"expired","monthly","2024-02-11","2024-08-05",39.00,0.00,"2024-02-25","Company reorganization","2026-04-24 22:09:13.186774"
435,291,4,"active","annual","2024-08-05",NULL,32.50,0.00,NULL,NULL,"2026-04-24 22:09:13.186774"
436,292,1,"cancelled","annual","2024-11-06","2025-03-05",0.00,0.00,NULL,"Not using it","2026-04-24 22:09:13.186774"
437,293,3,"expired","monthly","2023-01-06","2023-08-21",19.00,0.00,"2023-01-20","Budget cuts","2026-04-24 22:09:13.186774"
438,293,4,"active","monthly","2023-08-21",NULL,39.00,0.00,NULL,NULL,"2026-04-24 22:09:13.186774"
439,294,5,"expired","annual","2024-03-25","2024-09-06",49.17,0.00,"2024-04-08","Budget cuts","2026-04-24 22:09:13.186774"
440,294,5,"cancelled","annual","2024-09-06","2025-09-16",49.17,0.00,NULL,"Not using it","2026-04-24 22:09:13.186774"
441,295,5,"active","annual","2024-02-09",NULL,49.17,0.00,"2024-02-23",NULL,"2026-04-24 22:09:13.186774"
442,296,1,"expired","monthly","2024-06-02","2025-01-30",0.00,0.00,NULL,"Switched competitor","2026-04-24 22:09:13.186774"
443,296,2,"cancelled","monthly","2025-01-30","2024-08-27",12.00,0.00,NULL,"Budget cuts","2026-04-24 22:09:13.186774"
444,297,6,"expired","monthly","2025-06-01","2025-10-22",99.00,0.00,"2025-06-15","Not using it","2026-04-24 22:09:13.186774"
445,297,6,"cancelled","monthly","2025-10-22","2025-07-23",99.00,0.00,NULL,"Company reorganization","2026-04-24 22:09:13.186774"
446,298,1,"cancelled","annual","2025-02-05","2025-09-22",0.00,0.00,NULL,"Budget cuts","2026-04-24 22:09:13.186774"
447,298,2,"active","monthly","2025-09-22",NULL,12.00,0.00,NULL,NULL,"2026-04-24 22:09:13.186774"
448,299,5,"active","monthly","2023-07-31",NULL,59.00,0.00,"2023-08-14",NULL,"2026-04-24 22:09:13.186774"
449,300,5,"active","monthly","2023-11-19",NULL,59.00,0.00,"2023-12-03",NULL,"2026-04-24 22:09:13.186774"
450,301,3,"expired","annual","2024-05-04","2024-12-04",15.83,0.00,"2024-05-18",NULL,"2026-04-24 22:09:13.186774"
451,301,5,"active","annual","2024-12-04",NULL,41.79,15.00,NULL,NULL,"2026-04-24 22:09:13.186774"
452,302,2,"active","annual","2024-09-19",NULL,10.00,0.00,"2024-10-03",NULL,"2026-04-24 22:09:13.186774"
453,303,3,"active","annual","2023-07-04",NULL,15.83,0.00,"2023-07-18",NULL,"2026-04-24 22:09:13.186774"
454,304,3,"active","annual","2023-06-30",NULL,15.83,0.00,"2023-07-14",NULL,"2026-04-24 22:09:13.186774"
455,305,6,"active","monthly","2023-12-09",NULL,99.00,0.00,"2023-12-23",NULL,"2026-04-24 22:09:13.186774"
456,306,6,"expired","monthly","2024-04-02","2024-09-26",99.00,0.00,"2024-04-16","Not using it","2026-04-24 22:09:13.186774"
457,306,2,"expired","monthly","2024-09-26","2025-08-20",12.00,0.00,NULL,"Switched competitor","2026-04-24 22:09:13.186774"
458,306,2,"active","annual","2025-08-20",NULL,9.00,10.00,NULL,NULL,"2026-04-24 22:09:13.186774"
459,307,1,"expired","monthly","2023-08-22","2024-06-13",0.00,0.00,NULL,"Switched competitor","2026-04-24 22:09:13.186774"
460,307,2,"active","monthly","2024-06-13",NULL,12.00,0.00,NULL,NULL,"2026-04-24 22:09:13.186774"
461,308,1,"cancelled","monthly","2023-01-24","2024-02-22",0.00,0.00,NULL,"Company reorganization","2026-04-24 22:09:13.186774"
462,309,4,"cancelled","annual","2024-09-24","2025-07-05",32.50,0.00,"2024-10-08","Budget cuts","2026-04-24 22:09:13.186774"
463,310,2,"active","monthly","2024-07-15",NULL,12.00,0.00,"2024-07-29",NULL,"2026-04-24 22:09:13.186774"
464,311,1,"cancelled","annual","2023-08-21","2024-06-28",0.00,0.00,NULL,"Budget cuts","2026-04-24 22:09:13.186774"
465,311,5,"cancelled","annual","2024-06-28","2025-01-07",44.25,10.00,NULL,"Missing features","2026-04-24 22:09:13.186774"
466,311,6,"active","annual","2025-01-07",NULL,82.50,0.00,NULL,NULL,"2026-04-24 22:09:13.186774"
467,312,6,"active","annual","2023-07-13",NULL,82.50,0.00,"2023-07-27",NULL,"2026-04-24 22:09:13.186774"
468,313,1,"active","monthly","2024-12-02",NULL,0.00,0.00,NULL,NULL,"2026-04-24 22:09:13.186774"
469,314,3,"cancelled","annual","2023-11-25","2024-02-08",15.83,0.00,"2023-12-09","Too expensive","2026-04-24 22:09:13.186774"
470,314,4,"cancelled","annual","2024-02-08","2024-02-01",32.50,0.00,NULL,"Missing features","2026-04-24 22:09:13.186774"
471,315,1,"active","monthly","2025-03-29",NULL,0.00,25.00,NULL,NULL,"2026-04-24 22:09:13.186774"
472,316,2,"active","annual","2023-09-14",NULL,10.00,0.00,"2023-09-28",NULL,"2026-04-24 22:09:13.186774"
473,317,3,"active","monthly","2024-11-28",NULL,19.00,0.00,"2024-12-12",NULL,"2026-04-24 22:09:13.186774"
474,318,4,"cancelled","annual","2023-08-30","2024-04-27",32.50,0.00,"2023-09-13","Switched competitor","2026-04-24 22:09:13.186774"
475,318,6,"active","monthly","2024-04-27",NULL,99.00,0.00,NULL,NULL,"2026-04-24 22:09:13.186774"
476,319,2,"active","monthly","2023-04-02",NULL,12.00,0.00,"2023-04-16",NULL,"2026-04-24 22:09:13.186774"
477,320,1,"active","monthly","2025-02-13",NULL,0.00,0.00,NULL,NULL,"2026-04-24 22:09:13.186774"
478,321,1,"active","monthly","2023-07-14",NULL,0.00,0.00,NULL,NULL,"2026-04-24 22:09:13.186774"
479,322,4,"expired","monthly","2023-01-01","2023-07-25",39.00,0.00,"2023-01-15","Company reorganization","2026-04-24 22:09:13.186774"
480,322,4,"active","annual","2023-07-25",NULL,29.25,10.00,NULL,NULL,"2026-04-24 22:09:13.186774"
481,323,3,"active","monthly","2024-05-24",NULL,19.00,0.00,"2024-06-07",NULL,"2026-04-24 22:09:13.186774"
482,324,1,"expired","annual","2024-10-19","2025-09-02",0.00,0.00,NULL,"Company reorganization","2026-04-24 22:09:13.186774"
483,324,3,"cancelled","monthly","2025-09-02","2025-11-01",19.00,0.00,NULL,"Too expensive","2026-04-24 22:09:13.186774"
484,324,7,"active","annual","2025-11-01",NULL,165.83,0.00,NULL,NULL,"2026-04-24 22:09:13.186774"
485,325,4,"active","monthly","2025-01-31",NULL,39.00,0.00,"2025-02-14",NULL,"2026-04-24 22:09:13.186774"
486,326,2,"expired","annual","2023-07-14","2024-01-12",10.00,0.00,"2023-07-28",NULL,"2026-04-24 22:09:13.186774"
487,326,4,"cancelled","monthly","2024-01-12","2024-11-30",39.00,0.00,NULL,"Not using it","2026-04-24 22:09:13.186774"
488,326,3,"cancelled","annual","2024-11-30","2024-09-02",15.83,0.00,NULL,"Missing features","2026-04-24 22:09:13.186774"
489,327,2,"expired","monthly","2023-06-20","2024-03-23",12.00,0.00,"2023-07-04","Company reorganization","2026-04-24 22:09:13.186774"
490,327,5,"paused","monthly","2024-03-23",NULL,59.00,0.00,NULL,NULL,"2026-04-24 22:09:13.186774"
491,328,3,"active","monthly","2024-07-30",NULL,19.00,0.00,"2024-08-13",NULL,"2026-04-24 22:09:13.186774"
492,329,1,"active","monthly","2023-08-08",NULL,0.00,0.00,NULL,NULL,"2026-04-24 22:09:13.186774"
493,330,1,"active","monthly","2024-08-19",NULL,0.00,0.00,NULL,NULL,"2026-04-24 22:09:13.186774"
494,331,4,"active","monthly","2025-04-07",NULL,39.00,0.00,"2025-04-21",NULL,"2026-04-24 22:09:13.186774"
495,332,1,"cancelled","monthly","2024-06-20","2025-09-12",0.00,0.00,NULL,"Not using it","2026-04-24 22:09:13.186774"
496,333,2,"cancelled","monthly","2024-05-02","2025-02-24",10.80,10.00,"2024-05-16","Not using it","2026-04-24 22:09:13.186774"
497,333,1,"active","monthly","2025-02-24",NULL,0.00,10.00,NULL,NULL,"2026-04-24 22:09:13.186774"
498,334,4,"cancelled","annual","2024-09-22","2025-07-29",32.50,0.00,"2024-10-06","Too expensive","2026-04-24 22:09:13.186774"
499,334,4,"active","annual","2025-07-29",NULL,32.50,0.00,NULL,NULL,"2026-04-24 22:09:13.186774"
500,335,5,"cancelled","monthly","2024-08-31","2024-12-26",53.10,10.00,"2024-09-14","Company reorganization","2026-04-24 22:09:13.186774"
501,335,5,"active","annual","2024-12-26",NULL,49.17,0.00,NULL,NULL,"2026-04-24 22:09:13.186774"
502,336,6,"active","monthly","2023-06-09",NULL,99.00,0.00,"2023-06-23",NULL,"2026-04-24 22:09:13.186774"
503,337,3,"active","annual","2023-12-06",NULL,15.83,0.00,"2023-12-20",NULL,"2026-04-24 22:09:13.186774"
504,338,6,"cancelled","annual","2023-06-24","2024-05-30",70.12,15.00,"2023-07-08","Switched competitor","2026-04-24 22:09:13.186774"
505,339,2,"expired","annual","2023-01-20","2023-08-05",10.00,0.00,"2023-02-03",NULL,"2026-04-24 22:09:13.186774"
506,339,3,"active","monthly","2023-08-05",NULL,16.15,15.00,NULL,NULL,"2026-04-24 22:09:13.186774"
507,340,1,"active","monthly","2024-07-28",NULL,0.00,0.00,NULL,NULL,"2026-04-24 22:09:13.186774"
508,341,2,"active","annual","2023-03-05",NULL,10.00,0.00,"2023-03-19",NULL,"2026-04-24 22:09:13.186774"
509,342,2,"expired","monthly","2024-08-09","2025-01-06",10.80,10.00,"2024-08-23",NULL,"2026-04-24 22:09:13.186774"
510,342,2,"cancelled","annual","2025-01-06","2025-05-08",10.00,0.00,NULL,"Budget cuts","2026-04-24 22:09:13.186774"
511,343,1,"active","annual","2024-03-16",NULL,0.00,0.00,NULL,NULL,"2026-04-24 22:09:13.186774"
512,344,1,"paused","monthly","2025-02-22",NULL,0.00,10.00,NULL,NULL,"2026-04-24 22:09:13.186774"
513,345,4,"active","monthly","2023-08-25",NULL,39.00,0.00,"2023-09-08",NULL,"2026-04-24 22:09:13.186774"
514,346,1,"cancelled","annual","2023-05-21","2024-06-05",0.00,0.00,NULL,"Company reorganization","2026-04-24 22:09:13.186774"
515,347,4,"active","monthly","2023-11-29",NULL,39.00,0.00,"2023-12-13",NULL,"2026-04-24 22:09:13.186774"
516,348,1,"active","annual","2024-04-07",NULL,0.00,0.00,NULL,NULL,"2026-04-24 22:09:13.186774"
517,349,4,"expired","monthly","2024-02-12","2024-12-23",39.00,0.00,"2024-02-26","Switched competitor","2026-04-24 22:09:13.186774"
518,349,6,"active","monthly","2024-12-23",NULL,99.00,0.00,NULL,NULL,"2026-04-24 22:09:13.186774"
519,350,1,"cancelled","annual","2023-04-26","2024-04-07",0.00,0.00,NULL,"Missing features","2026-04-24 22:09:13.186774"
520,350,4,"cancelled","monthly","2024-04-07","2025-09-20",39.00,0.00,NULL,"Switched competitor","2026-04-24 22:09:13.186774"
521,351,1,"expired","monthly","2023-05-07","2023-09-04",0.00,0.00,NULL,"Budget cuts","2026-04-24 22:09:13.186774"
522,351,2,"cancelled","annual","2023-09-04","2025-05-04",10.00,0.00,NULL,"Not using it","2026-04-24 22:09:13.186774"
523,352,1,"cancelled","monthly","2025-06-02","2025-07-30",0.00,0.00,NULL,"Missing features","2026-04-24 22:09:13.186774"
524,353,1,"active","annual","2025-02-22",NULL,0.00,0.00,NULL,NULL,"2026-04-24 22:09:13.186774"
525,354,3,"active","monthly","2024-07-24",NULL,19.00,0.00,"2024-08-07",NULL,"2026-04-24 22:09:13.186774"
526,355,3,"active","monthly","2023-06-15",NULL,19.00,0.00,"2023-06-29",NULL,"2026-04-24 22:09:13.186774"
527,356,5,"active","monthly","2025-05-13",NULL,59.00,0.00,"2025-05-27",NULL,"2026-04-24 22:09:13.186774"
528,357,1,"active","monthly","2024-05-10",NULL,0.00,10.00,NULL,NULL,"2026-04-24 22:09:13.186774"
529,358,4,"active","monthly","2024-10-09",NULL,39.00,0.00,"2024-10-23",NULL,"2026-04-24 22:09:13.186774"
530,359,2,"active","annual","2024-02-29",NULL,10.00,0.00,"2024-03-14",NULL,"2026-04-24 22:09:13.186774"
531,360,4,"expired","annual","2023-12-16","2024-02-22",32.50,0.00,"2023-12-30","Switched competitor","2026-04-24 22:09:13.186774"
532,360,6,"active","annual","2024-02-22",NULL,82.50,0.00,NULL,NULL,"2026-04-24 22:09:13.186774"
533,361,4,"active","annual","2025-07-02",NULL,32.50,0.00,"2025-07-16",NULL,"2026-04-24 22:09:13.186774"
534,362,3,"active","annual","2025-06-28",NULL,15.83,0.00,"2025-07-12",NULL,"2026-04-24 22:09:13.186774"
535,363,2,"active","monthly","2023-11-19",NULL,12.00,0.00,"2023-12-03",NULL,"2026-04-24 22:09:13.186774"
536,364,4,"expired","annual","2023-12-15","2024-04-30",32.50,0.00,"2023-12-29","Switched competitor","2026-04-24 22:09:13.186774"
537,364,2,"expired","monthly","2024-04-30","2024-12-24",12.00,0.00,NULL,"Budget cuts","2026-04-24 22:09:13.186774"
538,364,4,"active","monthly","2024-12-24",NULL,39.00,0.00,NULL,NULL,"2026-04-24 22:09:13.186774"
539,365,2,"active","annual","2023-11-15",NULL,10.00,0.00,"2023-11-29",NULL,"2026-04-24 22:09:13.186774"
540,366,1,"cancelled","annual","2023-07-17","2024-05-03",0.00,0.00,NULL,"Switched competitor","2026-04-24 22:09:13.186774"
541,366,5,"cancelled","monthly","2024-05-03","2025-02-08",59.00,0.00,NULL,"Missing features","2026-04-24 22:09:13.186774"
542,366,2,"active","monthly","2025-02-08",NULL,12.00,0.00,NULL,NULL,"2026-04-24 22:09:13.186774"
543,367,4,"cancelled","monthly","2024-12-22","2025-07-26",35.10,10.00,"2025-01-05","Not using it","2026-04-24 22:09:13.186774"
544,367,1,"active","annual","2025-07-26",NULL,0.00,0.00,NULL,NULL,"2026-04-24 22:09:13.186774"
545,368,3,"active","monthly","2023-07-03",NULL,19.00,0.00,"2023-07-17",NULL,"2026-04-24 22:09:13.186774"
546,369,2,"active","monthly","2023-11-14",NULL,12.00,0.00,"2023-11-28",NULL,"2026-04-24 22:09:13.186774"
547,370,2,"cancelled","monthly","2024-05-01","2025-06-06",12.00,0.00,"2024-05-15","Missing features","2026-04-24 22:09:13.186774"
548,371,1,"active","annual","2025-03-22",NULL,0.00,0.00,NULL,NULL,"2026-04-24 22:09:13.186774"
549,372,4,"active","annual","2023-12-17",NULL,32.50,0.00,"2023-12-31",NULL,"2026-04-24 22:09:13.186774"
550,373,6,"active","monthly","2025-09-05",NULL,99.00,0.00,"2025-09-19",NULL,"2026-04-24 22:09:13.186774"
551,374,1,"cancelled","monthly","2024-11-07","2025-07-01",0.00,10.00,NULL,"Missing features","2026-04-24 22:09:13.186774"
552,375,1,"expired","monthly","2024-02-18","2025-01-22",0.00,0.00,NULL,"Not using it","2026-04-24 22:09:13.186774"
553,375,6,"cancelled","monthly","2025-01-22","2025-06-17",99.00,0.00,NULL,"Switched competitor","2026-04-24 22:09:13.186774"
554,375,5,"active","annual","2025-06-17",NULL,44.25,10.00,NULL,NULL,"2026-04-24 22:09:13.186774"
555,376,1,"active","monthly","2024-12-20",NULL,0.00,0.00,NULL,NULL,"2026-04-24 22:09:13.186774"
556,377,2,"active","monthly","2023-06-07",NULL,10.80,10.00,"2023-06-21",NULL,"2026-04-24 22:09:13.186774"
557,378,3,"cancelled","monthly","2025-07-04","2025-09-16",19.00,0.00,"2025-07-18","Budget cuts","2026-04-24 22:09:13.186774"
558,378,5,"active","annual","2025-09-16",NULL,49.17,0.00,NULL,NULL,"2026-04-24 22:09:13.186774"
559,379,6,"active","monthly","2023-10-03",NULL,84.15,15.00,"2023-10-17",NULL,"2026-04-24 22:09:13.186774"
560,380,1,"cancelled","monthly","2023-03-22","2023-09-08",0.00,0.00,NULL,"Switched competitor","2026-04-24 22:09:13.186774"
561,380,5,"expired","monthly","2023-09-08","2024-01-01",59.00,0.00,NULL,"Switched competitor","2026-04-24 22:09:13.186774"
562,380,3,"active","monthly","2024-01-01",NULL,19.00,0.00,NULL,NULL,"2026-04-24 22:09:13.186774"
563,381,1,"active","annual","2024-07-01",NULL,0.00,0.00,NULL,NULL,"2026-04-24 22:09:13.186774"
564,382,1,"cancelled","annual","2024-08-09","2025-06-13",0.00,20.00,NULL,"Not using it","2026-04-24 22:09:13.186774"
565,382,1,"cancelled","monthly","2025-06-13","2025-10-30",0.00,0.00,NULL,"Too expensive","2026-04-24 22:09:13.186774"
566,382,5,"cancelled","monthly","2025-10-30","2025-04-22",53.10,10.00,NULL,"Company reorganization","2026-04-24 22:09:13.186774"
567,383,3,"active","annual","2023-04-25",NULL,12.67,20.00,"2023-05-09",NULL,"2026-04-24 22:09:13.186774"
568,384,5,"cancelled","monthly","2023-03-28","2023-09-19",59.00,0.00,"2023-04-11","Not using it","2026-04-24 22:09:13.186774"
569,384,7,"active","annual","2023-09-19",NULL,165.83,0.00,NULL,NULL,"2026-04-24 22:09:13.186774"
570,385,5,"expired","annual","2023-09-28","2024-05-18",49.17,0.00,"2023-10-12","Missing features","2026-04-24 22:09:13.186774"
571,385,2,"cancelled","annual","2024-05-18","2024-10-29",10.00,0.00,NULL,"Switched competitor","2026-04-24 22:09:13.186774"
572,385,6,"active","monthly","2024-10-29",NULL,99.00,0.00,NULL,NULL,"2026-04-24 22:09:13.186774"
573,386,3,"cancelled","monthly","2024-03-21","2025-04-03",19.00,0.00,"2024-04-04","Missing features","2026-04-24 22:09:13.186774"
574,387,1,"expired","monthly","2024-08-21","2025-06-11",0.00,0.00,NULL,"Too expensive","2026-04-24 22:09:13.186774"
575,387,6,"active","monthly","2025-06-11",NULL,99.00,0.00,NULL,NULL,"2026-04-24 22:09:13.186774"
576,388,1,"cancelled","monthly","2024-06-21","2025-07-02",0.00,0.00,NULL,"Budget cuts","2026-04-24 22:09:13.186774"
577,389,1,"cancelled","monthly","2024-09-11","2025-06-22",0.00,0.00,NULL,"Too expensive","2026-04-24 22:09:13.186774"
578,390,2,"expired","annual","2025-03-10","2025-07-17",10.00,0.00,"2025-03-24","Too expensive","2026-04-24 22:09:13.186774"
579,390,2,"cancelled","monthly","2025-07-17","2025-10-18",12.00,0.00,NULL,"Switched competitor","2026-04-24 22:09:13.186774"
580,390,4,"cancelled","annual","2025-10-18","2025-05-03",32.50,0.00,NULL,"Missing features","2026-04-24 22:09:13.186774"
581,391,6,"expired","monthly","2023-08-12","2024-01-28",99.00,0.00,"2023-08-26",NULL,"2026-04-24 22:09:13.186774"
582,391,5,"active","monthly","2024-01-28",NULL,59.00,0.00,NULL,NULL,"2026-04-24 22:09:13.186774"
583,392,1,"expired","annual","2023-09-30","2024-06-10",0.00,0.00,NULL,NULL,"2026-04-24 22:09:13.186774"
584,392,4,"cancelled","monthly","2024-06-10","2024-07-12",39.00,0.00,NULL,NULL,"2026-04-24 22:09:13.186774"
585,393,1,"active","annual","2024-07-02",NULL,0.00,0.00,NULL,NULL,"2026-04-24 22:09:13.186774"
586,394,1,"expired","annual","2023-06-30","2023-11-29",0.00,0.00,NULL,NULL,"2026-04-24 22:09:13.186774"
587,394,4,"active","monthly","2023-11-29",NULL,39.00,0.00,NULL,NULL,"2026-04-24 22:09:13.186774"
588,395,1,"expired","monthly","2023-07-17","2023-10-27",0.00,0.00,NULL,"Budget cuts","2026-04-24 22:09:13.186774"
589,395,1,"cancelled","annual","2023-10-27","2024-01-08",0.00,0.00,NULL,"Too expensive","2026-04-24 22:09:13.186774"
590,395,6,"cancelled","monthly","2024-01-08","2024-08-20",89.10,10.00,NULL,"Missing features","2026-04-24 22:09:13.186774"
591,396,4,"active","annual","2024-11-25",NULL,32.50,0.00,"2024-12-09",NULL,"2026-04-24 22:09:13.186774"
592,397,1,"cancelled","annual","2024-10-09","2025-07-26",0.00,0.00,NULL,"Too expensive","2026-04-24 22:09:13.186774"
593,397,5,"expired","annual","2025-07-26","2025-10-06",44.25,10.00,NULL,"Not using it","2026-04-24 22:09:13.186774"
594,397,4,"cancelled","annual","2025-10-06","2025-03-07",32.50,0.00,NULL,"Missing features","2026-04-24 22:09:13.186774"
595,398,2,"active","annual","2023-11-26",NULL,10.00,0.00,"2023-12-10",NULL,"2026-04-24 22:09:13.186774"
596,399,1,"active","monthly","2025-08-05",NULL,0.00,0.00,NULL,NULL,"2026-04-24 22:09:13.186774"
597,400,5,"active","monthly","2025-03-22",NULL,59.00,0.00,"2025-04-05",NULL,"2026-04-24 22:09:13.186774"
598,401,3,"active","annual","2024-10-04",NULL,15.83,0.00,"2024-10-18",NULL,"2026-04-24 22:09:13.186774"
599,402,3,"active","annual","2024-11-06",NULL,15.83,0.00,"2024-11-20",NULL,"2026-04-24 22:09:13.186774"
600,403,6,"cancelled","annual","2025-04-04","2025-07-01",82.50,0.00,"2025-04-18",NULL,"2026-04-24 22:09:13.186774"
601,403,6,"expired","annual","2025-07-01","2025-09-26",82.50,0.00,NULL,"Budget cuts","2026-04-24 22:09:13.186774"
602,403,4,"active","monthly","2025-09-26",NULL,39.00,0.00,NULL,NULL,"2026-04-24 22:09:13.186774"
603,404,3,"cancelled","monthly","2024-11-24","2025-04-11",19.00,0.00,"2024-12-08","Budget cuts","2026-04-24 22:09:13.186774"
604,404,2,"active","annual","2025-04-11",NULL,10.00,0.00,NULL,NULL,"2026-04-24 22:09:13.186774"
605,405,1,"paused","monthly","2025-08-08",NULL,0.00,25.00,NULL,NULL,"2026-04-24 22:09:13.186774"
606,406,5,"cancelled","monthly","2024-04-21","2024-08-07",59.00,0.00,"2024-05-05","Not using it","2026-04-24 22:09:13.186774"
607,406,5,"active","monthly","2024-08-07",NULL,59.00,0.00,NULL,NULL,"2026-04-24 22:09:13.186774"
608,407,3,"active","monthly","2023-08-10",NULL,17.10,10.00,"2023-08-24",NULL,"2026-04-24 22:09:13.186774"
609,408,3,"active","monthly","2025-07-24",NULL,19.00,0.00,"2025-08-07",NULL,"2026-04-24 22:09:13.186774"
610,409,1,"cancelled","annual","2023-09-04","2025-05-10",0.00,0.00,NULL,"Too expensive","2026-04-24 22:09:13.186774"
611,410,2,"active","annual","2025-02-04",NULL,9.00,10.00,"2025-02-18",NULL,"2026-04-24 22:09:13.186774"
612,411,2,"cancelled","annual","2024-12-08","2025-02-26",10.00,0.00,"2024-12-22",NULL,"2026-04-24 22:09:13.186774"
613,411,3,"active","monthly","2025-02-26",NULL,19.00,0.00,NULL,NULL,"2026-04-24 22:09:13.186774"
614,412,4,"active","monthly","2025-07-20",NULL,39.00,0.00,"2025-08-03",NULL,"2026-04-24 22:09:13.186774"
615,413,1,"cancelled","monthly","2023-12-09","2024-03-12",0.00,0.00,NULL,NULL,"2026-04-24 22:09:13.186774"
616,413,5,"active","monthly","2024-03-12",NULL,59.00,0.00,NULL,NULL,"2026-04-24 22:09:13.186774"
617,414,2,"cancelled","annual","2025-04-29","2025-10-13",10.00,0.00,"2025-05-13","Too expensive","2026-04-24 22:09:13.186774"
618,415,4,"cancelled","monthly","2025-09-06","2025-10-13",39.00,0.00,"2025-09-20","Not using it","2026-04-24 22:09:13.186774"
619,416,6,"expired","monthly","2024-10-22","2025-10-11",99.00,0.00,"2024-11-05","Company reorganization","2026-04-24 22:09:13.186774"
620,416,4,"expired","annual","2025-10-11","2025-12-11",32.50,0.00,NULL,"Not using it","2026-04-24 22:09:13.186774"
621,416,4,"cancelled","annual","2025-12-11","2025-02-02",32.50,0.00,NULL,"Switched competitor","2026-04-24 22:09:13.186774"
622,417,2,"cancelled","monthly","2023-11-08","2024-05-11",12.00,0.00,"2023-11-22","Company reorganization","2026-04-24 22:09:13.186774"
623,417,3,"expired","monthly","2024-05-11","2025-03-06",19.00,0.00,NULL,"Not using it","2026-04-24 22:09:13.186774"
624,417,4,"active","monthly","2025-03-06",NULL,39.00,0.00,NULL,NULL,"2026-04-24 22:09:13.186774"
625,418,3,"cancelled","annual","2023-04-30","2024-10-02",12.67,20.00,"2023-05-14","Too expensive","2026-04-24 22:09:13.186774"
626,419,1,"active","monthly","2025-08-08",NULL,0.00,0.00,NULL,NULL,"2026-04-24 22:09:13.186774"
627,420,1,"active","annual","2025-01-19",NULL,0.00,0.00,NULL,NULL,"2026-04-24 22:09:13.186774"
628,421,3,"active","monthly","2023-08-16",NULL,19.00,0.00,"2023-08-30",NULL,"2026-04-24 22:09:13.186774"
629,422,1,"cancelled","annual","2025-08-24","2025-10-25",0.00,20.00,NULL,"Not using it","2026-04-24 22:09:13.186774"
630,423,3,"expired","annual","2023-10-23","2024-01-13",15.83,0.00,"2023-11-06","Budget cuts","2026-04-24 22:09:13.186774"
631,423,2,"expired","annual","2024-01-13","2024-05-02",10.00,0.00,NULL,"Company reorganization","2026-04-24 22:09:13.186774"
632,423,7,"cancelled","annual","2024-05-02","2025-06-09",165.83,0.00,NULL,"Too expensive","2026-04-24 22:09:13.186774"
633,424,4,"expired","annual","2023-04-01","2023-09-23",32.50,0.00,"2023-04-15","Not using it","2026-04-24 22:09:13.186774"
634,424,5,"cancelled","annual","2023-09-23","2024-06-28",44.25,10.00,NULL,"Missing features","2026-04-24 22:09:13.186774"
635,425,6,"active","monthly","2025-01-27",NULL,99.00,0.00,"2025-02-10",NULL,"2026-04-24 22:09:13.186774"
636,426,2,"active","annual","2025-02-22",NULL,10.00,0.00,"2025-03-08",NULL,"2026-04-24 22:09:13.186774"
637,427,3,"cancelled","annual","2023-09-23","2023-12-07",15.83,0.00,"2023-10-07","Missing features","2026-04-24 22:09:13.186774"
638,428,2,"cancelled","monthly","2024-10-05","2025-06-18",10.20,15.00,"2024-10-19","Company reorganization","2026-04-24 22:09:13.186774"
639,428,6,"cancelled","annual","2025-06-18","2024-12-10",82.50,0.00,NULL,"Too expensive","2026-04-24 22:09:13.186774"
640,429,2,"active","annual","2024-06-14",NULL,10.00,0.00,"2024-06-28",NULL,"2026-04-24 22:09:13.186774"
641,430,2,"active","monthly","2024-12-30",NULL,12.00,0.00,"2025-01-13",NULL,"2026-04-24 22:09:13.186774"
642,431,3,"active","annual","2025-06-30",NULL,15.83,0.00,"2025-07-14",NULL,"2026-04-24 22:09:13.186774"
643,432,2,"active","annual","2024-03-11",NULL,9.00,10.00,"2024-03-25",NULL,"2026-04-24 22:09:13.186774"
644,433,1,"expired","annual","2025-07-19","2025-09-23",0.00,0.00,NULL,NULL,"2026-04-24 22:09:13.186774"
645,433,3,"cancelled","monthly","2025-09-23","2025-11-22",19.00,0.00,NULL,NULL,"2026-04-24 22:09:13.186774"
646,433,5,"active","monthly","2025-11-22",NULL,59.00,0.00,NULL,NULL,"2026-04-24 22:09:13.186774"
647,434,6,"active","annual","2023-06-14",NULL,82.50,0.00,"2023-06-28",NULL,"2026-04-24 22:09:13.186774"
648,435,3,"cancelled","monthly","2025-01-12","2025-05-05",19.00,0.00,"2025-01-26","Not using it","2026-04-24 22:09:13.186774"
649,436,1,"cancelled","annual","2023-11-18","2024-03-12",0.00,0.00,NULL,"Missing features","2026-04-24 22:09:13.186774"
650,437,1,"active","monthly","2024-02-22",NULL,0.00,0.00,NULL,NULL,"2026-04-24 22:09:13.186774"
651,438,1,"expired","annual","2023-03-29","2023-10-28",0.00,0.00,NULL,"Budget cuts","2026-04-24 22:09:13.186774"
652,438,2,"cancelled","monthly","2023-10-28","2024-12-31",9.00,25.00,NULL,NULL,"2026-04-24 22:09:13.186774"
653,439,3,"expired","annual","2025-02-23","2025-08-23",15.83,0.00,"2025-03-09","Budget cuts","2026-04-24 22:09:13.186774"
654,439,4,"active","monthly","2025-08-23",NULL,39.00,0.00,NULL,NULL,"2026-04-24 22:09:13.186774"
655,440,6,"expired","annual","2023-08-25","2024-08-16",82.50,0.00,"2023-09-08","Too expensive","2026-04-24 22:09:13.186774"
656,440,5,"cancelled","annual","2024-08-16","2025-05-06",49.17,0.00,NULL,"Budget cuts","2026-04-24 22:09:13.186774"
657,440,7,"active","monthly","2025-05-06",NULL,199.00,0.00,NULL,NULL,"2026-04-24 22:09:13.186774"
658,441,1,"active","monthly","2025-03-22",NULL,0.00,10.00,NULL,NULL,"2026-04-24 22:09:13.186774"
659,442,4,"active","monthly","2024-07-24",NULL,39.00,0.00,"2024-08-07",NULL,"2026-04-24 22:09:13.186774"
660,443,2,"active","annual","2024-05-02",NULL,8.50,15.00,"2024-05-16",NULL,"2026-04-24 22:09:13.186774"
661,444,4,"expired","annual","2024-08-20","2025-06-10",32.50,0.00,"2024-09-03","Switched competitor","2026-04-24 22:09:13.186774"
662,444,1,"cancelled","monthly","2025-06-10","2025-06-11",0.00,0.00,NULL,"Company reorganization","2026-04-24 22:09:13.186774"
663,445,1,"cancelled","monthly","2023-06-23","2023-11-12",0.00,0.00,NULL,"Too expensive","2026-04-24 22:09:13.186774"
664,445,7,"cancelled","monthly","2023-11-12","2024-12-10",199.00,0.00,NULL,"Too expensive","2026-04-24 22:09:13.186774"
665,446,2,"cancelled","monthly","2024-11-22","2025-06-27",10.20,15.00,"2024-12-06",NULL,"2026-04-24 22:09:13.186774"
666,446,1,"active","monthly","2025-06-27",NULL,0.00,0.00,NULL,NULL,"2026-04-24 22:09:13.186774"
667,447,2,"active","monthly","2024-02-16",NULL,12.00,0.00,"2024-03-01",NULL,"2026-04-24 22:09:13.186774"
668,448,2,"active","annual","2023-11-04",NULL,10.00,0.00,"2023-11-18",NULL,"2026-04-24 22:09:13.186774"
669,449,2,"cancelled","annual","2023-08-07","2023-12-17",10.00,0.00,"2023-08-21","Too expensive","2026-04-24 22:09:13.186774"
670,449,1,"active","annual","2023-12-17",NULL,0.00,0.00,NULL,NULL,"2026-04-24 22:09:13.186774"
671,450,2,"cancelled","annual","2023-09-04","2025-03-19",8.50,15.00,"2023-09-18","Not using it","2026-04-24 22:09:13.186774"
672,451,1,"cancelled","monthly","2023-07-16","2024-12-09",0.00,0.00,NULL,"Too expensive","2026-04-24 22:09:13.186774"
673,452,3,"expired","monthly","2023-02-26","2023-12-12",15.20,20.00,"2023-03-12","Budget cuts","2026-04-24 22:09:13.186774"
674,452,4,"cancelled","monthly","2023-12-12","2024-03-28",31.20,20.00,NULL,"Budget cuts","2026-04-24 22:09:13.186774"
675,452,1,"active","monthly","2024-03-28",NULL,0.00,20.00,NULL,NULL,"2026-04-24 22:09:13.186774"
676,453,3,"expired","monthly","2025-08-13","2025-10-23",19.00,0.00,"2025-08-27","Budget cuts","2026-04-24 22:09:13.186774"
677,453,6,"cancelled","annual","2025-10-23","2025-12-23",82.50,0.00,NULL,"Switched competitor","2026-04-24 22:09:13.186774"
678,453,5,"cancelled","monthly","2025-12-23","2025-10-06",59.00,0.00,NULL,"Company reorganization","2026-04-24 22:09:13.186774"
679,454,6,"cancelled","monthly","2023-04-20","2024-03-04",99.00,0.00,"2023-05-04","Company reorganization","2026-04-24 22:09:13.186774"
680,454,1,"cancelled","monthly","2024-03-04","2024-07-19",0.00,0.00,NULL,"Budget cuts","2026-04-24 22:09:13.186774"
681,455,4,"active","annual","2023-01-22",NULL,32.50,0.00,"2023-02-05",NULL,"2026-04-24 22:09:13.186774"
682,456,1,"cancelled","monthly","2024-12-02","2025-04-02",0.00,0.00,NULL,"Too expensive","2026-04-24 22:09:13.186774"
683,457,1,"active","annual","2023-10-08",NULL,0.00,0.00,NULL,NULL,"2026-04-24 22:09:13.186774"
684,458,2,"active","monthly","2025-01-16",NULL,12.00,0.00,"2025-01-30",NULL,"2026-04-24 22:09:13.186774"
685,459,6,"active","annual","2023-11-09",NULL,82.50,0.00,"2023-11-23",NULL,"2026-04-24 22:09:13.186774"
686,460,2,"expired","monthly","2025-03-29","2025-10-20",12.00,0.00,"2025-04-12","Too expensive","2026-04-24 22:09:13.186774"
687,460,4,"active","annual","2025-10-20",NULL,32.50,0.00,NULL,NULL,"2026-04-24 22:09:13.186774"
688,461,5,"active","monthly","2024-09-24",NULL,59.00,0.00,"2024-10-08",NULL,"2026-04-24 22:09:13.186774"
689,462,3,"active","annual","2025-06-01",NULL,15.83,0.00,"2025-06-15",NULL,"2026-04-24 22:09:13.186774"
690,463,2,"active","annual","2025-09-26",NULL,10.00,0.00,"2025-10-10",NULL,"2026-04-24 22:09:13.186774"
691,464,4,"active","monthly","2023-04-08",NULL,39.00,0.00,"2023-04-22",NULL,"2026-04-24 22:09:13.186774"
692,465,3,"expired","annual","2025-07-02","2025-10-24",11.88,25.00,"2025-07-16",NULL,"2026-04-24 22:09:13.186774"
693,465,6,"active","monthly","2025-10-24",NULL,99.00,0.00,NULL,NULL,"2026-04-24 22:09:13.186774"
694,466,3,"active","monthly","2025-05-04",NULL,19.00,0.00,"2025-05-18",NULL,"2026-04-24 22:09:13.186774"
695,467,2,"active","monthly","2025-08-03",NULL,12.00,0.00,"2025-08-17",NULL,"2026-04-24 22:09:13.186774"
696,468,4,"active","monthly","2025-05-16",NULL,39.00,0.00,"2025-05-30",NULL,"2026-04-24 22:09:13.186774"
697,469,2,"cancelled","monthly","2024-08-07","2024-11-15",12.00,0.00,"2024-08-21","Company reorganization","2026-04-24 22:09:13.186774"
698,469,5,"cancelled","annual","2024-11-15","2024-11-04",49.17,0.00,NULL,"Budget cuts","2026-04-24 22:09:13.186774"
699,470,1,"active","annual","2025-09-05",NULL,0.00,0.00,NULL,NULL,"2026-04-24 22:09:13.186774"
700,471,2,"active","monthly","2023-10-17",NULL,12.00,0.00,"2023-10-31",NULL,"2026-04-24 22:09:13.186774"
701,472,4,"active","annual","2025-09-04",NULL,26.00,20.00,"2025-09-18",NULL,"2026-04-24 22:09:13.186774"
702,473,3,"active","monthly","2024-02-02",NULL,19.00,0.00,"2024-02-16",NULL,"2026-04-24 22:09:13.186774"
703,474,2,"active","annual","2024-06-23",NULL,10.00,0.00,"2024-07-07",NULL,"2026-04-24 22:09:13.186774"
704,475,1,"cancelled","monthly","2024-06-06","2025-01-19",0.00,10.00,NULL,"Budget cuts","2026-04-24 22:09:13.186774"
705,475,5,"paused","annual","2025-01-19",NULL,49.17,0.00,NULL,NULL,"2026-04-24 22:09:13.186774"
706,476,2,"cancelled","monthly","2023-02-16","2024-06-22",12.00,0.00,"2023-03-02","Budget cuts","2026-04-24 22:09:13.186774"
707,477,2,"active","monthly","2024-05-03",NULL,12.00,0.00,"2024-05-17",NULL,"2026-04-24 22:09:13.186774"
708,478,2,"cancelled","monthly","2023-01-15","2023-03-10",12.00,0.00,"2023-01-29","Not using it","2026-04-24 22:09:13.186774"
709,479,5,"expired","annual","2024-04-19","2024-12-02",49.17,0.00,"2024-05-03","Budget cuts","2026-04-24 22:09:13.186774"
710,479,7,"cancelled","monthly","2024-12-02","2025-04-11",199.00,0.00,NULL,"Switched competitor","2026-04-24 22:09:13.186774"
711,480,6,"active","monthly","2024-09-02",NULL,99.00,0.00,"2024-09-16",NULL,"2026-04-24 22:09:13.186774"
712,481,5,"cancelled","monthly","2024-03-08","2024-09-30",59.00,0.00,"2024-03-22","Company reorganization","2026-04-24 22:09:13.186774"
713,481,4,"cancelled","monthly","2024-09-30","2025-02-07",33.15,15.00,NULL,"Budget cuts","2026-04-24 22:09:13.186774"
714,481,6,"active","monthly","2025-02-07",NULL,99.00,0.00,NULL,NULL,"2026-04-24 22:09:13.186774"
715,482,1,"cancelled","monthly","2024-03-24","2024-08-15",0.00,0.00,NULL,"Not using it","2026-04-24 22:09:13.186774"
716,482,4,"active","monthly","2024-08-15",NULL,39.00,0.00,NULL,NULL,"2026-04-24 22:09:13.186774"
717,483,1,"cancelled","monthly","2023-10-17","2024-05-03",0.00,0.00,NULL,"Too expensive","2026-04-24 22:09:13.186774"
718,483,5,"expired","monthly","2024-05-03","2025-05-03",59.00,0.00,NULL,"Missing features","2026-04-24 22:09:13.186774"
719,483,5,"active","monthly","2025-05-03",NULL,59.00,0.00,NULL,NULL,"2026-04-24 22:09:13.186774"
720,484,1,"expired","monthly","2023-06-28","2023-10-21",0.00,0.00,NULL,"Company reorganization","2026-04-24 22:09:13.186774"
721,484,6,"cancelled","monthly","2023-10-21","2024-03-24",89.10,10.00,NULL,"Company reorganization","2026-04-24 22:09:13.186774"
722,484,3,"active","annual","2024-03-24",NULL,15.83,0.00,NULL,NULL,"2026-04-24 22:09:13.186774"
723,485,3,"expired","monthly","2025-02-27","2025-10-12",19.00,0.00,"2025-03-13","Too expensive","2026-04-24 22:09:13.186774"
724,485,5,"active","annual","2025-10-12",NULL,49.17,0.00,NULL,NULL,"2026-04-24 22:09:13.186774"
725,486,6,"cancelled","annual","2025-05-28","2025-08-08",82.50,0.00,"2025-06-11",NULL,"2026-04-24 22:09:13.186774"
726,486,6,"active","monthly","2025-08-08",NULL,99.00,0.00,NULL,NULL,"2026-04-24 22:09:13.186774"
727,487,3,"cancelled","annual","2023-04-12","2024-11-27",15.83,0.00,"2023-04-26","Company reorganization","2026-04-24 22:09:13.186774"
728,488,1,"active","monthly","2023-09-30",NULL,0.00,0.00,NULL,NULL,"2026-04-24 22:09:13.186774"
729,489,1,"active","annual","2024-06-12",NULL,0.00,15.00,NULL,NULL,"2026-04-24 22:09:13.186774"
730,490,1,"cancelled","monthly","2025-02-16","2025-05-12",0.00,0.00,NULL,"Company reorganization","2026-04-24 22:09:13.186774"
731,490,7,"cancelled","monthly","2025-05-12","2025-05-15",199.00,0.00,NULL,"Missing features","2026-04-24 22:09:13.186774"
732,491,2,"cancelled","monthly","2024-09-17","2025-09-03",12.00,0.00,"2024-10-01","Missing features","2026-04-24 22:09:13.186774"
733,491,1,"paused","annual","2025-09-03",NULL,0.00,0.00,NULL,NULL,"2026-04-24 22:09:13.186774"
734,492,2,"expired","annual","2024-02-04","2024-07-22",10.00,0.00,"2024-02-18","Not using it","2026-04-24 22:09:13.186774"
735,492,2,"active","monthly","2024-07-22",NULL,10.80,10.00,NULL,NULL,"2026-04-24 22:09:13.186774"
736,493,4,"cancelled","monthly","2025-05-02","2025-08-09",39.00,0.00,"2025-05-16","Switched competitor","2026-04-24 22:09:13.186774"
737,493,4,"active","monthly","2025-08-09",NULL,39.00,0.00,NULL,NULL,"2026-04-24 22:09:13.186774"
738,494,2,"expired","annual","2024-08-09","2024-11-29",10.00,0.00,"2024-08-23","Missing features","2026-04-24 22:09:13.186774"
739,494,1,"active","monthly","2024-11-29",NULL,0.00,0.00,NULL,NULL,"2026-04-24 22:09:13.186774"
740,495,4,"active","monthly","2025-04-22",NULL,39.00,0.00,"2025-05-06",NULL,"2026-04-24 22:09:13.186774"
741,496,3,"active","monthly","2024-02-09",NULL,19.00,0.00,"2024-02-23",NULL,"2026-04-24 22:09:13.186774"
742,497,1,"cancelled","annual","2024-02-23","2025-01-05",0.00,0.00,NULL,"Budget cuts","2026-04-24 22:09:13.186774"
743,498,2,"cancelled","annual","2025-07-04","2025-09-04",10.00,0.00,"2025-07-18","Switched competitor","2026-04-24 22:09:13.186774"
744,498,7,"expired","annual","2025-09-04","2025-11-03",165.83,0.00,NULL,"Too expensive","2026-04-24 22:09:13.186774"
745,498,4,"active","monthly","2025-11-03",NULL,39.00,0.00,NULL,NULL,"2026-04-24 22:09:13.186774"
746,499,2,"active","monthly","2024-05-01",NULL,12.00,0.00,"2024-05-15",NULL,"2026-04-24 22:09:13.186774"
747,500,5,"active","annual","2024-11-11",NULL,49.17,0.00,"2024-11-25",NULL,"2026-04-24 22:09:13.186774"
748,501,1,"cancelled","monthly","2023-03-29","2025-08-16",0.00,10.00,NULL,"Not using it","2026-04-24 22:09:13.186774"
749,502,1,"active","annual","2024-12-23",NULL,0.00,20.00,NULL,NULL,"2026-04-24 22:09:13.186774"
750,503,2,"expired","annual","2024-07-08","2025-06-24",10.00,0.00,"2024-07-22","Budget cuts","2026-04-24 22:09:13.186774"
751,503,2,"expired","monthly","2025-06-24","2025-09-24",9.60,20.00,NULL,"Too expensive","2026-04-24 22:09:13.186774"
752,503,4,"cancelled","monthly","2025-09-24","2024-11-26",39.00,0.00,NULL,"Not using it","2026-04-24 22:09:13.186774"
753,504,3,"expired","annual","2023-09-22","2024-06-26",15.83,0.00,"2023-10-06","Switched competitor","2026-04-24 22:09:13.186774"
754,504,6,"active","monthly","2024-06-26",NULL,89.10,10.00,NULL,NULL,"2026-04-24 22:09:13.186774"
755,505,1,"paused","monthly","2024-07-20",NULL,0.00,0.00,NULL,NULL,"2026-04-24 22:09:13.186774"
756,506,2,"cancelled","monthly","2024-04-01","2025-09-06",12.00,0.00,"2024-04-15","Switched competitor","2026-04-24 22:09:13.186774"
757,507,3,"cancelled","annual","2025-09-22","2025-10-22",14.25,10.00,"2025-10-06",NULL,"2026-04-24 22:09:13.186774"
758,508,5,"active","monthly","2025-01-12",NULL,50.15,15.00,"2025-01-26",NULL,"2026-04-24 22:09:13.186774"
759,509,4,"expired","monthly","2023-05-17","2024-03-25",39.00,0.00,"2023-05-31","Budget cuts","2026-04-24 22:09:13.186774"
760,509,5,"cancelled","annual","2024-03-25","2024-08-20",49.17,0.00,NULL,"Switched competitor","2026-04-24 22:09:13.186774"
761,509,5,"active","monthly","2024-08-20",NULL,59.00,0.00,NULL,NULL,"2026-04-24 22:09:13.186774"
762,510,2,"active","annual","2025-07-02",NULL,10.00,0.00,"2025-07-16",NULL,"2026-04-24 22:09:13.186774"
763,511,1,"cancelled","monthly","2025-08-16","2025-09-15",0.00,0.00,NULL,NULL,"2026-04-24 22:09:13.186774"
764,512,2,"active","annual","2023-02-07",NULL,8.50,15.00,"2023-02-21",NULL,"2026-04-24 22:09:13.186774"
765,513,1,"active","annual","2025-01-26",NULL,0.00,0.00,NULL,NULL,"2026-04-24 22:09:13.186774"
766,514,4,"active","monthly","2024-12-10",NULL,39.00,0.00,"2024-12-24",NULL,"2026-04-24 22:09:13.186774"
767,515,1,"cancelled","annual","2024-06-13","2025-03-13",0.00,0.00,NULL,"Company reorganization","2026-04-24 22:09:13.186774"
768,515,6,"expired","monthly","2025-03-13","2025-05-13",99.00,0.00,NULL,"Switched competitor","2026-04-24 22:09:13.186774"
769,515,4,"active","annual","2025-05-13",NULL,32.50,0.00,NULL,NULL,"2026-04-24 22:09:13.186774"
770,516,1,"cancelled","monthly","2025-01-25","2025-06-06",0.00,0.00,NULL,"Not using it","2026-04-24 22:09:13.186774"
771,516,5,"active","annual","2025-06-06",NULL,41.79,15.00,NULL,NULL,"2026-04-24 22:09:13.186774"
772,517,2,"expired","monthly","2023-09-11","2024-09-07",12.00,0.00,"2023-09-25","Company reorganization","2026-04-24 22:09:13.186774"
773,517,4,"cancelled","monthly","2024-09-07","2025-02-18",39.00,0.00,NULL,"Not using it","2026-04-24 22:09:13.186774"
774,517,6,"cancelled","monthly","2025-02-18","2024-04-13",99.00,0.00,NULL,"Not using it","2026-04-24 22:09:13.186774"
775,518,2,"cancelled","annual","2023-03-04","2024-01-04",10.00,0.00,"2023-03-18","Budget cuts","2026-04-24 22:09:13.186774"
776,518,3,"active","monthly","2024-01-04",NULL,19.00,0.00,NULL,NULL,"2026-04-24 22:09:13.186774"
777,519,2,"active","monthly","2023-10-29",NULL,12.00,0.00,"2023-11-12",NULL,"2026-04-24 22:09:13.186774"
778,520,4,"active","annual","2024-10-28",NULL,32.50,0.00,"2024-11-11",NULL,"2026-04-24 22:09:13.186774"
779,521,4,"expired","monthly","2023-05-10","2023-10-04",39.00,0.00,"2023-05-24","Budget cuts","2026-04-24 22:09:13.186774"
780,521,2,"active","annual","2023-10-04",NULL,10.00,0.00,NULL,NULL,"2026-04-24 22:09:13.186774"
781,522,5,"expired","annual","2025-09-20","2025-11-20",49.17,0.00,"2025-10-04","Company reorganization","2026-04-24 22:09:13.186774"
782,522,4,"cancelled","monthly","2025-11-20","2025-10-27",35.10,10.00,NULL,"Budget cuts","2026-04-24 22:09:13.186774"
783,523,2,"cancelled","monthly","2023-12-16","2025-01-18",12.00,0.00,"2023-12-30","Missing features","2026-04-24 22:09:13.186774"
784,524,1,"cancelled","monthly","2025-07-31","2025-09-20",0.00,0.00,NULL,"Too expensive","2026-04-24 22:09:13.186774"
785,525,4,"expired","annual","2024-03-26","2025-02-27",32.50,0.00,"2024-04-09","Missing features","2026-04-24 22:09:13.186774"
786,525,2,"expired","monthly","2025-02-27","2025-05-10",12.00,0.00,NULL,"Company reorganization","2026-04-24 22:09:13.186774"
787,525,6,"cancelled","annual","2025-05-10","2025-07-23",82.50,0.00,NULL,"Switched competitor","2026-04-24 22:09:13.186774"
788,526,1,"active","monthly","2023-01-22",NULL,0.00,10.00,NULL,NULL,"2026-04-24 22:09:13.186774"
789,527,5,"active","annual","2025-06-18",NULL,49.17,0.00,"2025-07-02",NULL,"2026-04-24 22:09:13.186774"
790,528,1,"cancelled","annual","2024-08-24","2025-05-09",0.00,0.00,NULL,"Company reorganization","2026-04-24 22:09:13.186774"
791,529,1,"cancelled","annual","2024-06-04","2024-09-11",0.00,0.00,NULL,"Missing features","2026-04-24 22:09:13.186774"
792,529,2,"active","annual","2024-09-11",NULL,10.00,0.00,NULL,NULL,"2026-04-24 22:09:13.186774"
793,530,2,"active","monthly","2024-02-15",NULL,9.00,25.00,"2024-02-29",NULL,"2026-04-24 22:09:13.186774"
794,531,1,"active","monthly","2025-05-12",NULL,0.00,0.00,NULL,NULL,"2026-04-24 22:09:13.186774"
795,532,2,"active","annual","2024-01-12",NULL,10.00,0.00,"2024-01-26",NULL,"2026-04-24 22:09:13.186774"
796,533,2,"cancelled","annual","2023-04-11","2024-11-20",8.00,20.00,"2023-04-25","Too expensive","2026-04-24 22:09:13.186774"
797,534,3,"expired","annual","2023-01-09","2023-04-20",15.83,0.00,"2023-01-23","Company reorganization","2026-04-24 22:09:13.186774"
798,534,5,"active","monthly","2023-04-20",NULL,59.00,0.00,NULL,NULL,"2026-04-24 22:09:13.186774"
799,535,5,"cancelled","monthly","2025-02-06","2025-04-13",59.00,0.00,"2025-02-20","Company reorganization","2026-04-24 22:09:13.186774"
800,535,5,"active","annual","2025-04-13",NULL,49.17,0.00,NULL,NULL,"2026-04-24 22:09:13.186774"
801,536,6,"cancelled","monthly","2024-07-25","2024-12-09",99.00,0.00,"2024-08-08","Missing features","2026-04-24 22:09:13.186774"
802,537,2,"active","monthly","2024-12-08",NULL,12.00,0.00,"2024-12-22",NULL,"2026-04-24 22:09:13.186774"
803,538,1,"cancelled","annual","2023-07-29","2024-03-12",0.00,20.00,NULL,"Switched competitor","2026-04-24 22:09:13.186774"
804,538,4,"active","monthly","2024-03-12",NULL,39.00,0.00,NULL,NULL,"2026-04-24 22:09:13.186774"
805,539,6,"active","annual","2024-09-09",NULL,82.50,0.00,"2024-09-23",NULL,"2026-04-24 22:09:13.186774"
806,540,1,"cancelled","annual","2023-04-24","2025-03-03",0.00,10.00,NULL,NULL,"2026-04-24 22:09:13.186774"
807,541,3,"cancelled","monthly","2024-04-14","2024-11-15",16.15,15.00,"2024-04-28","Missing features","2026-04-24 22:09:13.186774"
808,541,7,"active","monthly","2024-11-15",NULL,199.00,0.00,NULL,NULL,"2026-04-24 22:09:13.186774"
809,542,1,"active","monthly","2025-06-21",NULL,0.00,0.00,NULL,NULL,"2026-04-24 22:09:13.186774"
810,543,2,"cancelled","monthly","2025-06-10","2025-10-04",12.00,0.00,"2025-06-24","Company reorganization","2026-04-24 22:09:13.186774"
811,543,5,"cancelled","annual","2025-10-04","2025-10-22",49.17,0.00,NULL,"Budget cuts","2026-04-24 22:09:13.186774"
812,544,2,"cancelled","monthly","2025-03-09","2025-06-29",12.00,0.00,"2025-03-23","Not using it","2026-04-24 22:09:13.186774"
813,544,3,"cancelled","annual","2025-06-29","2025-09-04",15.83,0.00,NULL,"Budget cuts","2026-04-24 22:09:13.186774"
814,544,6,"active","monthly","2025-09-04",NULL,89.10,10.00,NULL,NULL,"2026-04-24 22:09:13.186774"
815,545,6,"active","monthly","2023-04-28",NULL,99.00,0.00,"2023-05-12",NULL,"2026-04-24 22:09:13.186774"
816,546,1,"expired","monthly","2024-09-13","2025-07-26",0.00,0.00,NULL,"Not using it","2026-04-24 22:09:13.186774"
817,546,6,"cancelled","monthly","2025-07-26","2025-09-24",99.00,0.00,NULL,"Too expensive","2026-04-24 22:09:13.186774"
818,546,6,"cancelled","annual","2025-09-24","2025-02-04",82.50,0.00,NULL,"Budget cuts","2026-04-24 22:09:13.186774"
819,547,1,"expired","monthly","2025-01-03","2025-04-21",0.00,15.00,NULL,"Budget cuts","2026-04-24 22:09:13.186774"
820,547,4,"active","monthly","2025-04-21",NULL,39.00,0.00,NULL,NULL,"2026-04-24 22:09:13.186774"
821,548,2,"cancelled","monthly","2023-07-16","2024-02-12",12.00,0.00,"2023-07-30","Switched competitor","2026-04-24 22:09:13.186774"
822,548,3,"active","annual","2024-02-12",NULL,15.83,0.00,NULL,NULL,"2026-04-24 22:09:13.186774"
823,549,2,"cancelled","monthly","2025-08-14","2025-10-13",12.00,0.00,"2025-08-28","Company reorganization","2026-04-24 22:09:13.186774"
824,549,4,"expired","annual","2025-10-13","2025-12-12",32.50,0.00,NULL,"Budget cuts","2026-04-24 22:09:13.186774"
825,549,4,"active","annual","2025-12-12",NULL,32.50,0.00,NULL,NULL,"2026-04-24 22:09:13.186774"
826,550,2,"active","monthly","2023-10-13",NULL,12.00,0.00,"2023-10-27",NULL,"2026-04-24 22:09:13.186774"
827,551,1,"expired","monthly","2025-09-22","2025-11-22",0.00,0.00,NULL,"Switched competitor","2026-04-24 22:09:13.186774"
828,551,1,"cancelled","monthly","2025-11-22","2026-01-21",0.00,15.00,NULL,"Budget cuts","2026-04-24 22:09:13.186774"
829,551,3,"active","annual","2026-01-21",NULL,15.83,0.00,NULL,NULL,"2026-04-24 22:09:13.186774"
830,552,2,"active","annual","2023-01-14",NULL,10.00,0.00,"2023-01-28",NULL,"2026-04-24 22:09:13.186774"
831,553,2,"expired","monthly","2023-07-29","2023-12-06",9.00,25.00,"2023-08-12","Not using it","2026-04-24 22:09:13.186774"
832,553,2,"active","monthly","2023-12-06",NULL,12.00,0.00,NULL,NULL,"2026-04-24 22:09:13.186774"
833,554,5,"active","annual","2023-08-23",NULL,44.25,10.00,"2023-09-06",NULL,"2026-04-24 22:09:13.186774"
834,555,2,"expired","annual","2024-05-18","2025-03-27",10.00,0.00,"2024-06-01","Switched competitor","2026-04-24 22:09:13.186774"
835,555,6,"cancelled","annual","2025-03-27","2024-11-13",74.25,10.00,NULL,NULL,"2026-04-24 22:09:13.186774"
836,556,2,"expired","monthly","2023-07-22","2023-12-18",9.00,25.00,"2023-08-05","Switched competitor","2026-04-24 22:09:13.186774"
837,556,3,"active","monthly","2023-12-18",NULL,19.00,0.00,NULL,NULL,"2026-04-24 22:09:13.186774"
838,557,6,"cancelled","annual","2024-09-16","2025-07-23",82.50,0.00,"2024-09-30","Not using it","2026-04-24 22:09:13.186774"
839,557,5,"cancelled","annual","2025-07-23","2025-09-30",49.17,0.00,NULL,NULL,"2026-04-24 22:09:13.186774"
840,557,1,"active","monthly","2025-09-30",NULL,0.00,15.00,NULL,NULL,"2026-04-24 22:09:13.186774"
841,558,4,"active","annual","2023-10-18",NULL,29.25,10.00,"2023-11-01",NULL,"2026-04-24 22:09:13.186774"
842,559,1,"cancelled","annual","2025-08-05","2025-10-10",0.00,0.00,NULL,"Company reorganization","2026-04-24 22:09:13.186774"
843,559,5,"active","monthly","2025-10-10",NULL,59.00,0.00,NULL,NULL,"2026-04-24 22:09:13.186774"
844,560,3,"active","annual","2025-09-07",NULL,15.83,0.00,"2025-09-21",NULL,"2026-04-24 22:09:13.186774"
845,561,1,"cancelled","monthly","2023-02-05","2023-04-15",0.00,0.00,NULL,"Missing features","2026-04-24 22:09:13.186774"
846,561,2,"active","monthly","2023-04-15",NULL,12.00,0.00,NULL,NULL,"2026-04-24 22:09:13.186774"
847,562,2,"cancelled","monthly","2025-02-28","2025-08-26",9.00,25.00,"2025-03-14","Not using it","2026-04-24 22:09:13.186774"
848,563,2,"active","annual","2025-01-21",NULL,10.00,0.00,"2025-02-04",NULL,"2026-04-24 22:09:13.186774"
849,564,1,"cancelled","monthly","2023-06-22","2023-10-03",0.00,0.00,NULL,"Budget cuts","2026-04-24 22:09:13.186774"
850,564,5,"expired","monthly","2023-10-03","2024-03-18",59.00,0.00,NULL,"Budget cuts","2026-04-24 22:09:13.186774"
851,564,5,"active","annual","2024-03-18",NULL,49.17,0.00,NULL,NULL,"2026-04-24 22:09:13.186774"
852,565,2,"active","annual","2023-07-10",NULL,10.00,0.00,"2023-07-24",NULL,"2026-04-24 22:09:13.186774"
853,566,5,"cancelled","monthly","2023-03-07","2023-05-25",53.10,10.00,"2023-03-21","Too expensive","2026-04-24 22:09:13.186774"
854,566,4,"active","monthly","2023-05-25",NULL,39.00,0.00,NULL,NULL,"2026-04-24 22:09:13.186774"
855,567,3,"active","monthly","2025-02-18",NULL,19.00,0.00,"2025-03-04",NULL,"2026-04-24 22:09:13.186774"
856,568,4,"cancelled","annual","2023-01-04","2023-10-28",32.50,0.00,"2023-01-18",NULL,"2026-04-24 22:09:13.186774"
857,568,1,"active","annual","2023-10-28",NULL,0.00,0.00,NULL,NULL,"2026-04-24 22:09:13.186774"
858,569,2,"cancelled","monthly","2024-11-07","2025-02-03",10.20,15.00,"2024-11-21","Budget cuts","2026-04-24 22:09:13.186774"
859,569,2,"cancelled","monthly","2025-02-03","2025-08-11",10.20,15.00,NULL,NULL,"2026-04-24 22:09:13.186774"
860,570,4,"active","annual","2025-08-22",NULL,32.50,0.00,"2025-09-05",NULL,"2026-04-24 22:09:13.186774"
861,571,4,"active","annual","2023-03-31",NULL,27.62,15.00,"2023-04-14",NULL,"2026-04-24 22:09:13.186774"
862,572,1,"cancelled","monthly","2025-01-02","2025-03-27",0.00,0.00,NULL,"Budget cuts","2026-04-24 22:09:13.186774"
863,572,6,"cancelled","annual","2025-03-27","2025-06-07",74.25,10.00,NULL,"Company reorganization","2026-04-24 22:09:13.186774"
864,573,5,"active","annual","2024-12-09",NULL,49.17,0.00,"2024-12-23",NULL,"2026-04-24 22:09:13.186774"
865,574,1,"active","monthly","2023-08-17",NULL,0.00,0.00,NULL,NULL,"2026-04-24 22:09:13.186774"
866,575,1,"expired","monthly","2023-11-15","2024-04-26",0.00,0.00,NULL,"Not using it","2026-04-24 22:09:13.186774"
867,575,6,"cancelled","annual","2024-04-26","2025-02-03",82.50,0.00,NULL,"Not using it","2026-04-24 22:09:13.186774"
868,576,1,"cancelled","monthly","2025-05-22","2025-10-13",0.00,0.00,NULL,"Company reorganization","2026-04-24 22:09:13.186774"
869,576,4,"active","annual","2025-10-13",NULL,32.50,0.00,NULL,NULL,"2026-04-24 22:09:13.186774"
870,577,2,"cancelled","annual","2023-11-13","2024-05-30",10.00,0.00,"2023-11-27","Not using it","2026-04-24 22:09:13.186774"
871,577,7,"active","annual","2024-05-30",NULL,165.83,0.00,NULL,NULL,"2026-04-24 22:09:13.186774"
872,578,2,"expired","annual","2025-01-03","2025-05-19",10.00,0.00,"2025-01-17","Missing features","2026-04-24 22:09:13.186774"
873,578,2,"active","annual","2025-05-19",NULL,10.00,0.00,NULL,NULL,"2026-04-24 22:09:13.186774"
874,579,1,"expired","monthly","2024-07-15","2024-10-20",0.00,25.00,NULL,"Budget cuts","2026-04-24 22:09:13.186774"
875,579,4,"active","annual","2024-10-20",NULL,32.50,0.00,NULL,NULL,"2026-04-24 22:09:13.186774"
876,580,1,"expired","monthly","2023-05-15","2024-02-21",0.00,0.00,NULL,"Too expensive","2026-04-24 22:09:13.186774"
877,580,6,"active","annual","2024-02-21",NULL,82.50,0.00,NULL,NULL,"2026-04-24 22:09:13.186774"
878,581,1,"active","annual","2025-05-26",NULL,0.00,0.00,NULL,NULL,"2026-04-24 22:09:13.186774"
879,582,1,"active","annual","2024-08-30",NULL,0.00,20.00,NULL,NULL,"2026-04-24 22:09:13.186774"
880,583,1,"active","annual","2025-06-04",NULL,0.00,0.00,NULL,NULL,"2026-04-24 22:09:13.186774"
881,584,2,"cancelled","monthly","2024-12-11","2025-06-03",12.00,0.00,"2024-12-25","Switched competitor","2026-04-24 22:09:13.186774"
882,584,4,"active","annual","2025-06-03",NULL,32.50,0.00,NULL,NULL,"2026-04-24 22:09:13.186774"
883,585,4,"expired","annual","2025-04-12","2025-06-11",32.50,0.00,"2025-04-26",NULL,"2026-04-24 22:09:13.186774"
884,585,2,"active","annual","2025-06-11",NULL,10.00,0.00,NULL,NULL,"2026-04-24 22:09:13.186774"
885,586,4,"active","monthly","2024-09-05",NULL,39.00,0.00,"2024-09-19",NULL,"2026-04-24 22:09:13.186774"
886,587,1,"expired","monthly","2025-09-16","2025-11-15",0.00,0.00,NULL,"Company reorganization","2026-04-24 22:09:13.186774"
887,587,4,"paused","monthly","2025-11-15",NULL,39.00,0.00,NULL,NULL,"2026-04-24 22:09:13.186774"
888,588,5,"cancelled","annual","2023-08-03","2024-06-12",44.25,10.00,"2023-08-17",NULL,"2026-04-24 22:09:13.186774"
889,588,2,"expired","monthly","2024-06-12","2025-04-29",12.00,0.00,NULL,"Switched competitor","2026-04-24 22:09:13.186774"
890,588,6,"active","annual","2025-04-29",NULL,82.50,0.00,NULL,NULL,"2026-04-24 22:09:13.186774"
891,589,1,"cancelled","annual","2024-07-17","2025-02-13",0.00,0.00,NULL,"Missing features","2026-04-24 22:09:13.186774"
892,589,6,"cancelled","monthly","2025-02-13","2025-09-12",99.00,0.00,NULL,"Switched competitor","2026-04-24 22:09:13.186774"
893,589,5,"active","annual","2025-09-12",NULL,49.17,0.00,NULL,NULL,"2026-04-24 22:09:13.186774"
894,590,2,"cancelled","annual","2024-12-14","2025-10-23",10.00,0.00,"2024-12-28",NULL,"2026-04-24 22:09:13.186774"
895,590,3,"active","annual","2025-10-23",NULL,15.83,0.00,NULL,NULL,"2026-04-24 22:09:13.186774"
896,591,4,"cancelled","annual","2024-07-15","2025-03-04",32.50,0.00,"2024-07-29","Switched competitor","2026-04-24 22:09:13.186774"
897,591,5,"cancelled","monthly","2025-03-04","2025-08-17",59.00,0.00,NULL,"Missing features","2026-04-24 22:09:13.186774"
898,591,2,"active","annual","2025-08-17",NULL,10.00,0.00,NULL,NULL,"2026-04-24 22:09:13.186774"
899,592,1,"active","monthly","2024-07-18",NULL,0.00,0.00,NULL,NULL,"2026-04-24 22:09:13.186774"
900,593,3,"expired","monthly","2024-12-31","2025-04-06",19.00,0.00,"2025-01-14","Missing features","2026-04-24 22:09:13.186774"
901,593,1,"cancelled","monthly","2025-04-06","2025-03-20",0.00,10.00,NULL,"Not using it","2026-04-24 22:09:13.186774"
902,594,1,"cancelled","annual","2025-03-28","2025-06-29",0.00,0.00,NULL,"Budget cuts","2026-04-24 22:09:13.186774"
903,594,4,"expired","annual","2025-06-29","2025-10-04",32.50,0.00,NULL,NULL,"2026-04-24 22:09:13.186774"
904,594,6,"active","annual","2025-10-04",NULL,74.25,10.00,NULL,NULL,"2026-04-24 22:09:13.186774"
905,595,1,"active","annual","2023-05-20",NULL,0.00,10.00,NULL,NULL,"2026-04-24 22:09:13.186774"
906,596,1,"active","monthly","2024-11-21",NULL,0.00,0.00,NULL,NULL,"2026-04-24 22:09:13.186774"
907,597,5,"active","annual","2024-11-26",NULL,49.17,0.00,"2024-12-10",NULL,"2026-04-24 22:09:13.186774"
908,598,3,"expired","annual","2025-09-09","2025-11-08",14.25,10.00,"2025-09-23",NULL,"2026-04-24 22:09:13.186774"
909,598,1,"cancelled","monthly","2025-11-08","2026-01-08",0.00,0.00,NULL,"Too expensive","2026-04-24 22:09:13.186774"
910,598,6,"active","monthly","2026-01-08",NULL,99.00,0.00,NULL,NULL,"2026-04-24 22:09:13.186774"
911,599,4,"cancelled","monthly","2025-01-09","2025-06-25",39.00,0.00,"2025-01-23","Switched competitor","2026-04-24 22:09:13.186774"
912,600,2,"active","annual","2023-11-03",NULL,10.00,0.00,"2023-11-17",NULL,"2026-04-24 22:09:13.186774"
913,601,1,"cancelled","annual","2023-10-19","2024-09-19",0.00,0.00,NULL,"Missing features","2026-04-24 22:09:13.186774"
914,602,3,"cancelled","monthly","2025-02-21","2025-06-06",19.00,0.00,"2025-03-07","Missing features","2026-04-24 22:09:13.186774"
915,602,4,"cancelled","monthly","2025-06-06","2025-10-13",39.00,0.00,NULL,"Too expensive","2026-04-24 22:09:13.186774"
916,602,2,"active","annual","2025-10-13",NULL,10.00,0.00,NULL,NULL,"2026-04-24 22:09:13.186774"
917,603,3,"expired","annual","2025-04-29","2025-09-08",15.83,0.00,"2025-05-13",NULL,"2026-04-24 22:09:13.186774"
918,603,2,"active","annual","2025-09-08",NULL,10.00,0.00,NULL,NULL,"2026-04-24 22:09:13.186774"
919,604,4,"expired","monthly","2024-03-15","2024-11-12",35.10,10.00,"2024-03-29","Company reorganization","2026-04-24 22:09:13.186774"
920,604,6,"cancelled","monthly","2024-11-12","2025-10-14",99.00,0.00,NULL,"Company reorganization","2026-04-24 22:09:13.186774"
921,605,1,"active","monthly","2024-03-12",NULL,0.00,0.00,NULL,NULL,"2026-04-24 22:09:13.186774"
922,606,5,"active","monthly","2025-02-01",NULL,59.00,0.00,"2025-02-15",NULL,"2026-04-24 22:09:13.186774"
923,607,5,"cancelled","monthly","2025-01-29","2025-07-18",59.00,0.00,"2025-02-12","Budget cuts","2026-04-24 22:09:13.186774"
924,607,2,"active","monthly","2025-07-18",NULL,12.00,0.00,NULL,NULL,"2026-04-24 22:09:13.186774"
925,608,1,"active","monthly","2024-04-01",NULL,0.00,10.00,NULL,NULL,"2026-04-24 22:09:13.186774"
926,609,1,"active","monthly","2025-07-01",NULL,0.00,0.00,NULL,NULL,"2026-04-24 22:09:13.186774"
927,610,2,"cancelled","monthly","2024-08-02","2025-06-19",12.00,0.00,"2024-08-16","Too expensive","2026-04-24 22:09:13.186774"
928,610,6,"cancelled","monthly","2025-06-19","2025-01-26",99.00,0.00,NULL,NULL,"2026-04-24 22:09:13.186774"
929,611,1,"cancelled","monthly","2023-07-31","2024-05-04",0.00,0.00,NULL,NULL,"2026-04-24 22:09:13.186774"
930,612,1,"cancelled","monthly","2023-10-04","2024-07-28",0.00,0.00,NULL,"Too expensive","2026-04-24 22:09:13.186774"
931,612,2,"active","monthly","2024-07-28",NULL,12.00,0.00,NULL,NULL,"2026-04-24 22:09:13.186774"
932,613,6,"cancelled","annual","2024-10-02","2025-09-10",82.50,0.00,"2024-10-16","Budget cuts","2026-04-24 22:09:13.186774"
933,613,3,"expired","monthly","2025-09-10","2025-11-09",19.00,0.00,NULL,"Not using it","2026-04-24 22:09:13.186774"
934,613,4,"active","monthly","2025-11-09",NULL,39.00,0.00,NULL,NULL,"2026-04-24 22:09:13.186774"
935,614,2,"active","monthly","2025-04-16",NULL,9.60,20.00,"2025-04-30",NULL,"2026-04-24 22:09:13.186774"
936,615,2,"active","monthly","2024-05-17",NULL,12.00,0.00,"2024-05-31",NULL,"2026-04-24 22:09:13.186774"
937,616,6,"expired","annual","2024-06-23","2025-02-10",82.50,0.00,"2024-07-07","Switched competitor","2026-04-24 22:09:13.186774"
938,616,7,"cancelled","annual","2025-02-10","2024-08-01",165.83,0.00,NULL,"Not using it","2026-04-24 22:09:13.186774"
939,617,2,"cancelled","monthly","2025-09-16","2025-11-15",12.00,0.00,"2025-09-30","Too expensive","2026-04-24 22:09:13.186774"
940,617,1,"cancelled","monthly","2025-11-15","2025-10-18",0.00,0.00,NULL,"Too expensive","2026-04-24 22:09:13.186774"
941,618,3,"active","monthly","2024-10-04",NULL,19.00,0.00,"2024-10-18",NULL,"2026-04-24 22:09:13.186774"
942,619,1,"cancelled","annual","2025-01-02","2025-03-03",0.00,0.00,NULL,"Too expensive","2026-04-24 22:09:13.186774"
943,619,3,"active","monthly","2025-03-03",NULL,15.20,20.00,NULL,NULL,"2026-04-24 22:09:13.186774"
944,620,1,"cancelled","annual","2024-09-11","2025-01-02",0.00,0.00,NULL,"Company reorganization","2026-04-24 22:09:13.186774"
945,620,3,"cancelled","annual","2025-01-02","2025-03-26",15.83,0.00,NULL,"Switched competitor","2026-04-24 22:09:13.186774"
946,621,1,"cancelled","monthly","2025-06-01","2025-10-03",0.00,0.00,NULL,NULL,"2026-04-24 22:09:13.186774"
947,621,2,"active","monthly","2025-10-03",NULL,12.00,0.00,NULL,NULL,"2026-04-24 22:09:13.186774"
948,622,1,"active","monthly","2023-11-27",NULL,0.00,0.00,NULL,NULL,"2026-04-24 22:09:13.186774"
949,623,6,"expired","annual","2024-07-16","2025-05-16",74.25,10.00,"2024-07-30","Company reorganization","2026-04-24 22:09:13.186774"
950,623,2,"expired","monthly","2025-05-16","2025-08-13",12.00,0.00,NULL,"Budget cuts","2026-04-24 22:09:13.186774"
951,623,4,"active","annual","2025-08-13",NULL,32.50,0.00,NULL,NULL,"2026-04-24 22:09:13.186774"
952,624,1,"active","monthly","2023-01-18",NULL,0.00,0.00,NULL,NULL,"2026-04-24 22:09:13.186774"
953,625,6,"active","monthly","2025-04-27",NULL,89.10,10.00,"2025-05-11",NULL,"2026-04-24 22:09:13.186774"
954,626,2,"cancelled","monthly","2025-06-10","2025-08-07",12.00,0.00,"2025-06-24","Company reorganization","2026-04-24 22:09:13.186774"
955,627,5,"cancelled","monthly","2024-10-22","2025-01-13",59.00,0.00,"2024-11-05","Budget cuts","2026-04-24 22:09:13.186774"
956,627,2,"active","monthly","2025-01-13",NULL,12.00,0.00,NULL,NULL,"2026-04-24 22:09:13.186774"
957,628,3,"active","annual","2024-12-27",NULL,14.25,10.00,"2025-01-10",NULL,"2026-04-24 22:09:13.186774"
958,629,2,"cancelled","annual","2023-03-21","2023-06-05",7.50,25.00,"2023-04-04","Company reorganization","2026-04-24 22:09:13.186774"
959,629,2,"cancelled","annual","2023-06-05","2023-10-01",10.00,0.00,NULL,"Budget cuts","2026-04-24 22:09:13.186774"
960,629,6,"active","annual","2023-10-01",NULL,82.50,0.00,NULL,NULL,"2026-04-24 22:09:13.186774"
961,630,1,"expired","monthly","2023-10-16","2024-05-25",0.00,0.00,NULL,"Missing features","2026-04-24 22:09:13.186774"
962,630,4,"expired","monthly","2024-05-25","2024-10-02",39.00,0.00,NULL,"Missing features","2026-04-24 22:09:13.186774"
963,630,4,"cancelled","monthly","2024-10-02","2024-02-05",39.00,0.00,NULL,"Company reorganization","2026-04-24 22:09:13.186774"
964,631,3,"expired","monthly","2023-04-06","2023-06-17",19.00,0.00,"2023-04-20","Missing features","2026-04-24 22:09:13.186774"
965,631,1,"active","monthly","2023-06-17",NULL,0.00,0.00,NULL,NULL,"2026-04-24 22:09:13.186774"
966,632,2,"active","monthly","2025-04-06",NULL,12.00,0.00,"2025-04-20",NULL,"2026-04-24 22:09:13.186774"
967,633,5,"cancelled","monthly","2023-06-14","2023-09-24",59.00,0.00,"2023-06-28",NULL,"2026-04-24 22:09:13.186774"
968,633,2,"active","annual","2023-09-24",NULL,8.00,20.00,NULL,NULL,"2026-04-24 22:09:13.186774"
969,634,4,"cancelled","monthly","2024-09-13","2024-12-11",39.00,0.00,"2024-09-27",NULL,"2026-04-24 22:09:13.186774"
970,635,1,"active","annual","2023-10-14",NULL,0.00,0.00,NULL,NULL,"2026-04-24 22:09:13.186774"
971,636,2,"active","monthly","2024-02-15",NULL,12.00,0.00,"2024-02-29",NULL,"2026-04-24 22:09:13.186774"
972,637,1,"cancelled","monthly","2024-10-21","2025-09-23",0.00,0.00,NULL,"Switched competitor","2026-04-24 22:09:13.186774"
973,638,1,"active","annual","2024-10-19",NULL,0.00,20.00,NULL,NULL,"2026-04-24 22:09:13.186774"
974,639,1,"cancelled","monthly","2024-04-10","2024-09-07",0.00,0.00,NULL,"Company reorganization","2026-04-24 22:09:13.186774"
975,640,1,"expired","annual","2025-09-02","2025-11-01",0.00,0.00,NULL,"Company reorganization","2026-04-24 22:09:13.186774"
976,640,1,"active","monthly","2025-11-01",NULL,0.00,0.00,NULL,NULL,"2026-04-24 22:09:13.186774"
977,641,1,"cancelled","monthly","2023-02-25","2023-07-24",0.00,0.00,NULL,"Not using it","2026-04-24 22:09:13.186774"
978,641,3,"cancelled","monthly","2023-07-24","2024-01-09",19.00,0.00,NULL,"Too expensive","2026-04-24 22:09:13.186774"
979,641,1,"cancelled","annual","2024-01-09","2025-01-20",0.00,0.00,NULL,"Missing features","2026-04-24 22:09:13.186774"
980,642,5,"active","monthly","2024-12-10",NULL,59.00,0.00,"2024-12-24",NULL,"2026-04-24 22:09:13.186774"
981,643,5,"cancelled","annual","2025-07-07","2025-10-15",49.17,0.00,"2025-07-21","Company reorganization","2026-04-24 22:09:13.186774"
982,643,6,"cancelled","monthly","2025-10-15","2025-12-14",84.15,15.00,NULL,"Missing features","2026-04-24 22:09:13.186774"
983,643,5,"active","monthly","2025-12-14",NULL,59.00,0.00,NULL,NULL,"2026-04-24 22:09:13.186774"
984,644,2,"active","monthly","2023-07-15",NULL,12.00,0.00,"2023-07-29",NULL,"2026-04-24 22:09:13.186774"
985,645,1,"cancelled","annual","2025-04-28","2025-10-24",0.00,25.00,NULL,"Too expensive","2026-04-24 22:09:13.186774"
986,645,2,"active","monthly","2025-10-24",NULL,12.00,0.00,NULL,NULL,"2026-04-24 22:09:13.186774"
987,646,2,"cancelled","monthly","2025-08-18","2025-10-24",12.00,0.00,"2025-09-01","Budget cuts","2026-04-24 22:09:13.186774"
988,646,3,"active","annual","2025-10-24",NULL,15.83,0.00,NULL,NULL,"2026-04-24 22:09:13.186774"
989,647,2,"expired","annual","2023-08-05","2024-05-01",10.00,0.00,"2023-08-19","Too expensive","2026-04-24 22:09:13.186774"
990,647,2,"expired","annual","2024-05-01","2024-12-19",10.00,0.00,NULL,"Budget cuts","2026-04-24 22:09:13.186774"
991,647,5,"active","monthly","2024-12-19",NULL,59.00,0.00,NULL,NULL,"2026-04-24 22:09:13.186774"
992,648,2,"active","monthly","2025-06-19",NULL,12.00,0.00,"2025-07-03",NULL,"2026-04-24 22:09:13.186774"
993,649,5,"active","monthly","2023-06-24",NULL,59.00,0.00,"2023-07-08",NULL,"2026-04-24 22:09:13.186774"
994,650,3,"active","annual","2023-11-22",NULL,15.83,0.00,"2023-12-06",NULL,"2026-04-24 22:09:13.186774"
995,651,2,"cancelled","annual","2024-07-10","2025-05-21",10.00,0.00,"2024-07-24","Missing features","2026-04-24 22:09:13.186774"
996,651,3,"active","annual","2025-05-21",NULL,15.83,0.00,NULL,NULL,"2026-04-24 22:09:13.186774"
997,652,3,"expired","annual","2025-04-06","2025-06-11",15.83,0.00,"2025-04-20","Not using it","2026-04-24 22:09:13.186774"
998,652,3,"active","annual","2025-06-11",NULL,15.83,0.00,NULL,NULL,"2026-04-24 22:09:13.186774"
999,653,1,"active","annual","2023-10-17",NULL,0.00,0.00,NULL,NULL,"2026-04-24 22:09:13.186774"
1000,654,3,"expired","monthly","2024-04-06","2025-03-24",14.25,25.00,"2024-04-20","Budget cuts","2026-04-24 22:09:13.186774"
1001,654,6,"expired","monthly","2025-03-24","2025-08-25",99.00,0.00,NULL,"Company reorganization","2026-04-24 22:09:13.186774"
1002,654,4,"active","monthly","2025-08-25",NULL,39.00,0.00,NULL,NULL,"2026-04-24 22:09:13.186774"
1003,655,3,"expired","monthly","2024-06-18","2025-01-29",19.00,0.00,"2024-07-02","Missing features","2026-04-24 22:09:13.186774"
1004,655,7,"active","monthly","2025-01-29",NULL,199.00,0.00,NULL,NULL,"2026-04-24 22:09:13.186774"
1005,656,1,"active","annual","2023-03-27",NULL,0.00,0.00,NULL,NULL,"2026-04-24 22:09:13.186774"
1006,657,2,"cancelled","annual","2025-08-02","2025-10-21",8.50,15.00,"2025-08-16","Switched competitor","2026-04-24 22:09:13.186774"
1007,657,4,"cancelled","annual","2025-10-21","2025-09-17",29.25,10.00,NULL,"Too expensive","2026-04-24 22:09:13.186774"
1008,658,1,"expired","monthly","2024-03-09","2024-09-18",0.00,0.00,NULL,"Switched competitor","2026-04-24 22:09:13.186774"
1009,658,5,"active","monthly","2024-09-18",NULL,59.00,0.00,NULL,NULL,"2026-04-24 22:09:13.186774"
1010,659,3,"expired","monthly","2023-09-17","2024-04-05",19.00,0.00,"2023-10-01",NULL,"2026-04-24 22:09:13.186774"
1011,659,5,"active","monthly","2024-04-05",NULL,59.00,0.00,NULL,NULL,"2026-04-24 22:09:13.186774"
1012,660,2,"active","monthly","2023-08-07",NULL,12.00,0.00,"2023-08-21",NULL,"2026-04-24 22:09:13.186774"
1013,661,4,"expired","annual","2024-10-23","2025-05-23",29.25,10.00,"2024-11-06","Too expensive","2026-04-24 22:09:13.186774"
1014,661,7,"active","monthly","2025-05-23",NULL,179.10,10.00,NULL,NULL,"2026-04-24 22:09:13.186774"
1015,662,1,"cancelled","monthly","2024-08-13","2024-09-25",0.00,0.00,NULL,"Company reorganization","2026-04-24 22:09:13.186774"
1016,663,5,"cancelled","annual","2024-02-14","2024-11-13",49.17,0.00,"2024-02-28","Not using it","2026-04-24 22:09:13.186774"
1017,664,3,"active","monthly","2023-11-27",NULL,19.00,0.00,"2023-12-11",NULL,"2026-04-24 22:09:13.186774"
1018,665,2,"cancelled","monthly","2023-12-04","2024-11-24",12.00,0.00,"2023-12-18","Missing features","2026-04-24 22:09:13.186774"
1019,665,6,"active","monthly","2024-11-24",NULL,99.00,0.00,NULL,NULL,"2026-04-24 22:09:13.186774"
1020,666,4,"expired","annual","2024-11-15","2025-02-14",32.50,0.00,"2024-11-29",NULL,"2026-04-24 22:09:13.186774"
1021,666,5,"cancelled","monthly","2025-02-14","2025-07-07",59.00,0.00,NULL,"Missing features","2026-04-24 22:09:13.186774"
1022,667,2,"cancelled","monthly","2024-04-24","2024-07-18",12.00,0.00,"2024-05-08","Missing features","2026-04-24 22:09:13.186774"
1023,667,1,"active","annual","2024-07-18",NULL,0.00,0.00,NULL,NULL,"2026-04-24 22:09:13.186774"
1024,668,2,"expired","monthly","2023-08-13","2024-06-10",10.20,15.00,"2023-08-27","Missing features","2026-04-24 22:09:13.186774"
1025,668,5,"expired","annual","2024-06-10","2024-11-19",49.17,0.00,NULL,NULL,"2026-04-24 22:09:13.186774"
1026,668,4,"active","annual","2024-11-19",NULL,32.50,0.00,NULL,NULL,"2026-04-24 22:09:13.186774"
1027,669,1,"cancelled","monthly","2023-09-04","2024-09-25",0.00,0.00,NULL,"Not using it","2026-04-24 22:09:13.186774"
1028,670,1,"cancelled","monthly","2024-01-14","2025-06-30",0.00,0.00,NULL,"Not using it","2026-04-24 22:09:13.186774"
1029,671,2,"expired","monthly","2023-08-13","2023-11-16",12.00,0.00,"2023-08-27","Budget cuts","2026-04-24 22:09:13.186774"
1030,671,1,"expired","monthly","2023-11-16","2024-10-06",0.00,0.00,NULL,"Not using it","2026-04-24 22:09:13.186774"
1031,671,2,"cancelled","monthly","2024-10-06","2023-11-06",12.00,0.00,NULL,"Too expensive","2026-04-24 22:09:13.186774"
1032,672,2,"active","monthly","2023-06-25",NULL,12.00,0.00,"2023-07-09",NULL,"2026-04-24 22:09:13.186774"
1033,673,5,"active","monthly","2023-12-07",NULL,53.10,10.00,"2023-12-21",NULL,"2026-04-24 22:09:13.186774"
1034,674,2,"cancelled","monthly","2024-04-28","2024-06-10",12.00,0.00,"2024-05-12","Missing features","2026-04-24 22:09:13.186774"
1035,675,2,"active","annual","2024-07-12",NULL,10.00,0.00,"2024-07-26",NULL,"2026-04-24 22:09:13.186774"
1036,676,1,"cancelled","annual","2023-01-22","2024-11-19",0.00,0.00,NULL,"Company reorganization","2026-04-24 22:09:13.186774"
1037,677,5,"active","monthly","2024-04-05",NULL,59.00,0.00,"2024-04-19",NULL,"2026-04-24 22:09:13.186774"
1038,678,3,"active","annual","2025-05-04",NULL,13.46,15.00,"2025-05-18",NULL,"2026-04-24 22:09:13.186774"
1039,679,2,"expired","monthly","2023-01-16","2023-07-05",12.00,0.00,"2023-01-30","Switched competitor","2026-04-24 22:09:13.186774"
1040,679,2,"cancelled","monthly","2023-07-05","2024-05-19",12.00,0.00,NULL,"Switched competitor","2026-04-24 22:09:13.186774"
1041,679,4,"active","monthly","2024-05-19",NULL,39.00,0.00,NULL,NULL,"2026-04-24 22:09:13.186774"
1042,680,2,"active","monthly","2024-05-29",NULL,12.00,0.00,"2024-06-12",NULL,"2026-04-24 22:09:13.186774"
1043,681,1,"active","annual","2024-10-14",NULL,0.00,0.00,NULL,NULL,"2026-04-24 22:09:13.186774"
1044,682,3,"cancelled","monthly","2023-11-05","2024-05-26",16.15,15.00,"2023-11-19","Missing features","2026-04-24 22:09:13.186774"
1045,682,6,"active","monthly","2024-05-26",NULL,99.00,0.00,NULL,NULL,"2026-04-24 22:09:13.186774"
1046,683,1,"expired","annual","2024-04-17","2025-02-27",0.00,25.00,NULL,"Budget cuts","2026-04-24 22:09:13.186774"
1047,683,5,"cancelled","annual","2025-02-27","2025-07-25",44.25,10.00,NULL,"Missing features","2026-04-24 22:09:13.186774"
1048,684,2,"active","monthly","2025-05-15",NULL,12.00,0.00,"2025-05-29",NULL,"2026-04-24 22:09:13.186774"
1049,685,3,"active","annual","2024-08-21",NULL,15.83,0.00,"2024-09-04",NULL,"2026-04-24 22:09:13.186774"
1050,686,1,"active","annual","2023-11-15",NULL,0.00,10.00,NULL,NULL,"2026-04-24 22:09:13.186774"
1051,687,1,"expired","monthly","2024-03-30","2024-09-02",0.00,0.00,NULL,"Too expensive","2026-04-24 22:09:13.186774"
1052,687,3,"cancelled","monthly","2024-09-02","2025-05-09",17.10,10.00,NULL,"Missing features","2026-04-24 22:09:13.186774"
1053,687,6,"active","annual","2025-05-09",NULL,82.50,0.00,NULL,NULL,"2026-04-24 22:09:13.186774"
1054,688,1,"active","monthly","2023-05-30",NULL,0.00,0.00,NULL,NULL,"2026-04-24 22:09:13.186774"
1055,689,1,"expired","monthly","2024-11-14","2025-06-27",0.00,10.00,NULL,"Missing features","2026-04-24 22:09:13.186774"
1056,689,1,"active","monthly","2025-06-27",NULL,0.00,0.00,NULL,NULL,"2026-04-24 22:09:13.186774"
1057,690,4,"expired","monthly","2023-12-30","2024-06-01",39.00,0.00,"2024-01-13","Company reorganization","2026-04-24 22:09:13.186774"
1058,690,3,"active","annual","2024-06-01",NULL,12.67,20.00,NULL,NULL,"2026-04-24 22:09:13.186774"
1059,691,4,"expired","annual","2024-11-02","2025-02-15",32.50,0.00,"2024-11-16","Not using it","2026-04-24 22:09:13.186774"
1060,691,5,"cancelled","annual","2025-02-15","2025-08-13",49.17,0.00,NULL,"Budget cuts","2026-04-24 22:09:13.186774"
1061,692,6,"cancelled","annual","2024-08-12","2025-07-31",82.50,0.00,"2024-08-26","Company reorganization","2026-04-24 22:09:13.186774"
1062,692,1,"active","monthly","2025-07-31",NULL,0.00,0.00,NULL,NULL,"2026-04-24 22:09:13.186774"
1063,693,1,"cancelled","monthly","2024-11-12","2025-09-01",0.00,0.00,NULL,"Too expensive","2026-04-24 22:09:13.186774"
1064,694,1,"active","monthly","2024-01-19",NULL,0.00,0.00,NULL,NULL,"2026-04-24 22:09:13.186774"
1065,695,6,"expired","annual","2023-06-15","2023-12-27",82.50,0.00,"2023-06-29","Company reorganization","2026-04-24 22:09:13.186774"
1066,695,4,"active","monthly","2023-12-27",NULL,31.20,20.00,NULL,NULL,"2026-04-24 22:09:13.186774"
1067,696,4,"cancelled","monthly","2023-03-15","2023-06-19",39.00,0.00,"2023-03-29","Company reorganization","2026-04-24 22:09:13.186774"
1068,696,2,"cancelled","annual","2023-06-19","2023-09-28",10.00,0.00,NULL,"Missing features","2026-04-24 22:09:13.186774"
1069,696,4,"active","annual","2023-09-28",NULL,32.50,0.00,NULL,NULL,"2026-04-24 22:09:13.186774"
1070,697,2,"cancelled","annual","2023-05-11","2024-02-16",10.00,0.00,"2023-05-25","Not using it","2026-04-24 22:09:13.186774"
1071,697,7,"active","monthly","2024-02-16",NULL,149.25,25.00,NULL,NULL,"2026-04-24 22:09:13.186774"
1072,698,5,"active","annual","2023-03-18",NULL,49.17,0.00,"2023-04-01",NULL,"2026-04-24 22:09:13.186774"
1073,699,1,"cancelled","annual","2025-02-22","2025-06-11",0.00,0.00,NULL,"Company reorganization","2026-04-24 22:09:13.186774"
1074,700,5,"active","annual","2023-03-14",NULL,49.17,0.00,"2023-03-28",NULL,"2026-04-24 22:09:13.186774"
1075,701,5,"expired","monthly","2023-02-26","2023-07-14",59.00,0.00,"2023-03-12","Switched competitor","2026-04-24 22:09:13.186774"
1076,701,5,"cancelled","annual","2023-07-14","2024-01-26",49.17,0.00,NULL,"Switched competitor","2026-04-24 22:09:13.186774"
1077,702,1,"active","monthly","2023-04-29",NULL,0.00,0.00,NULL,NULL,"2026-04-24 22:09:13.186774"
1743,1135,1,"cancelled","monthly","2025-05-02","2025-03-19",0.00,20.00,NULL,NULL,"2026-04-24 22:09:13.186774"
1078,703,1,"cancelled","monthly","2025-04-01","2025-09-17",0.00,0.00,NULL,"Switched competitor","2026-04-24 22:09:13.186774"
1079,704,4,"expired","monthly","2024-02-12","2024-04-19",39.00,0.00,"2024-02-26","Too expensive","2026-04-24 22:09:13.186774"
1080,704,6,"active","monthly","2024-04-19",NULL,99.00,0.00,NULL,NULL,"2026-04-24 22:09:13.186774"
1081,705,3,"cancelled","monthly","2023-10-27","2024-02-17",15.20,20.00,"2023-11-10","Not using it","2026-04-24 22:09:13.186774"
1082,705,5,"active","monthly","2024-02-17",NULL,59.00,0.00,NULL,NULL,"2026-04-24 22:09:13.186774"
1083,706,1,"paused","annual","2025-01-12",NULL,0.00,20.00,NULL,NULL,"2026-04-24 22:09:13.186774"
1084,707,3,"expired","monthly","2023-03-28","2023-11-26",17.10,10.00,"2023-04-11","Not using it","2026-04-24 22:09:13.186774"
1085,707,2,"cancelled","annual","2023-11-26","2024-12-13",10.00,0.00,NULL,"Company reorganization","2026-04-24 22:09:13.186774"
1086,708,4,"active","annual","2025-02-11",NULL,29.25,10.00,"2025-02-25",NULL,"2026-04-24 22:09:13.186774"
1087,709,3,"expired","annual","2025-08-12","2025-10-14",15.83,0.00,"2025-08-26","Missing features","2026-04-24 22:09:13.186774"
1088,709,3,"active","monthly","2025-10-14",NULL,19.00,0.00,NULL,NULL,"2026-04-24 22:09:13.186774"
1089,710,3,"paused","monthly","2023-01-16",NULL,19.00,0.00,"2023-01-30",NULL,"2026-04-24 22:09:13.186774"
1090,711,3,"expired","monthly","2025-04-09","2025-10-17",14.25,25.00,"2025-04-23",NULL,"2026-04-24 22:09:13.186774"
1091,711,4,"active","monthly","2025-10-17",NULL,39.00,0.00,NULL,NULL,"2026-04-24 22:09:13.186774"
1092,712,6,"active","monthly","2024-07-18",NULL,99.00,0.00,"2024-08-01",NULL,"2026-04-24 22:09:13.186774"
1093,713,4,"expired","annual","2025-05-31","2025-10-03",32.50,0.00,"2025-06-14","Budget cuts","2026-04-24 22:09:13.186774"
1094,713,4,"active","monthly","2025-10-03",NULL,39.00,0.00,NULL,NULL,"2026-04-24 22:09:13.186774"
1095,714,2,"active","monthly","2023-03-21",NULL,10.20,15.00,"2023-04-04",NULL,"2026-04-24 22:09:13.186774"
1096,715,2,"expired","monthly","2025-09-23","2025-11-22",12.00,0.00,"2025-10-07","Missing features","2026-04-24 22:09:13.186774"
1097,715,2,"cancelled","monthly","2025-11-22","2026-01-21",12.00,0.00,NULL,"Not using it","2026-04-24 22:09:13.186774"
1098,715,5,"active","annual","2026-01-21",NULL,49.17,0.00,NULL,NULL,"2026-04-24 22:09:13.186774"
1099,716,5,"cancelled","annual","2024-01-23","2024-12-16",49.17,0.00,"2024-02-06","Too expensive","2026-04-24 22:09:13.186774"
1100,716,4,"active","monthly","2024-12-16",NULL,39.00,0.00,NULL,NULL,"2026-04-24 22:09:13.186774"
1101,717,5,"active","monthly","2024-06-24",NULL,59.00,0.00,"2024-07-08",NULL,"2026-04-24 22:09:13.186774"
1102,718,4,"cancelled","annual","2025-09-22","2025-11-22",32.50,0.00,"2025-10-06","Switched competitor","2026-04-24 22:09:13.186774"
1103,718,6,"cancelled","annual","2025-11-22","2025-10-24",82.50,0.00,NULL,"Missing features","2026-04-24 22:09:13.186774"
1104,719,2,"active","monthly","2023-09-08",NULL,12.00,0.00,"2023-09-22",NULL,"2026-04-24 22:09:13.186774"
1105,720,1,"active","monthly","2025-06-21",NULL,0.00,0.00,NULL,NULL,"2026-04-24 22:09:13.186774"
1106,721,2,"expired","monthly","2023-06-20","2024-03-13",12.00,0.00,"2023-07-04","Switched competitor","2026-04-24 22:09:13.186774"
1107,721,7,"active","monthly","2024-03-13",NULL,199.00,0.00,NULL,NULL,"2026-04-24 22:09:13.186774"
1108,722,1,"expired","monthly","2023-04-21","2023-10-04",0.00,20.00,NULL,"Company reorganization","2026-04-24 22:09:13.186774"
1109,722,4,"active","annual","2023-10-04",NULL,32.50,0.00,NULL,NULL,"2026-04-24 22:09:13.186774"
1110,723,4,"cancelled","annual","2024-08-26","2025-01-11",32.50,0.00,"2024-09-09","Not using it","2026-04-24 22:09:13.186774"
1111,723,5,"expired","annual","2025-01-11","2025-08-30",49.17,0.00,NULL,"Missing features","2026-04-24 22:09:13.186774"
1112,723,6,"paused","monthly","2025-08-30",NULL,99.00,0.00,NULL,NULL,"2026-04-24 22:09:13.186774"
1113,724,2,"expired","annual","2025-03-02","2025-09-03",8.50,15.00,"2025-03-16",NULL,"2026-04-24 22:09:13.186774"
1114,724,5,"cancelled","monthly","2025-09-03","2025-07-25",59.00,0.00,NULL,"Company reorganization","2026-04-24 22:09:13.186774"
1115,725,1,"active","annual","2023-10-12",NULL,0.00,20.00,NULL,NULL,"2026-04-24 22:09:13.186774"
1116,726,2,"expired","monthly","2024-07-19","2024-11-01",12.00,0.00,"2024-08-02","Too expensive","2026-04-24 22:09:13.186774"
1117,726,5,"active","monthly","2024-11-01",NULL,59.00,0.00,NULL,NULL,"2026-04-24 22:09:13.186774"
1118,727,1,"active","annual","2024-08-07",NULL,0.00,0.00,NULL,NULL,"2026-04-24 22:09:13.186774"
1119,728,2,"expired","monthly","2025-04-02","2025-09-18",10.20,15.00,"2025-04-16","Company reorganization","2026-04-24 22:09:13.186774"
1120,728,6,"cancelled","monthly","2025-09-18","2025-11-18",99.00,0.00,NULL,"Switched competitor","2026-04-24 22:09:13.186774"
1121,728,5,"cancelled","annual","2025-11-18","2025-10-03",39.33,20.00,NULL,"Too expensive","2026-04-24 22:09:13.186774"
1122,729,3,"active","monthly","2025-06-17",NULL,19.00,0.00,"2025-07-01",NULL,"2026-04-24 22:09:13.186774"
1123,730,5,"expired","monthly","2025-05-27","2025-09-04",53.10,10.00,"2025-06-10","Missing features","2026-04-24 22:09:13.186774"
1124,730,2,"active","monthly","2025-09-04",NULL,12.00,0.00,NULL,NULL,"2026-04-24 22:09:13.186774"
1125,731,4,"expired","annual","2025-06-15","2025-09-19",32.50,0.00,"2025-06-29",NULL,"2026-04-24 22:09:13.186774"
1126,731,7,"active","monthly","2025-09-19",NULL,199.00,0.00,NULL,NULL,"2026-04-24 22:09:13.186774"
1127,732,1,"active","monthly","2024-02-12",NULL,0.00,0.00,NULL,NULL,"2026-04-24 22:09:13.186774"
1128,733,6,"expired","monthly","2025-03-01","2025-09-24",84.15,15.00,"2025-03-15","Too expensive","2026-04-24 22:09:13.186774"
1129,733,2,"active","monthly","2025-09-24",NULL,10.80,10.00,NULL,NULL,"2026-04-24 22:09:13.186774"
1130,734,5,"active","annual","2023-01-22",NULL,36.88,25.00,"2023-02-05",NULL,"2026-04-24 22:09:13.186774"
1131,735,2,"active","annual","2025-01-05",NULL,10.00,0.00,"2025-01-19",NULL,"2026-04-24 22:09:13.186774"
1132,736,3,"cancelled","monthly","2023-08-24","2023-12-19",15.20,20.00,"2023-09-07","Missing features","2026-04-24 22:09:13.186774"
1133,736,2,"expired","annual","2023-12-19","2024-10-09",10.00,0.00,NULL,NULL,"2026-04-24 22:09:13.186774"
1134,736,5,"active","monthly","2024-10-09",NULL,59.00,0.00,NULL,NULL,"2026-04-24 22:09:13.186774"
1135,737,1,"cancelled","annual","2025-01-30","2025-05-22",0.00,0.00,NULL,"Switched competitor","2026-04-24 22:09:13.186774"
1136,737,7,"paused","annual","2025-05-22",NULL,165.83,0.00,NULL,NULL,"2026-04-24 22:09:13.186774"
1137,738,2,"active","monthly","2024-04-14",NULL,12.00,0.00,"2024-04-28",NULL,"2026-04-24 22:09:13.186774"
1138,739,2,"active","annual","2023-01-18",NULL,10.00,0.00,"2023-02-01",NULL,"2026-04-24 22:09:13.186774"
1139,740,4,"cancelled","monthly","2025-04-09","2025-08-17",39.00,0.00,"2025-04-23","Too expensive","2026-04-24 22:09:13.186774"
1140,740,7,"active","monthly","2025-08-17",NULL,199.00,0.00,NULL,NULL,"2026-04-24 22:09:13.186774"
1141,741,1,"active","monthly","2023-09-16",NULL,0.00,0.00,NULL,NULL,"2026-04-24 22:09:13.186774"
1142,742,4,"cancelled","monthly","2023-11-17","2024-09-27",29.25,25.00,"2023-12-01","Missing features","2026-04-24 22:09:13.186774"
1143,742,4,"active","monthly","2024-09-27",NULL,39.00,0.00,NULL,NULL,"2026-04-24 22:09:13.186774"
1144,743,2,"cancelled","annual","2025-02-05","2025-04-28",7.50,25.00,"2025-02-19","Too expensive","2026-04-24 22:09:13.186774"
1145,743,1,"cancelled","monthly","2025-04-28","2025-05-22",0.00,0.00,NULL,"Not using it","2026-04-24 22:09:13.186774"
1146,744,1,"expired","monthly","2023-05-01","2023-12-27",0.00,15.00,NULL,"Not using it","2026-04-24 22:09:13.186774"
1147,744,6,"active","monthly","2023-12-27",NULL,89.10,10.00,NULL,NULL,"2026-04-24 22:09:13.186774"
1148,745,1,"active","annual","2025-01-02",NULL,0.00,0.00,NULL,NULL,"2026-04-24 22:09:13.186774"
1149,746,3,"active","monthly","2024-10-01",NULL,19.00,0.00,"2024-10-15",NULL,"2026-04-24 22:09:13.186774"
1150,747,4,"cancelled","annual","2024-07-28","2025-04-02",32.50,0.00,"2024-08-11",NULL,"2026-04-24 22:09:13.186774"
1151,747,4,"active","monthly","2025-04-02",NULL,33.15,15.00,NULL,NULL,"2026-04-24 22:09:13.186774"
1152,748,2,"expired","monthly","2025-03-01","2025-09-02",12.00,0.00,"2025-03-15",NULL,"2026-04-24 22:09:13.186774"
1153,748,7,"expired","annual","2025-09-02","2025-11-01",165.83,0.00,NULL,"Budget cuts","2026-04-24 22:09:13.186774"
1154,748,2,"active","annual","2025-11-01",NULL,10.00,0.00,NULL,NULL,"2026-04-24 22:09:13.186774"
1155,749,3,"cancelled","annual","2025-09-20","2025-11-19",15.83,0.00,"2025-10-04","Not using it","2026-04-24 22:09:13.186774"
1156,749,5,"cancelled","monthly","2025-11-19","2026-01-18",59.00,0.00,NULL,"Switched competitor","2026-04-24 22:09:13.186774"
1157,749,3,"cancelled","monthly","2026-01-18","2025-10-26",19.00,0.00,NULL,"Budget cuts","2026-04-24 22:09:13.186774"
1158,750,1,"active","annual","2023-11-21",NULL,0.00,0.00,NULL,NULL,"2026-04-24 22:09:13.186774"
1159,751,1,"expired","annual","2023-07-03","2023-09-17",0.00,25.00,NULL,"Missing features","2026-04-24 22:09:13.186774"
1160,751,3,"active","monthly","2023-09-17",NULL,19.00,0.00,NULL,NULL,"2026-04-24 22:09:13.186774"
1161,752,4,"cancelled","monthly","2024-02-12","2025-09-04",39.00,0.00,"2024-02-26","Not using it","2026-04-24 22:09:13.186774"
1162,753,2,"active","monthly","2023-02-09",NULL,12.00,0.00,"2023-02-23",NULL,"2026-04-24 22:09:13.186774"
1163,754,1,"active","monthly","2023-10-12",NULL,0.00,0.00,NULL,NULL,"2026-04-24 22:09:13.186774"
1164,755,5,"cancelled","monthly","2024-11-14","2025-05-23",59.00,0.00,"2024-11-28","Missing features","2026-04-24 22:09:13.186774"
1165,755,1,"active","monthly","2025-05-23",NULL,0.00,0.00,NULL,NULL,"2026-04-24 22:09:13.186774"
1166,756,1,"active","annual","2024-07-28",NULL,0.00,25.00,NULL,NULL,"2026-04-24 22:09:13.186774"
1167,757,3,"expired","monthly","2025-08-23","2025-10-30",14.25,25.00,"2025-09-06","Not using it","2026-04-24 22:09:13.186774"
1168,757,4,"expired","monthly","2025-10-30","2025-12-30",39.00,0.00,NULL,NULL,"2026-04-24 22:09:13.186774"
1169,757,5,"active","annual","2025-12-30",NULL,49.17,0.00,NULL,NULL,"2026-04-24 22:09:13.186774"
1170,758,3,"cancelled","monthly","2025-05-05","2025-09-20",19.00,0.00,"2025-05-19","Not using it","2026-04-24 22:09:13.186774"
1171,758,6,"expired","monthly","2025-09-20","2025-11-19",99.00,0.00,NULL,"Company reorganization","2026-04-24 22:09:13.186774"
1172,758,5,"cancelled","annual","2025-11-19","2025-07-12",49.17,0.00,NULL,"Missing features","2026-04-24 22:09:13.186774"
1173,759,1,"active","monthly","2024-07-04",NULL,0.00,20.00,NULL,NULL,"2026-04-24 22:09:13.186774"
1174,760,1,"expired","annual","2023-09-25","2024-09-22",0.00,15.00,NULL,"Budget cuts","2026-04-24 22:09:13.186774"
1175,760,3,"cancelled","monthly","2024-09-22","2024-01-22",19.00,0.00,NULL,"Switched competitor","2026-04-24 22:09:13.186774"
1176,761,1,"expired","monthly","2025-06-09","2025-10-11",0.00,15.00,NULL,"Too expensive","2026-04-24 22:09:13.186774"
1177,761,2,"active","monthly","2025-10-11",NULL,12.00,0.00,NULL,NULL,"2026-04-24 22:09:13.186774"
1178,762,3,"active","monthly","2024-12-12",NULL,19.00,0.00,"2024-12-26",NULL,"2026-04-24 22:09:13.186774"
1179,763,4,"expired","annual","2023-06-17","2024-04-10",32.50,0.00,"2023-07-01","Company reorganization","2026-04-24 22:09:13.186774"
1180,763,6,"active","monthly","2024-04-10",NULL,99.00,0.00,NULL,NULL,"2026-04-24 22:09:13.186774"
1181,764,5,"cancelled","monthly","2024-04-16","2024-09-07",53.10,10.00,"2024-04-30","Company reorganization","2026-04-24 22:09:13.186774"
1182,765,1,"cancelled","monthly","2023-12-19","2025-03-20",0.00,20.00,NULL,"Missing features","2026-04-24 22:09:13.186774"
1183,766,5,"active","monthly","2025-07-08",NULL,59.00,0.00,"2025-07-22",NULL,"2026-04-24 22:09:13.186774"
1184,767,4,"expired","monthly","2024-10-23","2025-06-28",35.10,10.00,"2024-11-06","Too expensive","2026-04-24 22:09:13.186774"
1185,767,7,"active","monthly","2025-06-28",NULL,199.00,0.00,NULL,NULL,"2026-04-24 22:09:13.186774"
1186,768,4,"expired","annual","2025-09-08","2025-11-08",24.38,25.00,"2025-09-22","Switched competitor","2026-04-24 22:09:13.186774"
1187,768,3,"active","annual","2025-11-08",NULL,15.83,0.00,NULL,NULL,"2026-04-24 22:09:13.186774"
1188,769,1,"cancelled","monthly","2024-10-31","2025-08-31",0.00,0.00,NULL,"Company reorganization","2026-04-24 22:09:13.186774"
1189,769,6,"active","monthly","2025-08-31",NULL,89.10,10.00,NULL,NULL,"2026-04-24 22:09:13.186774"
1190,770,4,"active","monthly","2023-04-25",NULL,39.00,0.00,"2023-05-09",NULL,"2026-04-24 22:09:13.186774"
1191,771,2,"expired","annual","2023-10-16","2024-04-12",10.00,0.00,"2023-10-30","Missing features","2026-04-24 22:09:13.186774"
1192,771,5,"cancelled","monthly","2024-04-12","2025-09-19",59.00,0.00,NULL,"Budget cuts","2026-04-24 22:09:13.186774"
1193,772,1,"cancelled","annual","2024-09-02","2024-10-30",0.00,0.00,NULL,"Budget cuts","2026-04-24 22:09:13.186774"
1194,773,2,"expired","monthly","2023-02-11","2024-02-02",12.00,0.00,"2023-02-25","Budget cuts","2026-04-24 22:09:13.186774"
1195,773,2,"cancelled","annual","2024-02-02","2024-10-12",10.00,0.00,NULL,"Company reorganization","2026-04-24 22:09:13.186774"
1196,774,1,"active","annual","2025-01-30",NULL,0.00,0.00,NULL,NULL,"2026-04-24 22:09:13.186774"
1197,775,2,"active","monthly","2023-08-09",NULL,12.00,0.00,"2023-08-23",NULL,"2026-04-24 22:09:13.186774"
1198,776,2,"cancelled","monthly","2023-08-19","2024-05-27",12.00,0.00,"2023-09-02","Switched competitor","2026-04-24 22:09:13.186774"
1199,777,2,"active","monthly","2023-06-05",NULL,12.00,0.00,"2023-06-19",NULL,"2026-04-24 22:09:13.186774"
1200,778,3,"cancelled","monthly","2023-03-27","2024-02-12",19.00,0.00,"2023-04-10","Too expensive","2026-04-24 22:09:13.186774"
1201,778,2,"cancelled","monthly","2024-02-12","2024-10-07",12.00,0.00,NULL,"Switched competitor","2026-04-24 22:09:13.186774"
1202,778,3,"active","monthly","2024-10-07",NULL,19.00,0.00,NULL,NULL,"2026-04-24 22:09:13.186774"
1203,779,4,"expired","monthly","2024-03-01","2025-02-15",39.00,0.00,"2024-03-15",NULL,"2026-04-24 22:09:13.186774"
1204,779,6,"active","monthly","2025-02-15",NULL,89.10,10.00,NULL,NULL,"2026-04-24 22:09:13.186774"
1205,780,3,"expired","annual","2023-06-12","2024-02-07",15.83,0.00,"2023-06-26",NULL,"2026-04-24 22:09:13.186774"
1206,780,2,"active","monthly","2024-02-07",NULL,10.80,10.00,NULL,NULL,"2026-04-24 22:09:13.186774"
1207,781,2,"expired","monthly","2024-06-29","2025-02-17",10.20,15.00,"2024-07-13",NULL,"2026-04-24 22:09:13.186774"
1208,781,3,"active","annual","2025-02-17",NULL,15.83,0.00,NULL,NULL,"2026-04-24 22:09:13.186774"
1209,782,1,"active","annual","2024-11-30",NULL,0.00,0.00,NULL,NULL,"2026-04-24 22:09:13.186774"
1210,783,1,"active","annual","2024-10-02",NULL,0.00,0.00,NULL,NULL,"2026-04-24 22:09:13.186774"
1211,784,6,"cancelled","annual","2023-09-05","2024-04-18",82.50,0.00,"2023-09-19",NULL,"2026-04-24 22:09:13.186774"
1212,784,5,"cancelled","annual","2024-04-18","2025-03-21",49.17,0.00,NULL,"Switched competitor","2026-04-24 22:09:13.186774"
1213,784,3,"active","monthly","2025-03-21",NULL,16.15,15.00,NULL,NULL,"2026-04-24 22:09:13.186774"
1214,785,4,"active","monthly","2024-04-26",NULL,39.00,0.00,"2024-05-10",NULL,"2026-04-24 22:09:13.186774"
1215,786,4,"expired","monthly","2025-04-28","2025-10-17",39.00,0.00,"2025-05-12","Budget cuts","2026-04-24 22:09:13.186774"
1216,786,3,"cancelled","annual","2025-10-17","2025-12-16",15.83,0.00,NULL,"Budget cuts","2026-04-24 22:09:13.186774"
1217,786,3,"active","monthly","2025-12-16",NULL,14.25,25.00,NULL,NULL,"2026-04-24 22:09:13.186774"
1218,787,2,"active","annual","2023-03-17",NULL,10.00,0.00,"2023-03-31",NULL,"2026-04-24 22:09:13.186774"
1219,788,1,"cancelled","annual","2023-05-24","2024-09-13",0.00,0.00,NULL,"Not using it","2026-04-24 22:09:13.186774"
1220,789,4,"active","monthly","2023-10-27",NULL,39.00,0.00,"2023-11-10",NULL,"2026-04-24 22:09:13.186774"
1221,790,2,"cancelled","monthly","2024-10-21","2025-10-17",12.00,0.00,"2024-11-04","Not using it","2026-04-24 22:09:13.186774"
1222,791,4,"active","annual","2025-03-07",NULL,32.50,0.00,"2025-03-21",NULL,"2026-04-24 22:09:13.186774"
1223,792,4,"active","annual","2025-09-20",NULL,32.50,0.00,"2025-10-04",NULL,"2026-04-24 22:09:13.186774"
1224,793,2,"cancelled","monthly","2025-01-30","2025-10-25",12.00,0.00,"2025-02-13","Budget cuts","2026-04-24 22:09:13.186774"
1225,793,2,"cancelled","monthly","2025-10-25","2025-12-25",12.00,0.00,NULL,"Company reorganization","2026-04-24 22:09:13.186774"
1226,793,6,"cancelled","annual","2025-12-25","2025-03-25",82.50,0.00,NULL,NULL,"2026-04-24 22:09:13.186774"
1227,794,5,"active","annual","2023-04-30",NULL,49.17,0.00,"2023-05-14",NULL,"2026-04-24 22:09:13.186774"
1228,795,5,"active","annual","2023-01-01",NULL,49.17,0.00,"2023-01-15",NULL,"2026-04-24 22:09:13.186774"
1229,796,1,"active","annual","2023-11-23",NULL,0.00,0.00,NULL,NULL,"2026-04-24 22:09:13.186774"
1230,797,2,"active","monthly","2025-02-20",NULL,12.00,0.00,"2025-03-06",NULL,"2026-04-24 22:09:13.186774"
1231,798,2,"cancelled","monthly","2023-06-10","2024-02-08",9.60,20.00,"2023-06-24","Missing features","2026-04-24 22:09:13.186774"
1232,798,3,"active","monthly","2024-02-08",NULL,19.00,0.00,NULL,NULL,"2026-04-24 22:09:13.186774"
1233,799,2,"cancelled","monthly","2024-03-11","2025-01-16",12.00,0.00,"2024-03-25","Budget cuts","2026-04-24 22:09:13.186774"
1234,799,5,"active","annual","2025-01-16",NULL,49.17,0.00,NULL,NULL,"2026-04-24 22:09:13.186774"
1235,800,5,"cancelled","annual","2025-01-03","2025-03-08",49.17,0.00,"2025-01-17","Budget cuts","2026-04-24 22:09:13.186774"
1236,800,5,"cancelled","monthly","2025-03-08","2025-10-26",59.00,0.00,NULL,"Not using it","2026-04-24 22:09:13.186774"
1237,800,5,"active","monthly","2025-10-26",NULL,59.00,0.00,NULL,NULL,"2026-04-24 22:09:13.186774"
1238,801,5,"cancelled","monthly","2023-04-20","2024-01-24",59.00,0.00,"2023-05-04","Too expensive","2026-04-24 22:09:13.186774"
1239,802,4,"active","annual","2024-10-16",NULL,32.50,0.00,"2024-10-30",NULL,"2026-04-24 22:09:13.186774"
1240,803,4,"cancelled","annual","2024-07-29","2025-03-06",32.50,0.00,"2024-08-12","Missing features","2026-04-24 22:09:13.186774"
1241,804,1,"cancelled","monthly","2023-08-08","2025-09-03",0.00,10.00,NULL,"Company reorganization","2026-04-24 22:09:13.186774"
1242,805,2,"cancelled","monthly","2024-08-02","2024-11-03",12.00,0.00,"2024-08-16","Missing features","2026-04-24 22:09:13.186774"
1243,805,2,"expired","annual","2024-11-03","2025-08-18",10.00,0.00,NULL,"Too expensive","2026-04-24 22:09:13.186774"
1244,805,4,"active","annual","2025-08-18",NULL,32.50,0.00,NULL,NULL,"2026-04-24 22:09:13.186774"
1245,806,4,"expired","annual","2024-06-09","2024-08-12",32.50,0.00,"2024-06-23","Budget cuts","2026-04-24 22:09:13.186774"
1246,806,3,"active","monthly","2024-08-12",NULL,19.00,0.00,NULL,NULL,"2026-04-24 22:09:13.186774"
1247,807,6,"cancelled","monthly","2023-03-16","2025-09-24",84.15,15.00,"2023-03-30",NULL,"2026-04-24 22:09:13.186774"
1248,808,1,"cancelled","annual","2024-08-21","2025-06-24",0.00,15.00,NULL,"Company reorganization","2026-04-24 22:09:13.186774"
1249,808,3,"active","annual","2025-06-24",NULL,15.83,0.00,NULL,NULL,"2026-04-24 22:09:13.186774"
1250,809,4,"active","monthly","2024-07-07",NULL,39.00,0.00,"2024-07-21",NULL,"2026-04-24 22:09:13.186774"
1251,810,2,"expired","annual","2025-08-28","2025-10-29",10.00,0.00,"2025-09-11","Budget cuts","2026-04-24 22:09:13.186774"
1252,810,4,"active","annual","2025-10-29",NULL,32.50,0.00,NULL,NULL,"2026-04-24 22:09:13.186774"
1253,811,1,"cancelled","monthly","2023-08-03","2025-09-30",0.00,0.00,NULL,"Missing features","2026-04-24 22:09:13.186774"
1254,812,4,"paused","monthly","2024-10-29",NULL,33.15,15.00,"2024-11-12",NULL,"2026-04-24 22:09:13.186774"
1255,813,1,"expired","monthly","2024-06-15","2024-08-19",0.00,0.00,NULL,"Not using it","2026-04-24 22:09:13.186774"
1256,813,2,"cancelled","monthly","2024-08-19","2025-07-14",12.00,0.00,NULL,"Switched competitor","2026-04-24 22:09:13.186774"
1257,814,1,"cancelled","annual","2025-08-05","2025-09-19",0.00,0.00,NULL,NULL,"2026-04-24 22:09:13.186774"
1258,815,2,"cancelled","annual","2023-04-13","2024-04-22",9.00,10.00,"2023-04-27","Missing features","2026-04-24 22:09:13.186774"
1259,816,4,"active","monthly","2024-11-15",NULL,39.00,0.00,"2024-11-29",NULL,"2026-04-24 22:09:13.186774"
1260,817,2,"active","monthly","2023-04-18",NULL,12.00,0.00,"2023-05-02",NULL,"2026-04-24 22:09:13.186774"
1261,818,2,"active","monthly","2025-03-29",NULL,9.00,25.00,"2025-04-12",NULL,"2026-04-24 22:09:13.186774"
1262,819,4,"active","monthly","2023-07-12",NULL,39.00,0.00,"2023-07-26",NULL,"2026-04-24 22:09:13.186774"
1263,820,4,"cancelled","monthly","2025-07-02","2025-09-03",39.00,0.00,"2025-07-16","Not using it","2026-04-24 22:09:13.186774"
1264,821,2,"expired","annual","2024-04-13","2024-10-05",10.00,0.00,"2024-04-27","Switched competitor","2026-04-24 22:09:13.186774"
1265,821,4,"active","annual","2024-10-05",NULL,32.50,0.00,NULL,NULL,"2026-04-24 22:09:13.186774"
1266,822,2,"active","annual","2023-12-29",NULL,10.00,0.00,"2024-01-12",NULL,"2026-04-24 22:09:13.186774"
1267,823,2,"cancelled","monthly","2025-08-10","2025-10-19",12.00,0.00,"2025-08-24",NULL,"2026-04-24 22:09:13.186774"
1268,823,5,"active","annual","2025-10-19",NULL,49.17,0.00,NULL,NULL,"2026-04-24 22:09:13.186774"
1269,824,1,"cancelled","monthly","2023-09-15","2024-06-30",0.00,0.00,NULL,"Switched competitor","2026-04-24 22:09:13.186774"
1270,824,3,"expired","monthly","2024-06-30","2024-12-29",19.00,0.00,NULL,NULL,"2026-04-24 22:09:13.186774"
1271,824,6,"active","annual","2024-12-29",NULL,82.50,0.00,NULL,NULL,"2026-04-24 22:09:13.186774"
1272,825,6,"active","annual","2025-09-13",NULL,82.50,0.00,"2025-09-27",NULL,"2026-04-24 22:09:13.186774"
1273,826,5,"expired","monthly","2023-05-08","2024-01-24",59.00,0.00,"2023-05-22","Budget cuts","2026-04-24 22:09:13.186774"
1274,826,5,"cancelled","monthly","2024-01-24","2024-09-26",53.10,10.00,NULL,"Missing features","2026-04-24 22:09:13.186774"
1275,826,5,"active","annual","2024-09-26",NULL,49.17,0.00,NULL,NULL,"2026-04-24 22:09:13.186774"
1276,827,4,"expired","monthly","2023-08-19","2024-03-18",39.00,0.00,"2023-09-02","Too expensive","2026-04-24 22:09:13.186774"
1277,827,3,"expired","monthly","2024-03-18","2025-03-15",19.00,0.00,NULL,"Switched competitor","2026-04-24 22:09:13.186774"
1278,827,2,"active","annual","2025-03-15",NULL,10.00,0.00,NULL,NULL,"2026-04-24 22:09:13.186774"
1279,828,1,"active","monthly","2025-05-06",NULL,0.00,0.00,NULL,NULL,"2026-04-24 22:09:13.186774"
1280,829,1,"expired","monthly","2024-11-19","2025-05-25",0.00,0.00,NULL,"Budget cuts","2026-04-24 22:09:13.186774"
1281,829,3,"active","annual","2025-05-25",NULL,15.83,0.00,NULL,NULL,"2026-04-24 22:09:13.186774"
1282,830,1,"active","monthly","2023-01-27",NULL,0.00,10.00,NULL,NULL,"2026-04-24 22:09:13.186774"
1283,831,1,"expired","monthly","2025-03-13","2025-05-26",0.00,0.00,NULL,"Missing features","2026-04-24 22:09:13.186774"
1284,831,1,"cancelled","monthly","2025-05-26","2025-10-06",0.00,0.00,NULL,NULL,"2026-04-24 22:09:13.186774"
1285,832,1,"cancelled","monthly","2023-11-10","2024-07-19",0.00,0.00,NULL,"Budget cuts","2026-04-24 22:09:13.186774"
1286,832,4,"cancelled","monthly","2024-07-19","2025-06-22",39.00,0.00,NULL,"Company reorganization","2026-04-24 22:09:13.186774"
1287,833,6,"cancelled","monthly","2025-02-11","2025-05-30",79.20,20.00,"2025-02-25","Company reorganization","2026-04-24 22:09:13.186774"
1288,833,2,"cancelled","annual","2025-05-30","2025-05-17",10.00,0.00,NULL,"Missing features","2026-04-24 22:09:13.186774"
1289,834,2,"active","monthly","2025-08-01",NULL,12.00,0.00,"2025-08-15",NULL,"2026-04-24 22:09:13.186774"
1290,835,2,"expired","monthly","2023-01-22","2023-10-16",12.00,0.00,"2023-02-05","Switched competitor","2026-04-24 22:09:13.186774"
1291,835,5,"cancelled","annual","2023-10-16","2024-10-02",49.17,0.00,NULL,"Missing features","2026-04-24 22:09:13.186774"
1292,835,4,"active","monthly","2024-10-02",NULL,39.00,0.00,NULL,NULL,"2026-04-24 22:09:13.186774"
1293,836,1,"cancelled","annual","2025-04-27","2025-10-12",0.00,0.00,NULL,"Too expensive","2026-04-24 22:09:13.186774"
1294,836,7,"expired","monthly","2025-10-12","2025-12-11",199.00,0.00,NULL,NULL,"2026-04-24 22:09:13.186774"
1295,836,5,"active","annual","2025-12-11",NULL,49.17,0.00,NULL,NULL,"2026-04-24 22:09:13.186774"
1296,837,1,"active","annual","2024-08-11",NULL,0.00,20.00,NULL,NULL,"2026-04-24 22:09:13.186774"
1297,838,3,"cancelled","monthly","2023-10-10","2024-07-13",19.00,0.00,"2023-10-24","Too expensive","2026-04-24 22:09:13.186774"
1298,838,4,"active","annual","2024-07-13",NULL,29.25,10.00,NULL,NULL,"2026-04-24 22:09:13.186774"
1299,839,2,"expired","annual","2025-03-28","2025-10-26",10.00,0.00,"2025-04-11","Company reorganization","2026-04-24 22:09:13.186774"
1300,839,4,"cancelled","monthly","2025-10-26","2025-12-25",39.00,0.00,NULL,"Not using it","2026-04-24 22:09:13.186774"
1301,839,3,"active","monthly","2025-12-25",NULL,19.00,0.00,NULL,NULL,"2026-04-24 22:09:13.186774"
1302,840,3,"active","annual","2023-03-14",NULL,15.83,0.00,"2023-03-28",NULL,"2026-04-24 22:09:13.186774"
1303,841,5,"active","monthly","2025-08-26",NULL,59.00,0.00,"2025-09-09",NULL,"2026-04-24 22:09:13.186774"
1304,842,4,"expired","monthly","2024-10-24","2025-09-01",39.00,0.00,"2024-11-07","Switched competitor","2026-04-24 22:09:13.186774"
1305,842,4,"active","monthly","2025-09-01",NULL,39.00,0.00,NULL,NULL,"2026-04-24 22:09:13.186774"
1306,843,4,"cancelled","annual","2023-11-10","2024-03-27",32.50,0.00,"2023-11-24","Company reorganization","2026-04-24 22:09:13.186774"
1307,843,4,"cancelled","monthly","2024-03-27","2025-02-23",33.15,15.00,NULL,"Budget cuts","2026-04-24 22:09:13.186774"
1308,844,2,"active","annual","2023-07-01",NULL,10.00,0.00,"2023-07-15",NULL,"2026-04-24 22:09:13.186774"
1309,845,3,"active","monthly","2023-06-21",NULL,19.00,0.00,"2023-07-05",NULL,"2026-04-24 22:09:13.186774"
1310,846,4,"cancelled","annual","2024-02-18","2024-05-03",32.50,0.00,"2024-03-03",NULL,"2026-04-24 22:09:13.186774"
1311,847,2,"cancelled","annual","2023-10-17","2024-03-25",10.00,0.00,"2023-10-31",NULL,"2026-04-24 22:09:13.186774"
1312,847,2,"active","monthly","2024-03-25",NULL,12.00,0.00,NULL,NULL,"2026-04-24 22:09:13.186774"
1313,848,2,"active","monthly","2025-03-16",NULL,12.00,0.00,"2025-03-30",NULL,"2026-04-24 22:09:13.186774"
1314,849,6,"active","monthly","2023-02-18",NULL,99.00,0.00,"2023-03-04",NULL,"2026-04-24 22:09:13.186774"
1315,850,3,"cancelled","annual","2025-08-30","2025-10-09",15.83,0.00,"2025-09-13","Too expensive","2026-04-24 22:09:13.186774"
1316,851,2,"active","monthly","2025-07-26",NULL,12.00,0.00,"2025-08-09",NULL,"2026-04-24 22:09:13.186774"
1317,852,5,"active","monthly","2024-12-28",NULL,59.00,0.00,"2025-01-11",NULL,"2026-04-24 22:09:13.186774"
1318,853,5,"cancelled","annual","2024-05-14","2025-03-30",49.17,0.00,"2024-05-28","Switched competitor","2026-04-24 22:09:13.186774"
1319,853,2,"active","monthly","2025-03-30",NULL,12.00,0.00,NULL,NULL,"2026-04-24 22:09:13.186774"
1320,854,3,"cancelled","monthly","2023-05-03","2024-03-03",19.00,0.00,"2023-05-17","Switched competitor","2026-04-24 22:09:13.186774"
1321,854,5,"active","monthly","2024-03-03",NULL,59.00,0.00,NULL,NULL,"2026-04-24 22:09:13.186774"
1322,855,3,"expired","monthly","2023-07-08","2024-05-16",19.00,0.00,"2023-07-22",NULL,"2026-04-24 22:09:13.186774"
1323,855,2,"cancelled","monthly","2024-05-16","2023-11-19",12.00,0.00,NULL,"Budget cuts","2026-04-24 22:09:13.186774"
1324,856,1,"active","annual","2023-09-14",NULL,0.00,0.00,NULL,NULL,"2026-04-24 22:09:13.186774"
1325,857,5,"active","monthly","2023-03-13",NULL,47.20,20.00,"2023-03-27",NULL,"2026-04-24 22:09:13.186774"
1326,858,3,"expired","monthly","2023-11-26","2024-07-13",19.00,0.00,"2023-12-10","Company reorganization","2026-04-24 22:09:13.186774"
1327,858,4,"expired","monthly","2024-07-13","2025-06-26",39.00,0.00,NULL,"Too expensive","2026-04-24 22:09:13.186774"
1328,858,2,"active","annual","2025-06-26",NULL,10.00,0.00,NULL,NULL,"2026-04-24 22:09:13.186774"
1329,859,3,"active","monthly","2024-10-22",NULL,19.00,0.00,"2024-11-05",NULL,"2026-04-24 22:09:13.186774"
1330,860,4,"cancelled","annual","2023-08-18","2025-01-23",32.50,0.00,"2023-09-01","Budget cuts","2026-04-24 22:09:13.186774"
1331,861,2,"cancelled","annual","2024-02-16","2025-07-16",10.00,0.00,"2024-03-01","Budget cuts","2026-04-24 22:09:13.186774"
1332,862,1,"active","annual","2025-02-21",NULL,0.00,10.00,NULL,NULL,"2026-04-24 22:09:13.186774"
1333,863,4,"cancelled","annual","2024-03-18","2025-03-27",32.50,0.00,"2024-04-01","Too expensive","2026-04-24 22:09:13.186774"
1334,864,3,"expired","monthly","2024-05-13","2025-01-31",19.00,0.00,"2024-05-27","Switched competitor","2026-04-24 22:09:13.186774"
1335,864,2,"active","annual","2025-01-31",NULL,9.00,10.00,NULL,NULL,"2026-04-24 22:09:13.186774"
1336,865,3,"expired","monthly","2024-08-20","2025-02-27",16.15,15.00,"2024-09-03","Company reorganization","2026-04-24 22:09:13.186774"
1337,865,3,"active","annual","2025-02-27",NULL,15.83,0.00,NULL,NULL,"2026-04-24 22:09:13.186774"
1338,866,5,"active","monthly","2024-10-05",NULL,59.00,0.00,"2024-10-19",NULL,"2026-04-24 22:09:13.186774"
1339,867,1,"expired","annual","2025-02-24","2025-10-08",0.00,0.00,NULL,"Too expensive","2026-04-24 22:09:13.186774"
1340,867,4,"cancelled","annual","2025-10-08","2025-08-13",24.38,25.00,NULL,"Too expensive","2026-04-24 22:09:13.186774"
1341,868,4,"active","monthly","2025-08-29",NULL,39.00,0.00,"2025-09-12",NULL,"2026-04-24 22:09:13.186774"
1342,869,3,"active","annual","2023-01-25",NULL,15.83,0.00,"2023-02-08",NULL,"2026-04-24 22:09:13.186774"
1343,870,4,"active","monthly","2023-05-14",NULL,39.00,0.00,"2023-05-28",NULL,"2026-04-24 22:09:13.186774"
1344,871,2,"cancelled","annual","2025-04-02","2025-07-16",10.00,0.00,"2025-04-16","Company reorganization","2026-04-24 22:09:13.186774"
1345,871,2,"active","monthly","2025-07-16",NULL,9.00,25.00,NULL,NULL,"2026-04-24 22:09:13.186774"
1346,872,6,"cancelled","annual","2025-07-06","2025-10-02",82.50,0.00,"2025-07-20","Too expensive","2026-04-24 22:09:13.186774"
1347,872,3,"cancelled","monthly","2025-10-02","2025-12-01",19.00,0.00,NULL,"Too expensive","2026-04-24 22:09:13.186774"
1348,872,7,"cancelled","annual","2025-12-01","2025-10-22",165.83,0.00,NULL,"Switched competitor","2026-04-24 22:09:13.186774"
1349,873,1,"active","monthly","2023-12-05",NULL,0.00,0.00,NULL,NULL,"2026-04-24 22:09:13.186774"
1350,874,3,"expired","annual","2023-03-23","2024-02-24",15.83,0.00,"2023-04-06","Company reorganization","2026-04-24 22:09:13.186774"
1351,874,2,"active","monthly","2024-02-24",NULL,12.00,0.00,NULL,NULL,"2026-04-24 22:09:13.186774"
1352,875,1,"expired","monthly","2023-08-22","2023-10-24",0.00,0.00,NULL,"Too expensive","2026-04-24 22:09:13.186774"
1353,875,5,"cancelled","monthly","2023-10-24","2025-01-26",59.00,0.00,NULL,"Too expensive","2026-04-24 22:09:13.186774"
1354,876,2,"active","annual","2024-05-20",NULL,8.00,20.00,"2024-06-03",NULL,"2026-04-24 22:09:13.186774"
1355,877,6,"active","annual","2024-09-12",NULL,61.88,25.00,"2024-09-26",NULL,"2026-04-24 22:09:13.186774"
1356,878,1,"expired","monthly","2024-02-24","2024-05-29",0.00,20.00,NULL,"Not using it","2026-04-24 22:09:13.186774"
1357,878,2,"active","monthly","2024-05-29",NULL,12.00,0.00,NULL,NULL,"2026-04-24 22:09:13.186774"
1358,879,2,"cancelled","annual","2024-10-09","2025-02-03",10.00,0.00,"2024-10-23","Too expensive","2026-04-24 22:09:13.186774"
1359,879,1,"cancelled","monthly","2025-02-03","2025-03-30",0.00,0.00,NULL,"Company reorganization","2026-04-24 22:09:13.186774"
1360,880,4,"expired","monthly","2023-06-12","2023-08-31",39.00,0.00,"2023-06-26","Budget cuts","2026-04-24 22:09:13.186774"
1361,880,1,"active","monthly","2023-08-31",NULL,0.00,0.00,NULL,NULL,"2026-04-24 22:09:13.186774"
1362,881,1,"active","annual","2023-03-10",NULL,0.00,0.00,NULL,NULL,"2026-04-24 22:09:13.186774"
1363,882,2,"expired","monthly","2023-11-15","2024-05-15",12.00,0.00,"2023-11-29","Company reorganization","2026-04-24 22:09:13.186774"
1364,882,3,"expired","annual","2024-05-15","2025-04-16",13.46,15.00,NULL,"Company reorganization","2026-04-24 22:09:13.186774"
1365,882,5,"active","annual","2025-04-16",NULL,49.17,0.00,NULL,NULL,"2026-04-24 22:09:13.186774"
1366,883,2,"cancelled","annual","2025-09-15","2025-11-15",10.00,0.00,"2025-09-29","Budget cuts","2026-04-24 22:09:13.186774"
1367,883,7,"active","monthly","2025-11-15",NULL,199.00,0.00,NULL,NULL,"2026-04-24 22:09:13.186774"
1368,884,1,"active","annual","2024-05-17",NULL,0.00,25.00,NULL,NULL,"2026-04-24 22:09:13.186774"
1369,885,6,"expired","annual","2023-05-30","2024-03-02",82.50,0.00,"2023-06-13","Missing features","2026-04-24 22:09:13.186774"
1370,885,3,"cancelled","annual","2024-03-02","2024-07-10",12.67,20.00,NULL,NULL,"2026-04-24 22:09:13.186774"
1371,885,1,"active","annual","2024-07-10",NULL,0.00,0.00,NULL,NULL,"2026-04-24 22:09:13.186774"
1372,886,1,"expired","annual","2025-03-20","2025-08-02",0.00,0.00,NULL,NULL,"2026-04-24 22:09:13.186774"
1373,886,3,"active","annual","2025-08-02",NULL,14.25,10.00,NULL,NULL,"2026-04-24 22:09:13.186774"
1374,887,3,"active","annual","2024-01-27",NULL,15.83,0.00,"2024-02-10",NULL,"2026-04-24 22:09:13.186774"
1375,888,5,"cancelled","monthly","2024-02-10","2025-06-30",59.00,0.00,"2024-02-24",NULL,"2026-04-24 22:09:13.186774"
1376,889,1,"cancelled","monthly","2023-08-29","2024-07-03",0.00,0.00,NULL,"Company reorganization","2026-04-24 22:09:13.186774"
1377,890,4,"active","monthly","2024-10-20",NULL,35.10,10.00,"2024-11-03",NULL,"2026-04-24 22:09:13.186774"
1378,891,3,"expired","monthly","2025-02-22","2025-07-17",19.00,0.00,"2025-03-08","Not using it","2026-04-24 22:09:13.186774"
1379,891,3,"active","monthly","2025-07-17",NULL,19.00,0.00,NULL,NULL,"2026-04-24 22:09:13.186774"
1380,892,3,"cancelled","annual","2025-04-28","2025-07-08",15.83,0.00,"2025-05-12","Missing features","2026-04-24 22:09:13.186774"
1381,893,3,"cancelled","annual","2024-10-28","2025-08-17",15.83,0.00,"2024-11-11",NULL,"2026-04-24 22:09:13.186774"
1382,893,4,"active","monthly","2025-08-17",NULL,39.00,0.00,NULL,NULL,"2026-04-24 22:09:13.186774"
1383,894,4,"active","monthly","2025-04-17",NULL,39.00,0.00,"2025-05-01",NULL,"2026-04-24 22:09:13.186774"
1384,895,2,"active","monthly","2024-04-13",NULL,12.00,0.00,"2024-04-27",NULL,"2026-04-24 22:09:13.186774"
1385,896,3,"cancelled","monthly","2024-09-26","2025-04-09",19.00,0.00,"2024-10-10","Switched competitor","2026-04-24 22:09:13.186774"
1386,896,6,"cancelled","monthly","2025-04-09","2024-10-30",99.00,0.00,NULL,"Company reorganization","2026-04-24 22:09:13.186774"
1387,897,5,"expired","annual","2024-03-03","2024-05-12",49.17,0.00,"2024-03-17","Not using it","2026-04-24 22:09:13.186774"
1388,897,1,"active","annual","2024-05-12",NULL,0.00,0.00,NULL,NULL,"2026-04-24 22:09:13.186774"
1389,898,4,"cancelled","annual","2023-04-26","2024-05-24",32.50,0.00,"2023-05-10","Budget cuts","2026-04-24 22:09:13.186774"
1390,899,1,"active","monthly","2023-02-15",NULL,0.00,0.00,NULL,NULL,"2026-04-24 22:09:13.186774"
1391,900,2,"active","annual","2024-03-21",NULL,10.00,0.00,"2024-04-04",NULL,"2026-04-24 22:09:13.186774"
1392,901,2,"cancelled","monthly","2024-07-07","2025-05-02",12.00,0.00,"2024-07-21","Too expensive","2026-04-24 22:09:13.186774"
1393,902,3,"active","monthly","2023-05-21",NULL,19.00,0.00,"2023-06-04",NULL,"2026-04-24 22:09:13.186774"
1394,903,2,"cancelled","annual","2024-02-10","2025-01-30",10.00,0.00,"2024-02-24","Not using it","2026-04-24 22:09:13.186774"
1395,904,3,"active","monthly","2025-03-27",NULL,19.00,0.00,"2025-04-10",NULL,"2026-04-24 22:09:13.186774"
1396,905,3,"cancelled","annual","2025-07-03","2025-10-26",11.88,25.00,"2025-07-17","Switched competitor","2026-04-24 22:09:13.186774"
1397,905,4,"active","monthly","2025-10-26",NULL,39.00,0.00,NULL,NULL,"2026-04-24 22:09:13.186774"
1398,906,5,"active","monthly","2023-02-01",NULL,59.00,0.00,"2023-02-15",NULL,"2026-04-24 22:09:13.186774"
1399,907,5,"active","monthly","2023-08-02",NULL,59.00,0.00,"2023-08-16",NULL,"2026-04-24 22:09:13.186774"
1400,908,5,"expired","monthly","2024-01-28","2024-12-06",44.25,25.00,"2024-02-11","Budget cuts","2026-04-24 22:09:13.186774"
1401,908,4,"active","monthly","2024-12-06",NULL,39.00,0.00,NULL,NULL,"2026-04-24 22:09:13.186774"
1402,909,4,"cancelled","annual","2024-07-10","2024-10-31",32.50,0.00,"2024-07-24","Too expensive","2026-04-24 22:09:13.186774"
1403,909,5,"cancelled","monthly","2024-10-31","2025-06-30",44.25,25.00,NULL,"Budget cuts","2026-04-24 22:09:13.186774"
1404,909,7,"cancelled","monthly","2025-06-30","2025-02-15",199.00,0.00,NULL,"Budget cuts","2026-04-24 22:09:13.186774"
1405,910,1,"cancelled","annual","2024-02-25","2025-09-08",0.00,0.00,NULL,"Too expensive","2026-04-24 22:09:13.186774"
1406,911,4,"active","monthly","2023-05-01",NULL,39.00,0.00,"2023-05-15",NULL,"2026-04-24 22:09:13.186774"
1407,912,1,"active","monthly","2025-02-01",NULL,0.00,15.00,NULL,NULL,"2026-04-24 22:09:13.186774"
1408,913,3,"cancelled","annual","2023-05-23","2023-12-31",15.83,0.00,"2023-06-06","Too expensive","2026-04-24 22:09:13.186774"
1409,913,1,"expired","monthly","2023-12-31","2024-03-05",0.00,0.00,NULL,"Too expensive","2026-04-24 22:09:13.186774"
1410,913,5,"cancelled","monthly","2024-03-05","2023-07-28",59.00,0.00,NULL,"Company reorganization","2026-04-24 22:09:13.186774"
1411,914,1,"active","annual","2025-07-30",NULL,0.00,0.00,NULL,NULL,"2026-04-24 22:09:13.186774"
1412,915,1,"cancelled","annual","2024-11-03","2025-05-12",0.00,0.00,NULL,"Switched competitor","2026-04-24 22:09:13.186774"
1413,916,1,"active","monthly","2023-01-10",NULL,0.00,25.00,NULL,NULL,"2026-04-24 22:09:13.186774"
1414,917,6,"active","monthly","2023-05-11",NULL,99.00,0.00,"2023-05-25",NULL,"2026-04-24 22:09:13.186774"
1415,918,6,"expired","monthly","2023-11-25","2024-11-15",99.00,0.00,"2023-12-09","Budget cuts","2026-04-24 22:09:13.186774"
1416,918,4,"active","monthly","2024-11-15",NULL,39.00,0.00,NULL,NULL,"2026-04-24 22:09:13.186774"
1417,919,3,"cancelled","annual","2023-10-22","2024-01-05",14.25,10.00,"2023-11-05","Too expensive","2026-04-24 22:09:13.186774"
1418,919,7,"cancelled","annual","2024-01-05","2024-09-23",165.83,0.00,NULL,"Company reorganization","2026-04-24 22:09:13.186774"
1419,919,6,"active","monthly","2024-09-23",NULL,79.20,20.00,NULL,NULL,"2026-04-24 22:09:13.186774"
1420,920,1,"expired","monthly","2025-05-25","2025-09-25",0.00,0.00,NULL,"Switched competitor","2026-04-24 22:09:13.186774"
1421,920,5,"active","monthly","2025-09-25",NULL,59.00,0.00,NULL,NULL,"2026-04-24 22:09:13.186774"
1422,921,1,"cancelled","monthly","2024-08-31","2025-07-24",0.00,0.00,NULL,"Missing features","2026-04-24 22:09:13.186774"
1423,921,3,"expired","monthly","2025-07-24","2025-09-29",19.00,0.00,NULL,NULL,"2026-04-24 22:09:13.186774"
1424,921,3,"active","monthly","2025-09-29",NULL,19.00,0.00,NULL,NULL,"2026-04-24 22:09:13.186774"
1425,922,1,"active","annual","2024-12-05",NULL,0.00,0.00,NULL,NULL,"2026-04-24 22:09:13.186774"
1426,923,4,"active","monthly","2023-07-30",NULL,35.10,10.00,"2023-08-13",NULL,"2026-04-24 22:09:13.186774"
1427,924,1,"active","monthly","2023-09-18",NULL,0.00,15.00,NULL,NULL,"2026-04-24 22:09:13.186774"
1428,925,1,"active","monthly","2024-05-02",NULL,0.00,0.00,NULL,NULL,"2026-04-24 22:09:13.186774"
1429,926,1,"active","annual","2024-12-04",NULL,0.00,0.00,NULL,NULL,"2026-04-24 22:09:13.186774"
1430,927,5,"cancelled","monthly","2023-06-05","2024-11-08",59.00,0.00,"2023-06-19","Company reorganization","2026-04-24 22:09:13.186774"
1431,928,5,"active","annual","2023-06-19",NULL,49.17,0.00,"2023-07-03",NULL,"2026-04-24 22:09:13.186774"
1432,929,1,"expired","monthly","2024-03-30","2025-03-19",0.00,0.00,NULL,"Not using it","2026-04-24 22:09:13.186774"
1433,929,5,"active","monthly","2025-03-19",NULL,59.00,0.00,NULL,NULL,"2026-04-24 22:09:13.186774"
1434,930,1,"active","annual","2024-09-13",NULL,0.00,0.00,NULL,NULL,"2026-04-24 22:09:13.186774"
1435,931,1,"active","monthly","2024-12-03",NULL,0.00,0.00,NULL,NULL,"2026-04-24 22:09:13.186774"
1436,932,1,"active","annual","2023-09-19",NULL,0.00,0.00,NULL,NULL,"2026-04-24 22:09:13.186774"
1437,933,4,"cancelled","monthly","2024-12-13","2025-08-29",39.00,0.00,"2024-12-27",NULL,"2026-04-24 22:09:13.186774"
1438,933,6,"expired","monthly","2025-08-29","2025-10-29",84.15,15.00,NULL,NULL,"2026-04-24 22:09:13.186774"
1439,933,2,"active","monthly","2025-10-29",NULL,12.00,0.00,NULL,NULL,"2026-04-24 22:09:13.186774"
1440,934,5,"cancelled","annual","2024-08-09","2025-05-07",49.17,0.00,"2024-08-23",NULL,"2026-04-24 22:09:13.186774"
1441,934,6,"active","annual","2025-05-07",NULL,61.88,25.00,NULL,NULL,"2026-04-24 22:09:13.186774"
1442,935,4,"active","annual","2023-04-14",NULL,32.50,0.00,"2023-04-28",NULL,"2026-04-24 22:09:13.186774"
1443,936,1,"active","monthly","2023-06-25",NULL,0.00,0.00,NULL,NULL,"2026-04-24 22:09:13.186774"
1444,937,1,"cancelled","monthly","2023-05-20","2023-11-19",0.00,0.00,NULL,"Missing features","2026-04-24 22:09:13.186774"
1445,937,2,"expired","monthly","2023-11-19","2024-10-23",12.00,0.00,NULL,"Missing features","2026-04-24 22:09:13.186774"
1446,937,1,"cancelled","monthly","2024-10-23","2025-06-03",0.00,0.00,NULL,"Not using it","2026-04-24 22:09:13.186774"
1447,938,4,"cancelled","monthly","2024-06-20","2025-04-18",31.20,20.00,"2024-07-04",NULL,"2026-04-24 22:09:13.186774"
1448,938,4,"active","monthly","2025-04-18",NULL,35.10,10.00,NULL,NULL,"2026-04-24 22:09:13.186774"
1449,939,1,"active","annual","2025-03-04",NULL,0.00,0.00,NULL,NULL,"2026-04-24 22:09:13.186774"
1450,940,2,"active","monthly","2023-07-29",NULL,12.00,0.00,"2023-08-12",NULL,"2026-04-24 22:09:13.186774"
1451,941,1,"active","annual","2023-02-11",NULL,0.00,0.00,NULL,NULL,"2026-04-24 22:09:13.186774"
1452,942,6,"expired","annual","2024-06-05","2024-11-12",70.12,15.00,"2024-06-19","Budget cuts","2026-04-24 22:09:13.186774"
1453,942,3,"expired","annual","2024-11-12","2025-02-25",15.83,0.00,NULL,NULL,"2026-04-24 22:09:13.186774"
1454,942,5,"active","monthly","2025-02-25",NULL,59.00,0.00,NULL,NULL,"2026-04-24 22:09:13.186774"
1455,943,4,"expired","annual","2024-03-19","2024-06-29",27.62,15.00,"2024-04-02","Budget cuts","2026-04-24 22:09:13.186774"
1456,943,4,"active","monthly","2024-06-29",NULL,35.10,10.00,NULL,NULL,"2026-04-24 22:09:13.186774"
1457,944,1,"cancelled","monthly","2023-08-14","2024-12-26",0.00,0.00,NULL,"Missing features","2026-04-24 22:09:13.186774"
1458,945,5,"active","annual","2024-05-09",NULL,49.17,0.00,"2024-05-23",NULL,"2026-04-24 22:09:13.186774"
1459,946,2,"cancelled","monthly","2024-11-14","2025-05-08",12.00,0.00,"2024-11-28","Budget cuts","2026-04-24 22:09:13.186774"
1460,946,5,"active","annual","2025-05-08",NULL,36.88,25.00,NULL,NULL,"2026-04-24 22:09:13.186774"
1461,947,5,"expired","monthly","2023-11-04","2024-08-24",59.00,0.00,"2023-11-18","Missing features","2026-04-24 22:09:13.186774"
1462,947,5,"paused","annual","2024-08-24",NULL,49.17,0.00,NULL,NULL,"2026-04-24 22:09:13.186774"
1463,948,4,"expired","monthly","2023-11-03","2024-01-20",35.10,10.00,"2023-11-17","Budget cuts","2026-04-24 22:09:13.186774"
1464,948,6,"cancelled","monthly","2024-01-20","2024-04-07",99.00,0.00,NULL,NULL,"2026-04-24 22:09:13.186774"
1465,949,5,"cancelled","annual","2024-01-15","2024-08-15",49.17,0.00,"2024-01-29","Too expensive","2026-04-24 22:09:13.186774"
1466,950,5,"expired","monthly","2024-05-19","2024-08-23",59.00,0.00,"2024-06-02","Company reorganization","2026-04-24 22:09:13.186774"
1467,950,4,"expired","monthly","2024-08-23","2025-04-19",35.10,10.00,NULL,"Too expensive","2026-04-24 22:09:13.186774"
1468,950,4,"active","annual","2025-04-19",NULL,32.50,0.00,NULL,NULL,"2026-04-24 22:09:13.186774"
1469,951,4,"cancelled","monthly","2023-03-31","2024-08-23",29.25,25.00,"2023-04-14",NULL,"2026-04-24 22:09:13.186774"
1470,952,5,"cancelled","monthly","2023-09-24","2024-04-19",59.00,0.00,"2023-10-08","Not using it","2026-04-24 22:09:13.186774"
1471,952,7,"cancelled","monthly","2024-04-19","2024-12-15",199.00,0.00,NULL,"Budget cuts","2026-04-24 22:09:13.186774"
1472,952,6,"cancelled","annual","2024-12-15","2025-06-17",70.12,15.00,NULL,"Too expensive","2026-04-24 22:09:13.186774"
1473,953,6,"expired","annual","2023-08-29","2024-06-13",82.50,0.00,"2023-09-12","Missing features","2026-04-24 22:09:13.186774"
1474,953,7,"active","monthly","2024-06-13",NULL,199.00,0.00,NULL,NULL,"2026-04-24 22:09:13.186774"
1475,954,1,"active","annual","2024-12-05",NULL,0.00,0.00,NULL,NULL,"2026-04-24 22:09:13.186774"
1476,955,1,"cancelled","monthly","2024-01-08","2024-07-04",0.00,0.00,NULL,"Budget cuts","2026-04-24 22:09:13.186774"
1477,956,2,"cancelled","monthly","2024-12-25","2025-08-28",12.00,0.00,"2025-01-08","Budget cuts","2026-04-24 22:09:13.186774"
1478,956,2,"active","annual","2025-08-28",NULL,8.50,15.00,NULL,NULL,"2026-04-24 22:09:13.186774"
1479,957,6,"cancelled","monthly","2025-01-08","2025-02-21",99.00,0.00,"2025-01-22","Budget cuts","2026-04-24 22:09:13.186774"
1480,958,5,"active","monthly","2024-02-05",NULL,59.00,0.00,"2024-02-19",NULL,"2026-04-24 22:09:13.186774"
1481,959,2,"cancelled","monthly","2023-12-07","2024-07-23",12.00,0.00,"2023-12-21","Switched competitor","2026-04-24 22:09:13.186774"
1482,959,4,"cancelled","monthly","2024-07-23","2025-04-07",39.00,0.00,NULL,"Not using it","2026-04-24 22:09:13.186774"
1483,960,6,"active","annual","2025-04-21",NULL,70.12,15.00,"2025-05-05",NULL,"2026-04-24 22:09:13.186774"
1484,961,2,"active","monthly","2024-11-08",NULL,9.60,20.00,"2024-11-22",NULL,"2026-04-24 22:09:13.186774"
1485,962,5,"cancelled","monthly","2023-01-22","2024-03-28",50.15,15.00,"2023-02-05","Not using it","2026-04-24 22:09:13.186774"
1486,963,4,"active","monthly","2025-05-23",NULL,39.00,0.00,"2025-06-06",NULL,"2026-04-24 22:09:13.186774"
1487,964,3,"active","monthly","2023-12-31",NULL,19.00,0.00,"2024-01-14",NULL,"2026-04-24 22:09:13.186774"
1488,965,4,"active","annual","2025-08-04",NULL,27.62,15.00,"2025-08-18",NULL,"2026-04-24 22:09:13.186774"
1489,966,1,"expired","annual","2023-03-10","2023-11-22",0.00,0.00,NULL,"Not using it","2026-04-24 22:09:13.186774"
1490,966,1,"active","annual","2023-11-22",NULL,0.00,0.00,NULL,NULL,"2026-04-24 22:09:13.186774"
1491,967,1,"cancelled","annual","2024-11-11","2025-05-16",0.00,0.00,NULL,"Too expensive","2026-04-24 22:09:13.186774"
1492,967,4,"cancelled","monthly","2025-05-16","2025-07-24",39.00,0.00,NULL,"Too expensive","2026-04-24 22:09:13.186774"
1493,967,6,"active","monthly","2025-07-24",NULL,99.00,0.00,NULL,NULL,"2026-04-24 22:09:13.186774"
1494,968,6,"cancelled","annual","2023-12-15","2024-03-29",82.50,0.00,"2023-12-29","Not using it","2026-04-24 22:09:13.186774"
1495,968,1,"expired","monthly","2024-03-29","2024-11-20",0.00,0.00,NULL,"Budget cuts","2026-04-24 22:09:13.186774"
1496,968,4,"cancelled","monthly","2024-11-20","2025-10-04",39.00,0.00,NULL,NULL,"2026-04-24 22:09:13.186774"
1497,969,5,"expired","annual","2025-04-15","2025-08-14",49.17,0.00,"2025-04-29","Not using it","2026-04-24 22:09:13.186774"
1498,969,4,"active","annual","2025-08-14",NULL,32.50,0.00,NULL,NULL,"2026-04-24 22:09:13.186774"
1499,970,2,"cancelled","monthly","2023-05-07","2024-04-30",12.00,0.00,"2023-05-21",NULL,"2026-04-24 22:09:13.186774"
1500,971,1,"expired","monthly","2025-02-09","2025-09-01",0.00,0.00,NULL,"Switched competitor","2026-04-24 22:09:13.186774"
1501,971,2,"active","monthly","2025-09-01",NULL,12.00,0.00,NULL,NULL,"2026-04-24 22:09:13.186774"
1502,972,5,"expired","monthly","2023-04-20","2023-11-16",59.00,0.00,"2023-05-04","Switched competitor","2026-04-24 22:09:13.186774"
1503,972,4,"expired","monthly","2023-11-16","2024-06-01",35.10,10.00,NULL,NULL,"2026-04-24 22:09:13.186774"
1504,972,1,"active","monthly","2024-06-01",NULL,0.00,0.00,NULL,NULL,"2026-04-24 22:09:13.186774"
1505,973,3,"active","annual","2025-09-07",NULL,15.83,0.00,"2025-09-21",NULL,"2026-04-24 22:09:13.186774"
1506,974,1,"active","monthly","2024-03-16",NULL,0.00,15.00,NULL,NULL,"2026-04-24 22:09:13.186774"
1507,975,3,"active","monthly","2025-02-03",NULL,19.00,0.00,"2025-02-17",NULL,"2026-04-24 22:09:13.186774"
1508,976,2,"active","annual","2023-01-15",NULL,10.00,0.00,"2023-01-29",NULL,"2026-04-24 22:09:13.186774"
1509,977,2,"expired","monthly","2025-05-28","2025-08-11",12.00,0.00,"2025-06-11","Not using it","2026-04-24 22:09:13.186774"
1510,977,6,"active","monthly","2025-08-11",NULL,99.00,0.00,NULL,NULL,"2026-04-24 22:09:13.186774"
1511,978,3,"cancelled","monthly","2023-05-25","2023-11-27",19.00,0.00,"2023-06-08",NULL,"2026-04-24 22:09:13.186774"
1512,978,4,"active","annual","2023-11-27",NULL,27.62,15.00,NULL,NULL,"2026-04-24 22:09:13.186774"
1513,979,2,"cancelled","monthly","2023-10-04","2024-04-22",12.00,0.00,"2023-10-18","Not using it","2026-04-24 22:09:13.186774"
1514,980,2,"expired","monthly","2024-12-07","2025-07-10",10.80,10.00,"2024-12-21","Switched competitor","2026-04-24 22:09:13.186774"
1515,980,5,"cancelled","annual","2025-07-10","2025-09-18",49.17,0.00,NULL,"Too expensive","2026-04-24 22:09:13.186774"
1516,981,4,"expired","monthly","2023-01-04","2023-11-09",39.00,0.00,"2023-01-18","Budget cuts","2026-04-24 22:09:13.186774"
1517,981,7,"cancelled","monthly","2023-11-09","2023-03-05",149.25,25.00,NULL,"Company reorganization","2026-04-24 22:09:13.186774"
1518,982,6,"active","monthly","2024-04-28",NULL,99.00,0.00,"2024-05-12",NULL,"2026-04-24 22:09:13.186774"
1519,983,4,"active","annual","2023-05-19",NULL,32.50,0.00,"2023-06-02",NULL,"2026-04-24 22:09:13.186774"
1520,984,4,"expired","monthly","2023-08-31","2023-11-05",39.00,0.00,"2023-09-14","Missing features","2026-04-24 22:09:13.186774"
1521,984,4,"active","annual","2023-11-05",NULL,32.50,0.00,NULL,NULL,"2026-04-24 22:09:13.186774"
1522,985,2,"active","annual","2023-08-10",NULL,10.00,0.00,"2023-08-24",NULL,"2026-04-24 22:09:13.186774"
1523,986,1,"cancelled","monthly","2023-10-09","2024-01-22",0.00,20.00,NULL,NULL,"2026-04-24 22:09:13.186774"
1524,986,3,"cancelled","monthly","2024-01-22","2025-08-07",19.00,0.00,NULL,"Not using it","2026-04-24 22:09:13.186774"
1525,987,3,"expired","monthly","2024-03-18","2024-12-24",19.00,0.00,"2024-04-01","Too expensive","2026-04-24 22:09:13.186774"
1526,987,2,"cancelled","monthly","2024-12-24","2024-06-05",12.00,0.00,NULL,"Budget cuts","2026-04-24 22:09:13.186774"
1527,988,1,"expired","monthly","2023-06-20","2024-03-10",0.00,0.00,NULL,"Budget cuts","2026-04-24 22:09:13.186774"
1528,988,4,"expired","annual","2024-03-10","2025-03-10",32.50,0.00,NULL,"Company reorganization","2026-04-24 22:09:13.186774"
1529,988,4,"active","annual","2025-03-10",NULL,32.50,0.00,NULL,NULL,"2026-04-24 22:09:13.186774"
1530,989,3,"active","monthly","2023-08-08",NULL,16.15,15.00,"2023-08-22",NULL,"2026-04-24 22:09:13.186774"
1531,990,2,"cancelled","annual","2025-04-16","2025-10-08",9.00,10.00,"2025-04-30","Not using it","2026-04-24 22:09:13.186774"
1532,990,5,"cancelled","monthly","2025-10-08","2025-12-08",59.00,0.00,NULL,NULL,"2026-04-24 22:09:13.186774"
1533,990,6,"cancelled","annual","2025-12-08","2025-08-24",66.00,20.00,NULL,"Company reorganization","2026-04-24 22:09:13.186774"
1534,991,1,"cancelled","annual","2024-05-17","2025-02-27",0.00,0.00,NULL,"Budget cuts","2026-04-24 22:09:13.186774"
1535,991,5,"cancelled","monthly","2025-02-27","2025-09-12",59.00,0.00,NULL,"Budget cuts","2026-04-24 22:09:13.186774"
1536,991,2,"active","annual","2025-09-12",NULL,9.00,10.00,NULL,NULL,"2026-04-24 22:09:13.186774"
1537,992,1,"active","monthly","2024-11-28",NULL,0.00,0.00,NULL,NULL,"2026-04-24 22:09:13.186774"
1538,993,4,"active","monthly","2025-04-07",NULL,39.00,0.00,"2025-04-21",NULL,"2026-04-24 22:09:13.186774"
1539,994,5,"cancelled","monthly","2025-02-09","2025-05-15",50.15,15.00,"2025-02-23","Too expensive","2026-04-24 22:09:13.186774"
1540,994,2,"expired","monthly","2025-05-15","2025-10-24",12.00,0.00,NULL,NULL,"2026-04-24 22:09:13.186774"
1541,994,5,"active","monthly","2025-10-24",NULL,59.00,0.00,NULL,NULL,"2026-04-24 22:09:13.186774"
1542,995,2,"cancelled","annual","2024-09-05","2025-04-25",10.00,0.00,"2024-09-19","Not using it","2026-04-24 22:09:13.186774"
1543,996,2,"paused","monthly","2023-11-26",NULL,12.00,0.00,"2023-12-10",NULL,"2026-04-24 22:09:13.186774"
1544,997,1,"cancelled","annual","2025-01-26","2025-10-25",0.00,10.00,NULL,"Company reorganization","2026-04-24 22:09:13.186774"
1545,998,2,"active","monthly","2024-02-14",NULL,12.00,0.00,"2024-02-28",NULL,"2026-04-24 22:09:13.186774"
1546,999,1,"active","monthly","2025-09-10",NULL,0.00,0.00,NULL,NULL,"2026-04-24 22:09:13.186774"
1547,1000,1,"active","annual","2025-01-08",NULL,0.00,0.00,NULL,NULL,"2026-04-24 22:09:13.186774"
1548,1001,1,"cancelled","annual","2025-07-29","2025-10-30",0.00,0.00,NULL,"Too expensive","2026-04-24 22:09:13.186774"
1549,1001,4,"cancelled","monthly","2025-10-30","2025-09-18",39.00,0.00,NULL,"Company reorganization","2026-04-24 22:09:13.186774"
1550,1002,4,"expired","monthly","2024-10-16","2025-06-28",39.00,0.00,"2024-10-30","Missing features","2026-04-24 22:09:13.186774"
1551,1002,6,"cancelled","monthly","2025-06-28","2025-10-20",79.20,20.00,NULL,"Not using it","2026-04-24 22:09:13.186774"
1552,1002,4,"cancelled","monthly","2025-10-20","2025-10-12",31.20,20.00,NULL,"Switched competitor","2026-04-24 22:09:13.186774"
1553,1003,3,"active","monthly","2024-04-10",NULL,19.00,0.00,"2024-04-24",NULL,"2026-04-24 22:09:13.186774"
1554,1004,1,"cancelled","annual","2024-02-21","2024-08-25",0.00,0.00,NULL,"Switched competitor","2026-04-24 22:09:13.186774"
1555,1004,3,"expired","annual","2024-08-25","2025-05-04",15.83,0.00,NULL,"Missing features","2026-04-24 22:09:13.186774"
1556,1004,5,"active","monthly","2025-05-04",NULL,53.10,10.00,NULL,NULL,"2026-04-24 22:09:13.186774"
1557,1005,6,"active","monthly","2025-01-07",NULL,99.00,0.00,"2025-01-21",NULL,"2026-04-24 22:09:13.186774"
1558,1006,4,"active","monthly","2024-06-20",NULL,39.00,0.00,"2024-07-04",NULL,"2026-04-24 22:09:13.186774"
1559,1007,2,"active","annual","2024-02-06",NULL,10.00,0.00,"2024-02-20",NULL,"2026-04-24 22:09:13.186774"
1560,1008,1,"active","monthly","2023-08-20",NULL,0.00,0.00,NULL,NULL,"2026-04-24 22:09:13.186774"
1561,1009,2,"active","monthly","2023-03-17",NULL,10.20,15.00,"2023-03-31",NULL,"2026-04-24 22:09:13.186774"
1562,1010,1,"cancelled","monthly","2024-10-07","2025-09-09",0.00,0.00,NULL,"Too expensive","2026-04-24 22:09:13.186774"
1563,1011,1,"active","annual","2025-06-11",NULL,0.00,0.00,NULL,NULL,"2026-04-24 22:09:13.186774"
1564,1012,6,"expired","annual","2023-04-22","2023-09-22",82.50,0.00,"2023-05-06","Missing features","2026-04-24 22:09:13.186774"
1565,1012,4,"expired","monthly","2023-09-22","2023-12-22",39.00,0.00,NULL,NULL,"2026-04-24 22:09:13.186774"
1566,1012,5,"active","annual","2023-12-22",NULL,49.17,0.00,NULL,NULL,"2026-04-24 22:09:13.186774"
1567,1013,5,"active","monthly","2023-09-01",NULL,59.00,0.00,"2023-09-15",NULL,"2026-04-24 22:09:13.186774"
1568,1014,1,"active","annual","2023-02-18",NULL,0.00,0.00,NULL,NULL,"2026-04-24 22:09:13.186774"
1569,1015,3,"active","monthly","2024-01-20",NULL,19.00,0.00,"2024-02-03",NULL,"2026-04-24 22:09:13.186774"
1570,1016,2,"cancelled","annual","2024-05-27","2025-02-10",10.00,0.00,"2024-06-10",NULL,"2026-04-24 22:09:13.186774"
1571,1016,5,"active","monthly","2025-02-10",NULL,53.10,10.00,NULL,NULL,"2026-04-24 22:09:13.186774"
1572,1017,1,"expired","monthly","2024-12-17","2025-08-29",0.00,0.00,NULL,"Budget cuts","2026-04-24 22:09:13.186774"
1573,1017,4,"cancelled","monthly","2025-08-29","2025-08-20",39.00,0.00,NULL,"Not using it","2026-04-24 22:09:13.186774"
1574,1018,6,"expired","annual","2024-09-08","2025-01-23",82.50,0.00,"2024-09-22","Switched competitor","2026-04-24 22:09:13.186774"
1575,1018,3,"expired","annual","2025-01-23","2025-08-28",12.67,20.00,NULL,"Missing features","2026-04-24 22:09:13.186774"
1576,1018,2,"active","annual","2025-08-28",NULL,10.00,0.00,NULL,NULL,"2026-04-24 22:09:13.186774"
1577,1019,3,"active","annual","2025-02-20",NULL,15.83,0.00,"2025-03-06",NULL,"2026-04-24 22:09:13.186774"
1578,1020,1,"cancelled","monthly","2025-04-08","2025-09-30",0.00,0.00,NULL,"Missing features","2026-04-24 22:09:13.186774"
1579,1020,5,"active","annual","2025-09-30",NULL,49.17,0.00,NULL,NULL,"2026-04-24 22:09:13.186774"
1580,1021,4,"active","monthly","2023-06-02",NULL,39.00,0.00,"2023-06-16",NULL,"2026-04-24 22:09:13.186774"
1581,1022,1,"active","annual","2024-06-10",NULL,0.00,0.00,NULL,NULL,"2026-04-24 22:09:13.186774"
1582,1023,6,"active","monthly","2025-09-19",NULL,99.00,0.00,"2025-10-03",NULL,"2026-04-24 22:09:13.186774"
1583,1024,1,"active","annual","2023-02-21",NULL,0.00,0.00,NULL,NULL,"2026-04-24 22:09:13.186774"
1584,1025,1,"expired","annual","2024-02-26","2024-12-25",0.00,0.00,NULL,"Too expensive","2026-04-24 22:09:13.186774"
1585,1025,5,"active","annual","2024-12-25",NULL,49.17,0.00,NULL,NULL,"2026-04-24 22:09:13.186774"
1586,1026,1,"cancelled","monthly","2023-09-27","2025-10-23",0.00,0.00,NULL,"Missing features","2026-04-24 22:09:13.186774"
1587,1027,2,"expired","monthly","2024-07-11","2025-06-25",12.00,0.00,"2024-07-25",NULL,"2026-04-24 22:09:13.186774"
1588,1027,6,"active","monthly","2025-06-25",NULL,74.25,25.00,NULL,NULL,"2026-04-24 22:09:13.186774"
1589,1028,3,"active","annual","2024-11-14",NULL,15.83,0.00,"2024-11-28",NULL,"2026-04-24 22:09:13.186774"
1590,1029,5,"cancelled","monthly","2025-05-03","2025-06-19",59.00,0.00,"2025-05-17",NULL,"2026-04-24 22:09:13.186774"
1591,1030,3,"expired","annual","2025-02-15","2025-08-11",15.83,0.00,"2025-03-01","Not using it","2026-04-24 22:09:13.186774"
1592,1030,5,"active","annual","2025-08-11",NULL,49.17,0.00,NULL,NULL,"2026-04-24 22:09:13.186774"
1593,1031,2,"active","monthly","2024-12-20",NULL,12.00,0.00,"2025-01-03",NULL,"2026-04-24 22:09:13.186774"
1594,1032,1,"active","monthly","2024-06-14",NULL,0.00,0.00,NULL,NULL,"2026-04-24 22:09:13.186774"
1595,1033,4,"active","annual","2023-03-30",NULL,32.50,0.00,"2023-04-13",NULL,"2026-04-24 22:09:13.186774"
1596,1034,1,"cancelled","monthly","2024-08-07","2025-07-12",0.00,10.00,NULL,"Missing features","2026-04-24 22:09:13.186774"
1597,1035,2,"expired","monthly","2025-09-02","2025-11-02",12.00,0.00,"2025-09-16",NULL,"2026-04-24 22:09:13.186774"
1598,1035,6,"cancelled","annual","2025-11-02","2025-10-03",74.25,10.00,NULL,"Not using it","2026-04-24 22:09:13.186774"
1599,1036,5,"active","monthly","2024-10-03",NULL,59.00,0.00,"2024-10-17",NULL,"2026-04-24 22:09:13.186774"
1600,1037,3,"cancelled","annual","2024-11-03","2025-07-30",13.46,15.00,"2024-11-17","Company reorganization","2026-04-24 22:09:13.186774"
1601,1038,1,"active","annual","2023-06-07",NULL,0.00,15.00,NULL,NULL,"2026-04-24 22:09:13.186774"
1602,1039,3,"active","monthly","2024-12-13",NULL,19.00,0.00,"2024-12-27",NULL,"2026-04-24 22:09:13.186774"
1603,1040,3,"active","monthly","2023-05-24",NULL,19.00,0.00,"2023-06-07",NULL,"2026-04-24 22:09:13.186774"
1604,1041,1,"active","monthly","2023-07-19",NULL,0.00,0.00,NULL,NULL,"2026-04-24 22:09:13.186774"
1605,1042,3,"cancelled","annual","2023-08-15","2024-04-10",15.83,0.00,"2023-08-29","Too expensive","2026-04-24 22:09:13.186774"
1606,1042,4,"expired","monthly","2024-04-10","2024-12-20",39.00,0.00,NULL,"Budget cuts","2026-04-24 22:09:13.186774"
1607,1042,5,"active","monthly","2024-12-20",NULL,47.20,20.00,NULL,NULL,"2026-04-24 22:09:13.186774"
1608,1043,1,"active","annual","2023-07-23",NULL,0.00,0.00,NULL,NULL,"2026-04-24 22:09:13.186774"
1609,1044,2,"expired","monthly","2023-08-10","2024-07-22",12.00,0.00,"2023-08-24","Switched competitor","2026-04-24 22:09:13.186774"
1610,1044,1,"cancelled","monthly","2024-07-22","2025-04-17",0.00,0.00,NULL,NULL,"2026-04-24 22:09:13.186774"
1611,1044,3,"active","monthly","2025-04-17",NULL,19.00,0.00,NULL,NULL,"2026-04-24 22:09:13.186774"
1612,1045,2,"cancelled","annual","2023-12-29","2024-11-20",10.00,0.00,"2024-01-12","Missing features","2026-04-24 22:09:13.186774"
1613,1046,1,"active","monthly","2025-05-27",NULL,0.00,0.00,NULL,NULL,"2026-04-24 22:09:13.186774"
1614,1047,3,"expired","annual","2023-05-22","2024-03-31",12.67,20.00,"2023-06-05",NULL,"2026-04-24 22:09:13.186774"
1615,1047,5,"active","monthly","2024-03-31",NULL,59.00,0.00,NULL,NULL,"2026-04-24 22:09:13.186774"
1616,1048,1,"active","annual","2024-03-14",NULL,0.00,0.00,NULL,NULL,"2026-04-24 22:09:13.186774"
1617,1049,2,"active","annual","2025-06-08",NULL,10.00,0.00,"2025-06-22",NULL,"2026-04-24 22:09:13.186774"
1618,1050,4,"cancelled","annual","2025-09-13","2025-11-12",32.50,0.00,"2025-09-27","Budget cuts","2026-04-24 22:09:13.186774"
1619,1050,5,"active","monthly","2025-11-12",NULL,47.20,20.00,NULL,NULL,"2026-04-24 22:09:13.186774"
1620,1051,6,"active","annual","2024-06-11",NULL,82.50,0.00,"2024-06-25",NULL,"2026-04-24 22:09:13.186774"
1621,1052,1,"active","annual","2025-06-18",NULL,0.00,0.00,NULL,NULL,"2026-04-24 22:09:13.186774"
1622,1053,1,"expired","annual","2024-05-06","2024-11-13",0.00,0.00,NULL,"Switched competitor","2026-04-24 22:09:13.186774"
1623,1053,3,"active","monthly","2024-11-13",NULL,17.10,10.00,NULL,NULL,"2026-04-24 22:09:13.186774"
1624,1054,2,"expired","annual","2024-02-06","2024-11-24",9.00,10.00,"2024-02-20","Company reorganization","2026-04-24 22:09:13.186774"
1625,1054,2,"cancelled","annual","2024-11-24","2025-08-17",9.00,10.00,NULL,"Not using it","2026-04-24 22:09:13.186774"
1626,1054,2,"cancelled","monthly","2025-08-17","2024-07-26",12.00,0.00,NULL,NULL,"2026-04-24 22:09:13.186774"
1627,1055,1,"cancelled","annual","2023-06-26","2024-06-22",0.00,0.00,NULL,"Switched competitor","2026-04-24 22:09:13.186774"
1628,1056,3,"cancelled","monthly","2023-06-20","2024-03-20",19.00,0.00,"2023-07-04","Budget cuts","2026-04-24 22:09:13.186774"
1629,1056,1,"expired","annual","2024-03-20","2024-08-22",0.00,0.00,NULL,"Budget cuts","2026-04-24 22:09:13.186774"
1630,1056,6,"active","annual","2024-08-22",NULL,82.50,0.00,NULL,NULL,"2026-04-24 22:09:13.186774"
1631,1057,4,"cancelled","monthly","2025-04-07","2025-10-13",39.00,0.00,"2025-04-21","Company reorganization","2026-04-24 22:09:13.186774"
1632,1057,3,"active","annual","2025-10-13",NULL,12.67,20.00,NULL,NULL,"2026-04-24 22:09:13.186774"
1633,1058,1,"active","monthly","2025-05-31",NULL,0.00,20.00,NULL,NULL,"2026-04-24 22:09:13.186774"
1634,1059,5,"expired","annual","2025-07-05","2025-09-03",49.17,0.00,"2025-07-19","Switched competitor","2026-04-24 22:09:13.186774"
1635,1059,4,"active","annual","2025-09-03",NULL,26.00,20.00,NULL,NULL,"2026-04-24 22:09:13.186774"
1636,1060,1,"active","annual","2025-04-10",NULL,0.00,25.00,NULL,NULL,"2026-04-24 22:09:13.186774"
1637,1061,2,"active","monthly","2025-03-28",NULL,12.00,0.00,"2025-04-11",NULL,"2026-04-24 22:09:13.186774"
1638,1062,2,"expired","annual","2025-08-07","2025-10-25",10.00,0.00,"2025-08-21","Budget cuts","2026-04-24 22:09:13.186774"
1639,1062,6,"active","annual","2025-10-25",NULL,70.12,15.00,NULL,NULL,"2026-04-24 22:09:13.186774"
1640,1063,5,"expired","annual","2024-04-26","2024-08-22",49.17,0.00,"2024-05-10",NULL,"2026-04-24 22:09:13.186774"
1641,1063,1,"cancelled","monthly","2024-08-22","2025-08-29",0.00,0.00,NULL,"Not using it","2026-04-24 22:09:13.186774"
1642,1064,3,"expired","annual","2025-02-09","2025-06-02",15.83,0.00,"2025-02-23","Not using it","2026-04-24 22:09:13.186774"
1643,1064,1,"active","annual","2025-06-02",NULL,0.00,0.00,NULL,NULL,"2026-04-24 22:09:13.186774"
1644,1065,3,"active","annual","2024-11-08",NULL,15.83,0.00,"2024-11-22",NULL,"2026-04-24 22:09:13.186774"
1645,1066,2,"active","monthly","2023-07-03",NULL,12.00,0.00,"2023-07-17",NULL,"2026-04-24 22:09:13.186774"
1646,1067,1,"cancelled","monthly","2023-05-12","2024-04-06",0.00,0.00,NULL,"Company reorganization","2026-04-24 22:09:13.186774"
1647,1068,4,"cancelled","monthly","2023-10-10","2024-08-13",31.20,20.00,"2023-10-24","Missing features","2026-04-24 22:09:13.186774"
1648,1069,2,"cancelled","annual","2024-09-20","2024-12-12",10.00,0.00,"2024-10-04",NULL,"2026-04-24 22:09:13.186774"
1649,1069,4,"cancelled","monthly","2024-12-12","2025-01-17",35.10,10.00,NULL,"Switched competitor","2026-04-24 22:09:13.186774"
1650,1070,2,"cancelled","annual","2024-06-27","2024-12-09",8.50,15.00,"2024-07-11",NULL,"2026-04-24 22:09:13.186774"
1651,1070,6,"active","monthly","2024-12-09",NULL,99.00,0.00,NULL,NULL,"2026-04-24 22:09:13.186774"
1652,1071,6,"cancelled","annual","2023-03-02","2023-11-16",82.50,0.00,"2023-03-16",NULL,"2026-04-24 22:09:13.186774"
1653,1071,2,"cancelled","annual","2023-11-16","2024-10-16",10.00,0.00,NULL,"Too expensive","2026-04-24 22:09:13.186774"
1654,1072,1,"active","annual","2024-03-11",NULL,0.00,10.00,NULL,NULL,"2026-04-24 22:09:13.186774"
1655,1073,1,"cancelled","monthly","2023-08-01","2025-06-01",0.00,0.00,NULL,"Switched competitor","2026-04-24 22:09:13.186774"
1656,1074,4,"active","annual","2023-04-21",NULL,32.50,0.00,"2023-05-05",NULL,"2026-04-24 22:09:13.186774"
1657,1075,2,"active","monthly","2025-04-12",NULL,10.20,15.00,"2025-04-26",NULL,"2026-04-24 22:09:13.186774"
1658,1076,5,"cancelled","monthly","2024-11-23","2025-03-13",59.00,0.00,"2024-12-07","Not using it","2026-04-24 22:09:13.186774"
1659,1076,3,"cancelled","annual","2025-03-13","2025-09-16",15.83,0.00,NULL,"Missing features","2026-04-24 22:09:13.186774"
1660,1076,4,"active","annual","2025-09-16",NULL,32.50,0.00,NULL,NULL,"2026-04-24 22:09:13.186774"
1661,1077,4,"expired","monthly","2025-05-08","2025-09-11",39.00,0.00,"2025-05-22","Switched competitor","2026-04-24 22:09:13.186774"
1662,1077,6,"active","monthly","2025-09-11",NULL,84.15,15.00,NULL,NULL,"2026-04-24 22:09:13.186774"
1663,1078,1,"cancelled","annual","2023-11-15","2024-07-16",0.00,0.00,NULL,"Switched competitor","2026-04-24 22:09:13.186774"
1664,1078,1,"active","annual","2024-07-16",NULL,0.00,0.00,NULL,NULL,"2026-04-24 22:09:13.186774"
1665,1079,6,"active","monthly","2025-01-02",NULL,99.00,0.00,"2025-01-16",NULL,"2026-04-24 22:09:13.186774"
1666,1080,1,"active","monthly","2025-04-07",NULL,0.00,0.00,NULL,NULL,"2026-04-24 22:09:13.186774"
1667,1081,3,"active","monthly","2023-04-15",NULL,19.00,0.00,"2023-04-29",NULL,"2026-04-24 22:09:13.186774"
1668,1082,2,"active","monthly","2024-09-17",NULL,12.00,0.00,"2024-10-01",NULL,"2026-04-24 22:09:13.186774"
1669,1083,2,"expired","monthly","2023-04-19","2023-12-14",12.00,0.00,"2023-05-03","Company reorganization","2026-04-24 22:09:13.186774"
1670,1083,5,"cancelled","annual","2023-12-14","2023-08-12",49.17,0.00,NULL,NULL,"2026-04-24 22:09:13.186774"
1671,1084,2,"active","monthly","2024-07-04",NULL,12.00,0.00,"2024-07-18",NULL,"2026-04-24 22:09:13.186774"
1672,1085,5,"active","monthly","2025-01-25",NULL,59.00,0.00,"2025-02-08",NULL,"2026-04-24 22:09:13.186774"
1673,1086,4,"active","monthly","2023-03-29",NULL,39.00,0.00,"2023-04-12",NULL,"2026-04-24 22:09:13.186774"
1674,1087,5,"active","annual","2024-11-17",NULL,49.17,0.00,"2024-12-01",NULL,"2026-04-24 22:09:13.186774"
1675,1088,3,"active","annual","2024-05-21",NULL,15.83,0.00,"2024-06-04",NULL,"2026-04-24 22:09:13.186774"
1676,1089,4,"cancelled","monthly","2024-01-21","2024-12-31",39.00,0.00,"2024-02-04","Budget cuts","2026-04-24 22:09:13.186774"
1677,1089,7,"active","annual","2024-12-31",NULL,132.67,20.00,NULL,NULL,"2026-04-24 22:09:13.186774"
1678,1090,2,"expired","annual","2025-04-25","2025-08-10",10.00,0.00,"2025-05-09","Missing features","2026-04-24 22:09:13.186774"
1679,1090,5,"cancelled","monthly","2025-08-10","2025-10-14",59.00,0.00,NULL,NULL,"2026-04-24 22:09:13.186774"
1680,1090,4,"active","monthly","2025-10-14",NULL,39.00,0.00,NULL,NULL,"2026-04-24 22:09:13.186774"
1681,1091,3,"expired","monthly","2024-03-22","2024-07-06",19.00,0.00,"2024-04-05","Switched competitor","2026-04-24 22:09:13.186774"
1682,1091,4,"cancelled","monthly","2024-07-06","2024-11-07",39.00,0.00,NULL,NULL,"2026-04-24 22:09:13.186774"
1683,1092,2,"active","monthly","2024-02-22",NULL,12.00,0.00,"2024-03-07",NULL,"2026-04-24 22:09:13.186774"
1684,1093,2,"active","monthly","2023-10-13",NULL,9.60,20.00,"2023-10-27",NULL,"2026-04-24 22:09:13.186774"
1685,1094,1,"cancelled","monthly","2024-04-26","2024-09-25",0.00,10.00,NULL,"Switched competitor","2026-04-24 22:09:13.186774"
1686,1094,4,"active","monthly","2024-09-25",NULL,39.00,0.00,NULL,NULL,"2026-04-24 22:09:13.186774"
1687,1095,5,"active","annual","2024-04-17",NULL,49.17,0.00,"2024-05-01",NULL,"2026-04-24 22:09:13.186774"
1688,1096,3,"active","monthly","2024-09-25",NULL,19.00,0.00,"2024-10-09",NULL,"2026-04-24 22:09:13.186774"
1689,1097,5,"active","monthly","2024-12-04",NULL,59.00,0.00,"2024-12-18",NULL,"2026-04-24 22:09:13.186774"
1690,1098,3,"active","annual","2024-09-02",NULL,15.83,0.00,"2024-09-16",NULL,"2026-04-24 22:09:13.186774"
1691,1099,1,"active","monthly","2024-01-24",NULL,0.00,0.00,NULL,NULL,"2026-04-24 22:09:13.186774"
1692,1100,5,"active","annual","2023-02-21",NULL,49.17,0.00,"2023-03-07",NULL,"2026-04-24 22:09:13.186774"
1693,1101,4,"active","monthly","2024-06-02",NULL,39.00,0.00,"2024-06-16",NULL,"2026-04-24 22:09:13.186774"
1694,1102,2,"active","monthly","2024-10-09",NULL,12.00,0.00,"2024-10-23",NULL,"2026-04-24 22:09:13.186774"
1695,1103,2,"active","monthly","2024-04-30",NULL,12.00,0.00,"2024-05-14",NULL,"2026-04-24 22:09:13.186774"
1696,1104,2,"cancelled","annual","2023-03-03","2025-07-13",10.00,0.00,"2023-03-17","Budget cuts","2026-04-24 22:09:13.186774"
1697,1105,5,"cancelled","annual","2025-03-15","2025-06-06",49.17,0.00,"2025-03-29","Not using it","2026-04-24 22:09:13.186774"
1698,1105,4,"active","monthly","2025-06-06",NULL,39.00,0.00,NULL,NULL,"2026-04-24 22:09:13.186774"
1699,1106,1,"cancelled","monthly","2023-09-15","2024-01-24",0.00,0.00,NULL,"Budget cuts","2026-04-24 22:09:13.186774"
1700,1106,4,"active","monthly","2024-01-24",NULL,35.10,10.00,NULL,NULL,"2026-04-24 22:09:13.186774"
1701,1107,5,"cancelled","monthly","2024-10-12","2025-02-21",59.00,0.00,"2024-10-26","Switched competitor","2026-04-24 22:09:13.186774"
1702,1108,1,"active","annual","2023-10-20",NULL,0.00,0.00,NULL,NULL,"2026-04-24 22:09:13.186774"
1703,1109,1,"active","monthly","2025-07-11",NULL,0.00,10.00,NULL,NULL,"2026-04-24 22:09:13.186774"
1704,1110,2,"cancelled","annual","2024-12-02","2025-01-29",10.00,0.00,"2024-12-16","Missing features","2026-04-24 22:09:13.186774"
1705,1111,4,"cancelled","monthly","2025-03-22","2025-09-12",39.00,0.00,"2025-04-05","Too expensive","2026-04-24 22:09:13.186774"
1706,1111,5,"active","annual","2025-09-12",NULL,49.17,0.00,NULL,NULL,"2026-04-24 22:09:13.186774"
1707,1112,3,"expired","monthly","2024-03-13","2024-06-22",19.00,0.00,"2024-03-27","Missing features","2026-04-24 22:09:13.186774"
1708,1112,1,"cancelled","annual","2024-06-22","2025-05-30",0.00,0.00,NULL,"Budget cuts","2026-04-24 22:09:13.186774"
1709,1113,5,"expired","annual","2025-09-10","2025-11-09",49.17,0.00,"2025-09-24","Company reorganization","2026-04-24 22:09:13.186774"
1710,1113,2,"paused","monthly","2025-11-09",NULL,12.00,0.00,NULL,NULL,"2026-04-24 22:09:13.186774"
1711,1114,1,"active","monthly","2023-05-17",NULL,0.00,10.00,NULL,NULL,"2026-04-24 22:09:13.186774"
1712,1115,1,"cancelled","monthly","2024-10-26","2025-02-06",0.00,0.00,NULL,"Budget cuts","2026-04-24 22:09:13.186774"
1713,1115,6,"active","annual","2025-02-06",NULL,82.50,0.00,NULL,NULL,"2026-04-24 22:09:13.186774"
1714,1116,1,"active","annual","2023-06-26",NULL,0.00,25.00,NULL,NULL,"2026-04-24 22:09:13.186774"
1715,1117,4,"active","monthly","2024-10-08",NULL,39.00,0.00,"2024-10-22",NULL,"2026-04-24 22:09:13.186774"
1716,1118,1,"active","monthly","2025-03-12",NULL,0.00,0.00,NULL,NULL,"2026-04-24 22:09:13.186774"
1717,1119,1,"cancelled","annual","2025-05-04","2025-06-06",0.00,0.00,NULL,"Company reorganization","2026-04-24 22:09:13.186774"
1718,1120,2,"active","annual","2023-01-02",NULL,10.00,0.00,"2023-01-16",NULL,"2026-04-24 22:09:13.186774"
1719,1121,4,"expired","monthly","2023-10-29","2024-03-09",39.00,0.00,"2023-11-12","Not using it","2026-04-24 22:09:13.186774"
1720,1121,7,"active","monthly","2024-03-09",NULL,199.00,0.00,NULL,NULL,"2026-04-24 22:09:13.186774"
1721,1122,3,"expired","annual","2024-06-25","2024-11-10",15.83,0.00,"2024-07-09","Missing features","2026-04-24 22:09:13.186774"
1722,1122,3,"expired","monthly","2024-11-10","2025-05-14",19.00,0.00,NULL,NULL,"2026-04-24 22:09:13.186774"
1723,1122,5,"active","monthly","2025-05-14",NULL,59.00,0.00,NULL,NULL,"2026-04-24 22:09:13.186774"
1724,1123,2,"cancelled","monthly","2025-04-30","2025-06-29",12.00,0.00,"2025-05-14","Switched competitor","2026-04-24 22:09:13.186774"
1725,1123,5,"active","monthly","2025-06-29",NULL,59.00,0.00,NULL,NULL,"2026-04-24 22:09:13.186774"
1726,1124,5,"active","annual","2024-04-12",NULL,49.17,0.00,"2024-04-26",NULL,"2026-04-24 22:09:13.186774"
1727,1125,4,"expired","monthly","2024-09-15","2025-06-11",39.00,0.00,"2024-09-29","Budget cuts","2026-04-24 22:09:13.186774"
1728,1125,3,"active","monthly","2025-06-11",NULL,19.00,0.00,NULL,NULL,"2026-04-24 22:09:13.186774"
1729,1126,2,"active","annual","2024-01-11",NULL,10.00,0.00,"2024-01-25",NULL,"2026-04-24 22:09:13.186774"
1730,1127,1,"active","annual","2025-05-14",NULL,0.00,0.00,NULL,NULL,"2026-04-24 22:09:13.186774"
1731,1128,5,"active","monthly","2023-10-13",NULL,59.00,0.00,"2023-10-27",NULL,"2026-04-24 22:09:13.186774"
1732,1129,3,"active","annual","2024-12-06",NULL,15.83,0.00,"2024-12-20",NULL,"2026-04-24 22:09:13.186774"
1733,1130,4,"active","monthly","2025-02-10",NULL,39.00,0.00,"2025-02-24",NULL,"2026-04-24 22:09:13.186774"
1734,1131,2,"expired","monthly","2024-08-06","2025-06-30",9.60,20.00,"2024-08-20","Company reorganization","2026-04-24 22:09:13.186774"
1735,1131,2,"cancelled","annual","2025-06-30","2024-10-09",8.50,15.00,NULL,"Budget cuts","2026-04-24 22:09:13.186774"
1736,1132,2,"cancelled","monthly","2023-08-21","2024-04-14",12.00,0.00,"2023-09-04","Budget cuts","2026-04-24 22:09:13.186774"
1737,1132,4,"expired","monthly","2024-04-14","2024-12-19",39.00,0.00,NULL,"Too expensive","2026-04-24 22:09:13.186774"
1738,1132,3,"active","monthly","2024-12-19",NULL,19.00,0.00,NULL,NULL,"2026-04-24 22:09:13.186774"
1739,1133,3,"active","annual","2023-03-26",NULL,15.83,0.00,"2023-04-09",NULL,"2026-04-24 22:09:13.186774"
1740,1134,1,"active","annual","2023-10-31",NULL,0.00,0.00,NULL,NULL,"2026-04-24 22:09:13.186774"
1741,1135,1,"expired","monthly","2024-03-21","2025-02-07",0.00,0.00,NULL,"Budget cuts","2026-04-24 22:09:13.186774"
1742,1135,1,"cancelled","monthly","2025-02-07","2025-05-02",0.00,0.00,NULL,"Not using it","2026-04-24 22:09:13.186774"
1744,1136,2,"active","monthly","2023-05-22",NULL,12.00,0.00,"2023-06-05",NULL,"2026-04-24 22:09:13.186774"
1745,1137,2,"expired","monthly","2024-09-06","2024-11-21",10.20,15.00,"2024-09-20","Too expensive","2026-04-24 22:09:13.186774"
1746,1137,5,"expired","annual","2024-11-21","2025-05-27",49.17,0.00,NULL,"Switched competitor","2026-04-24 22:09:13.186774"
1747,1137,7,"cancelled","monthly","2025-05-27","2025-04-05",199.00,0.00,NULL,"Budget cuts","2026-04-24 22:09:13.186774"
1748,1138,1,"cancelled","monthly","2023-03-27","2023-08-26",0.00,0.00,NULL,"Budget cuts","2026-04-24 22:09:13.186774"
1749,1138,4,"active","annual","2023-08-26",NULL,32.50,0.00,NULL,NULL,"2026-04-24 22:09:13.186774"
1750,1139,2,"active","monthly","2024-10-10",NULL,12.00,0.00,"2024-10-24",NULL,"2026-04-24 22:09:13.186774"
1751,1140,1,"active","annual","2024-02-07",NULL,0.00,0.00,NULL,NULL,"2026-04-24 22:09:13.186774"
1752,1141,3,"paused","annual","2024-09-18",NULL,15.83,0.00,"2024-10-02",NULL,"2026-04-24 22:09:13.186774"
1753,1142,3,"expired","annual","2023-12-15","2024-09-08",14.25,10.00,"2023-12-29","Budget cuts","2026-04-24 22:09:13.186774"
1754,1142,5,"cancelled","monthly","2024-09-08","2024-10-20",59.00,0.00,NULL,"Missing features","2026-04-24 22:09:13.186774"
1755,1143,5,"active","monthly","2025-03-07",NULL,59.00,0.00,"2025-03-21",NULL,"2026-04-24 22:09:13.186774"
1756,1144,3,"cancelled","annual","2023-03-16","2023-08-26",15.83,0.00,"2023-03-30","Budget cuts","2026-04-24 22:09:13.186774"
1757,1144,4,"expired","monthly","2023-08-26","2024-07-10",39.00,0.00,NULL,"Budget cuts","2026-04-24 22:09:13.186774"
1758,1144,5,"active","annual","2024-07-10",NULL,49.17,0.00,NULL,NULL,"2026-04-24 22:09:13.186774"
1759,1145,4,"active","monthly","2024-08-09",NULL,39.00,0.00,"2024-08-23",NULL,"2026-04-24 22:09:13.186774"
1760,1146,3,"active","monthly","2025-09-09",NULL,19.00,0.00,"2025-09-23",NULL,"2026-04-24 22:09:13.186774"
1761,1147,3,"active","monthly","2023-12-09",NULL,19.00,0.00,"2023-12-23",NULL,"2026-04-24 22:09:13.186774"
1762,1148,2,"active","monthly","2025-02-28",NULL,12.00,0.00,"2025-03-14",NULL,"2026-04-24 22:09:13.186774"
1763,1149,1,"active","monthly","2024-04-18",NULL,0.00,0.00,NULL,NULL,"2026-04-24 22:09:13.186774"
1764,1150,2,"expired","monthly","2025-03-25","2025-08-06",10.20,15.00,"2025-04-08","Budget cuts","2026-04-24 22:09:13.186774"
1765,1150,2,"cancelled","monthly","2025-08-06","2025-10-08",10.20,15.00,NULL,"Not using it","2026-04-24 22:09:13.186774"
1766,1150,6,"active","monthly","2025-10-08",NULL,99.00,0.00,NULL,NULL,"2026-04-24 22:09:13.186774"
1767,1151,2,"active","monthly","2023-04-25",NULL,12.00,0.00,"2023-05-09",NULL,"2026-04-24 22:09:13.186774"
1768,1152,2,"active","monthly","2023-02-15",NULL,12.00,0.00,"2023-03-01",NULL,"2026-04-24 22:09:13.186774"
1769,1153,1,"cancelled","monthly","2024-11-04","2025-06-21",0.00,0.00,NULL,NULL,"2026-04-24 22:09:13.186774"
1770,1154,2,"active","monthly","2023-04-01",NULL,12.00,0.00,"2023-04-15",NULL,"2026-04-24 22:09:13.186774"
1771,1155,3,"cancelled","annual","2024-12-28","2025-01-30",15.83,0.00,"2025-01-11","Not using it","2026-04-24 22:09:13.186774"
1772,1156,1,"active","monthly","2023-02-12",NULL,0.00,0.00,NULL,NULL,"2026-04-24 22:09:13.186774"
1773,1157,6,"active","monthly","2024-02-12",NULL,99.00,0.00,"2024-02-26",NULL,"2026-04-24 22:09:13.186774"
1774,1158,4,"cancelled","annual","2024-01-23","2024-06-28",32.50,0.00,"2024-02-06","Budget cuts","2026-04-24 22:09:13.186774"
1775,1158,4,"active","annual","2024-06-28",NULL,29.25,10.00,NULL,NULL,"2026-04-24 22:09:13.186774"
1776,1159,2,"cancelled","monthly","2023-07-27","2024-01-24",12.00,0.00,"2023-08-10","Too expensive","2026-04-24 22:09:13.186774"
1777,1159,3,"active","annual","2024-01-24",NULL,12.67,20.00,NULL,NULL,"2026-04-24 22:09:13.186774"
1778,1160,5,"paused","annual","2025-02-20",NULL,49.17,0.00,"2025-03-06",NULL,"2026-04-24 22:09:13.186774"
1779,1161,5,"cancelled","monthly","2024-01-21","2024-07-16",59.00,0.00,"2024-02-04","Switched competitor","2026-04-24 22:09:13.186774"
1780,1162,4,"cancelled","annual","2023-09-30","2024-03-20",32.50,0.00,"2023-10-14","Too expensive","2026-04-24 22:09:13.186774"
1781,1162,5,"cancelled","monthly","2024-03-20","2024-12-15",44.25,25.00,NULL,"Missing features","2026-04-24 22:09:13.186774"
1782,1162,3,"active","annual","2024-12-15",NULL,14.25,10.00,NULL,NULL,"2026-04-24 22:09:13.186774"
1783,1163,4,"active","monthly","2025-07-18",NULL,39.00,0.00,"2025-08-01",NULL,"2026-04-24 22:09:13.186774"
1784,1164,2,"active","monthly","2024-01-09",NULL,10.80,10.00,"2024-01-23",NULL,"2026-04-24 22:09:13.186774"
1785,1165,2,"active","annual","2024-04-23",NULL,10.00,0.00,"2024-05-07",NULL,"2026-04-24 22:09:13.186774"
1786,1166,1,"active","monthly","2024-01-05",NULL,0.00,0.00,NULL,NULL,"2026-04-24 22:09:13.186774"
1787,1167,2,"active","monthly","2025-04-14",NULL,12.00,0.00,"2025-04-28",NULL,"2026-04-24 22:09:13.186774"
1788,1168,3,"expired","annual","2025-01-04","2025-05-30",15.83,0.00,"2025-01-18",NULL,"2026-04-24 22:09:13.186774"
1789,1168,4,"active","monthly","2025-05-30",NULL,39.00,0.00,NULL,NULL,"2026-04-24 22:09:13.186774"
1790,1169,2,"active","monthly","2023-11-05",NULL,12.00,0.00,"2023-11-19",NULL,"2026-04-24 22:09:13.186774"
1791,1170,3,"cancelled","monthly","2023-05-26","2023-11-13",19.00,0.00,"2023-06-09","Switched competitor","2026-04-24 22:09:13.186774"
1792,1170,3,"expired","annual","2023-11-13","2024-09-13",15.83,0.00,NULL,NULL,"2026-04-24 22:09:13.186774"
1793,1170,4,"active","annual","2024-09-13",NULL,32.50,0.00,NULL,NULL,"2026-04-24 22:09:13.186774"
1794,1171,1,"active","monthly","2023-09-23",NULL,0.00,0.00,NULL,NULL,"2026-04-24 22:09:13.186774"
1795,1172,4,"active","annual","2024-08-14",NULL,32.50,0.00,"2024-08-28",NULL,"2026-04-24 22:09:13.186774"
1796,1173,5,"active","monthly","2025-08-16",NULL,59.00,0.00,"2025-08-30",NULL,"2026-04-24 22:09:13.186774"
1797,1174,1,"expired","monthly","2023-05-07","2023-09-01",0.00,25.00,NULL,"Budget cuts","2026-04-24 22:09:13.186774"
1798,1174,4,"expired","annual","2023-09-01","2024-01-16",32.50,0.00,NULL,"Budget cuts","2026-04-24 22:09:13.186774"
1799,1174,6,"active","annual","2024-01-16",NULL,82.50,0.00,NULL,NULL,"2026-04-24 22:09:13.186774"
1800,1175,1,"cancelled","annual","2023-07-10","2024-06-19",0.00,0.00,NULL,"Too expensive","2026-04-24 22:09:13.186774"
1801,1175,3,"cancelled","annual","2024-06-19","2025-02-01",15.83,0.00,NULL,"Too expensive","2026-04-24 22:09:13.186774"
1802,1175,7,"active","monthly","2025-02-01",NULL,199.00,0.00,NULL,NULL,"2026-04-24 22:09:13.186774"
1803,1176,1,"expired","monthly","2025-02-28","2025-05-03",0.00,0.00,NULL,NULL,"2026-04-24 22:09:13.186774"
1804,1176,1,"cancelled","annual","2025-05-03","2025-09-12",0.00,0.00,NULL,"Too expensive","2026-04-24 22:09:13.186774"
1805,1176,5,"active","annual","2025-09-12",NULL,49.17,0.00,NULL,NULL,"2026-04-24 22:09:13.186774"
1806,1177,1,"expired","annual","2024-03-09","2024-06-03",0.00,0.00,NULL,NULL,"2026-04-24 22:09:13.186774"
1807,1177,3,"expired","annual","2024-06-03","2025-03-17",15.83,0.00,NULL,"Missing features","2026-04-24 22:09:13.186774"
1808,1177,6,"active","annual","2025-03-17",NULL,82.50,0.00,NULL,NULL,"2026-04-24 22:09:13.186774"
1809,1178,1,"cancelled","monthly","2025-04-06","2025-10-18",0.00,20.00,NULL,"Company reorganization","2026-04-24 22:09:13.186774"
1810,1179,2,"expired","annual","2025-09-13","2025-11-13",9.00,10.00,"2025-09-27","Switched competitor","2026-04-24 22:09:13.186774"
1811,1179,5,"active","monthly","2025-11-13",NULL,59.00,0.00,NULL,NULL,"2026-04-24 22:09:13.186774"
1812,1180,1,"active","monthly","2025-07-30",NULL,0.00,0.00,NULL,NULL,"2026-04-24 22:09:13.186774"
1813,1181,2,"cancelled","annual","2024-01-22","2025-06-14",10.00,0.00,"2024-02-05","Not using it","2026-04-24 22:09:13.186774"
1814,1182,2,"cancelled","monthly","2023-11-28","2024-06-23",12.00,0.00,"2023-12-12","Company reorganization","2026-04-24 22:09:13.186774"
1815,1182,2,"cancelled","annual","2024-06-23","2025-05-23",8.50,15.00,NULL,"Too expensive","2026-04-24 22:09:13.186774"
1816,1183,5,"active","annual","2023-11-18",NULL,44.25,10.00,"2023-12-02",NULL,"2026-04-24 22:09:13.186774"
1817,1184,2,"active","annual","2024-08-02",NULL,8.00,20.00,"2024-08-16",NULL,"2026-04-24 22:09:13.186774"
1818,1185,3,"active","annual","2025-06-06",NULL,15.83,0.00,"2025-06-20",NULL,"2026-04-24 22:09:13.186774"
1819,1186,3,"active","monthly","2024-08-02",NULL,19.00,0.00,"2024-08-16",NULL,"2026-04-24 22:09:13.186774"
1820,1187,3,"cancelled","annual","2024-07-01","2024-09-17",15.83,0.00,"2024-07-15","Too expensive","2026-04-24 22:09:13.186774"
1821,1187,2,"active","annual","2024-09-17",NULL,10.00,0.00,NULL,NULL,"2026-04-24 22:09:13.186774"
1822,1188,3,"cancelled","monthly","2024-09-09","2025-08-04",19.00,0.00,"2024-09-23",NULL,"2026-04-24 22:09:13.186774"
1823,1189,5,"active","monthly","2023-10-17",NULL,59.00,0.00,"2023-10-31",NULL,"2026-04-24 22:09:13.186774"
1824,1190,6,"active","annual","2024-08-09",NULL,74.25,10.00,"2024-08-23",NULL,"2026-04-24 22:09:13.186774"
1825,1191,2,"active","annual","2025-09-12",NULL,8.50,15.00,"2025-09-26",NULL,"2026-04-24 22:09:13.186774"
1826,1192,2,"active","monthly","2023-08-29",NULL,12.00,0.00,"2023-09-12",NULL,"2026-04-24 22:09:13.186774"
1827,1193,1,"cancelled","monthly","2025-06-14","2025-10-23",0.00,0.00,NULL,"Missing features","2026-04-24 22:09:13.186774"
1828,1193,3,"active","annual","2025-10-23",NULL,15.83,0.00,NULL,NULL,"2026-04-24 22:09:13.186774"
1829,1194,2,"active","monthly","2025-08-25",NULL,12.00,0.00,"2025-09-08",NULL,"2026-04-24 22:09:13.186774"
1830,1195,1,"active","annual","2024-06-29",NULL,0.00,0.00,NULL,NULL,"2026-04-24 22:09:13.186774"
1831,1196,1,"cancelled","annual","2023-11-05","2024-06-04",0.00,0.00,NULL,"Not using it","2026-04-24 22:09:13.186774"
1832,1196,5,"active","monthly","2024-06-04",NULL,59.00,0.00,NULL,NULL,"2026-04-24 22:09:13.186774"
1833,1197,3,"cancelled","annual","2023-02-25","2024-02-18",15.83,0.00,"2023-03-11","Not using it","2026-04-24 22:09:13.186774"
1834,1197,2,"active","monthly","2024-02-18",NULL,12.00,0.00,NULL,NULL,"2026-04-24 22:09:13.186774"
1835,1198,1,"active","annual","2023-12-12",NULL,0.00,0.00,NULL,NULL,"2026-04-24 22:09:13.186774"
1836,1199,3,"expired","annual","2023-08-15","2024-05-26",11.88,25.00,"2023-08-29","Budget cuts","2026-04-24 22:09:13.186774"
1837,1199,3,"cancelled","annual","2024-05-26","2024-08-25",15.83,0.00,NULL,NULL,"2026-04-24 22:09:13.186774"
1838,1200,1,"expired","monthly","2023-09-29","2024-03-03",0.00,10.00,NULL,"Not using it","2026-04-24 22:09:13.186774"
1839,1200,5,"cancelled","monthly","2024-03-03","2024-11-25",53.10,10.00,NULL,"Too expensive","2026-04-24 22:09:13.186774"
1840,1200,3,"active","monthly","2024-11-25",NULL,19.00,0.00,NULL,NULL,"2026-04-24 22:09:13.186774"
